2026-07-21 22:16:40,687 INFO    apscheduler.executors.default: Running job "_run_matcher_job (trigger: interval[0:00:20], next run at: 2026-07-21 22:17:00 CEST)" (scheduled at 2026-07-21 22:16:40.686898+02:00)
2026-07-21 22:16:44,752 ERROR   dafstudio: [matcher cron] run failed
Traceback (most recent call last):
  File "C:\apps\personal\DAFStudio\backend\loader_app.py", line 58, in _run_matcher_job
    await Matcher().run()
  File "C:\apps\personal\DAFStudio\backend\apps\matchmaking\service\matcher.py", line 138, in run
    await self.expire_stale()
  File "C:\apps\personal\DAFStudio\backend\apps\matchmaking\service\matcher.py", line 149, in expire_stale
    game_ids = await MatchmakingTicketModel().list_stale_game_ids(
               ^^^^^^^^^^^^^^^^^^^^^^^^^^^^^^^^^^^^^^^^^^^^^^^^^^^
        timeout_seconds=ACCEPTANCE_TIMEOUT_SECONDS
        ^^^^^^^^^^^^^^^^^^^^^^^^^^^^^^^^^^^^^^^^^^
    )
    ^
  File "C:\apps\personal\DAFStudio\backend\apps\matchmaking\models\models.py", line 229, in list_stale_game_ids
    async with self.get_db_connection() as connection:
               ~~~~~~~~~~~~~~~~~~~~~~^^
  File "C:\Users\agust\AppData\Roaming\uv\python\cpython-3.14-windows-x86_64-none\Lib\contextlib.py", line 214, in __aenter__
    return await anext(self.gen)
           ^^^^^^^^^^^^^^^^^^^^^
  File "C:\apps\personal\DAFStudio\backend\apps\matchmaking\models\__init__.py", line 16, in get_db_connection
    async with connection_pool.acquire() as connection:
               ~~~~~~~~~~~~~~~~~~~~~~~^^
  File "C:\apps\personal\DAFStudio\backend\.venv\Lib\site-packages\asyncpg\pool.py", line 1056, in __aenter__
    self.connection = await self.pool._acquire(self.timeout)
                      ^^^^^^^^^^^^^^^^^^^^^^^^^^^^^^^^^^^^^^
  File "C:\apps\personal\DAFStudio\backend\.venv\Lib\site-packages\asyncpg\pool.py", line 896, in _acquire
    return await _acquire_impl()
           ^^^^^^^^^^^^^^^^^^^^^
  File "C:\apps\personal\DAFStudio\backend\.venv\Lib\site-packages\asyncpg\pool.py", line 881, in _acquire_impl
    proxy = await ch.acquire()  # type: PoolConnectionProxy
            ^^^^^^^^^^^^^^^^^^
  File "C:\apps\personal\DAFStudio\backend\.venv\Lib\site-packages\asyncpg\pool.py", line 161, in acquire
    await self.connect()
  File "C:\apps\personal\DAFStudio\backend\.venv\Lib\site-packages\asyncpg\pool.py", line 153, in connect
    self._con = await self._pool._get_new_connection()
                ^^^^^^^^^^^^^^^^^^^^^^^^^^^^^^^^^^^^^^
  File "C:\apps\personal\DAFStudio\backend\.venv\Lib\site-packages\asyncpg\pool.py", line 538, in _get_new_connection
    con = await self._connect(
          ^^^^^^^^^^^^^^^^^^^^
    ...<5 lines>...
    )
    ^
  File "C:\apps\personal\DAFStudio\backend\.venv\Lib\site-packages\asyncpg\connection.py", line 2443, in connect
    return await connect_utils._connect(
           ^^^^^^^^^^^^^^^^^^^^^^^^^^^^^
    ...<22 lines>...
    )
    ^
  File "C:\apps\personal\DAFStudio\backend\.venv\Lib\site-packages\asyncpg\connect_utils.py", line 1249, in _connect
    raise last_error or exceptions.TargetServerAttributeNotMatched(
    ...<2 lines>...
    )
  File "C:\apps\personal\DAFStudio\backend\.venv\Lib\site-packages\asyncpg\connect_utils.py", line 1218, in _connect
    conn = await _connect_addr(
           ^^^^^^^^^^^^^^^^^^^^
    ...<6 lines>...
    )
    ^
  File "C:\apps\personal\DAFStudio\backend\.venv\Lib\site-packages\asyncpg\connect_utils.py", line 1054, in _connect_addr
    return await __connect_addr(params, True, *args)
           ^^^^^^^^^^^^^^^^^^^^^^^^^^^^^^^^^^^^^^^^^
  File "C:\apps\personal\DAFStudio\backend\.venv\Lib\site-packages\asyncpg\connect_utils.py", line 1099, in __connect_addr
    tr, pr = await connector
             ^^^^^^^^^^^^^^^
  File "C:\apps\personal\DAFStudio\backend\.venv\Lib\site-packages\asyncpg\connect_utils.py", line 969, in _create_ssl_connection
    tr, pr = await loop.create_connection(
             ^^^^^^^^^^^^^^^^^^^^^^^^^^^^^
    ...<2 lines>...
        host, port)
        ^^^^^^^^^^^
  File "C:\Users\agust\AppData\Roaming\uv\python\cpython-3.14-windows-x86_64-none\Lib\asyncio\base_events.py", line 1176, in create_connection
    raise OSError('Multiple exceptions: {}'.format(
        ', '.join(str(exc) for exc in exceptions)))
OSError: Multiple exceptions: [Errno 10061] Connect call failed ('::1', 5432, 0, 0), [Errno 10061] Connect call failed ('127.0.0.1', 5432)
2026-07-21 22:16:44,754 INFO    apscheduler.executors.default: Job "_run_matcher_job (trigger: interval[0:00:20], next run at: 2026-07-21 22:17:00 CEST)" executed successfully
2026-07-21 22:16:51,955 INFO    apscheduler.executors.default: Running job "_run_matcher_job (trigger: interval[0:00:20], next run at: 2026-07-21 22:17:11 CEST)" (scheduled at 2026-07-21 22:16:51.951514+02:00)
2026-07-21 22:16:56,032 ERROR   dafstudio: [matcher cron] run failed
Traceback (most recent call last):
  File "C:\apps\personal\DAFStudio\backend\loader_app.py", line 58, in _run_matcher_job
    await Matcher().run()
  File "C:\apps\personal\DAFStudio\backend\apps\matchmaking\service\matcher.py", line 138, in run
    await self.expire_stale()
  File "C:\apps\personal\DAFStudio\backend\apps\matchmaking\service\matcher.py", line 149, in expire_stale
    game_ids = await MatchmakingTicketModel().list_stale_game_ids(
               ^^^^^^^^^^^^^^^^^^^^^^^^^^^^^^^^^^^^^^^^^^^^^^^^^^^
        timeout_seconds=ACCEPTANCE_TIMEOUT_SECONDS
        ^^^^^^^^^^^^^^^^^^^^^^^^^^^^^^^^^^^^^^^^^^
    )
    ^
  File "C:\apps\personal\DAFStudio\backend\apps\matchmaking\models\models.py", line 229, in list_stale_game_ids
    async with self.get_db_connection() as connection:
               ~~~~~~~~~~~~~~~~~~~~~~^^
  File "C:\Users\agust\AppData\Roaming\uv\python\cpython-3.14-windows-x86_64-none\Lib\contextlib.py", line 214, in __aenter__
    return await anext(self.gen)
           ^^^^^^^^^^^^^^^^^^^^^
  File "C:\apps\personal\DAFStudio\backend\apps\matchmaking\models\__init__.py", line 16, in get_db_connection
    async with connection_pool.acquire() as connection:
               ~~~~~~~~~~~~~~~~~~~~~~~^^
  File "C:\apps\personal\DAFStudio\backend\.venv\Lib\site-packages\asyncpg\pool.py", line 1056, in __aenter__
    self.connection = await self.pool._acquire(self.timeout)
                      ^^^^^^^^^^^^^^^^^^^^^^^^^^^^^^^^^^^^^^
  File "C:\apps\personal\DAFStudio\backend\.venv\Lib\site-packages\asyncpg\pool.py", line 896, in _acquire
    return await _acquire_impl()
           ^^^^^^^^^^^^^^^^^^^^^
  File "C:\apps\personal\DAFStudio\backend\.venv\Lib\site-packages\asyncpg\pool.py", line 881, in _acquire_impl
    proxy = await ch.acquire()  # type: PoolConnectionProxy
            ^^^^^^^^^^^^^^^^^^
  File "C:\apps\personal\DAFStudio\backend\.venv\Lib\site-packages\asyncpg\pool.py", line 161, in acquire
    await self.connect()
  File "C:\apps\personal\DAFStudio\backend\.venv\Lib\site-packages\asyncpg\pool.py", line 153, in connect
    self._con = await self._pool._get_new_connection()
                ^^^^^^^^^^^^^^^^^^^^^^^^^^^^^^^^^^^^^^
  File "C:\apps\personal\DAFStudio\backend\.venv\Lib\site-packages\asyncpg\pool.py", line 538, in _get_new_connection
    con = await self._connect(
          ^^^^^^^^^^^^^^^^^^^^
    ...<5 lines>...
    )
    ^
  File "C:\apps\personal\DAFStudio\backend\.venv\Lib\site-packages\asyncpg\connection.py", line 2443, in connect
    return await connect_utils._connect(
           ^^^^^^^^^^^^^^^^^^^^^^^^^^^^^
    ...<22 lines>...
    )
    ^
  File "C:\apps\personal\DAFStudio\backend\.venv\Lib\site-packages\asyncpg\connect_utils.py", line 1249, in _connect
    raise last_error or exceptions.TargetServerAttributeNotMatched(
    ...<2 lines>...
    )
  File "C:\apps\personal\DAFStudio\backend\.venv\Lib\site-packages\asyncpg\connect_utils.py", line 1218, in _connect
    conn = await _connect_addr(
           ^^^^^^^^^^^^^^^^^^^^
    ...<6 lines>...
    )
    ^
  File "C:\apps\personal\DAFStudio\backend\.venv\Lib\site-packages\asyncpg\connect_utils.py", line 1054, in _connect_addr
    return await __connect_addr(params, True, *args)
           ^^^^^^^^^^^^^^^^^^^^^^^^^^^^^^^^^^^^^^^^^
  File "C:\apps\personal\DAFStudio\backend\.venv\Lib\site-packages\asyncpg\connect_utils.py", line 1099, in __connect_addr
    tr, pr = await connector
             ^^^^^^^^^^^^^^^
  File "C:\apps\personal\DAFStudio\backend\.venv\Lib\site-packages\asyncpg\connect_utils.py", line 969, in _create_ssl_connection
    tr, pr = await loop.create_connection(
             ^^^^^^^^^^^^^^^^^^^^^^^^^^^^^
    ...<2 lines>...
        host, port)
        ^^^^^^^^^^^
  File "C:\Users\agust\AppData\Roaming\uv\python\cpython-3.14-windows-x86_64-none\Lib\asyncio\base_events.py", line 1176, in create_connection
    raise OSError('Multiple exceptions: {}'.format(
        ', '.join(str(exc) for exc in exceptions)))
OSError: Multiple exceptions: [Errno 10061] Connect call failed ('::1', 5432, 0, 0), [Errno 10061] Connect call failed ('127.0.0.1', 5432)
2026-07-21 22:16:56,033 INFO    apscheduler.executors.default: Job "_run_matcher_job (trigger: interval[0:00:20], next run at: 2026-07-21 22:17:11 CEST)" executed successfully
2026-07-21 22:17:00,689 INFO    apscheduler.executors.default: Running job "_run_matcher_job (trigger: interval[0:00:20], next run at: 2026-07-21 22:17:20 CEST)" (scheduled at 2026-07-21 22:17:00.686898+02:00)
2026-07-21 22:17:04,744 ERROR   dafstudio: [matcher cron] run failed
Traceback (most recent call last):
  File "C:\apps\personal\DAFStudio\backend\loader_app.py", line 58, in _run_matcher_job
    await Matcher().run()
  File "C:\apps\personal\DAFStudio\backend\apps\matchmaking\service\matcher.py", line 138, in run
    await self.expire_stale()
  File "C:\apps\personal\DAFStudio\backend\apps\matchmaking\service\matcher.py", line 149, in expire_stale
    game_ids = await MatchmakingTicketModel().list_stale_game_ids(
               ^^^^^^^^^^^^^^^^^^^^^^^^^^^^^^^^^^^^^^^^^^^^^^^^^^^
        timeout_seconds=ACCEPTANCE_TIMEOUT_SECONDS
        ^^^^^^^^^^^^^^^^^^^^^^^^^^^^^^^^^^^^^^^^^^
    )
    ^
  File "C:\apps\personal\DAFStudio\backend\apps\matchmaking\models\models.py", line 229, in list_stale_game_ids
    async with self.get_db_connection() as connection:
               ~~~~~~~~~~~~~~~~~~~~~~^^
  File "C:\Users\agust\AppData\Roaming\uv\python\cpython-3.14-windows-x86_64-none\Lib\contextlib.py", line 214, in __aenter__
    return await anext(self.gen)
           ^^^^^^^^^^^^^^^^^^^^^
  File "C:\apps\personal\DAFStudio\backend\apps\matchmaking\models\__init__.py", line 16, in get_db_connection
    async with connection_pool.acquire() as connection:
               ~~~~~~~~~~~~~~~~~~~~~~~^^
  File "C:\apps\personal\DAFStudio\backend\.venv\Lib\site-packages\asyncpg\pool.py", line 1056, in __aenter__
    self.connection = await self.pool._acquire(self.timeout)
                      ^^^^^^^^^^^^^^^^^^^^^^^^^^^^^^^^^^^^^^
  File "C:\apps\personal\DAFStudio\backend\.venv\Lib\site-packages\asyncpg\pool.py", line 896, in _acquire
    return await _acquire_impl()
           ^^^^^^^^^^^^^^^^^^^^^
  File "C:\apps\personal\DAFStudio\backend\.venv\Lib\site-packages\asyncpg\pool.py", line 881, in _acquire_impl
    proxy = await ch.acquire()  # type: PoolConnectionProxy
            ^^^^^^^^^^^^^^^^^^
  File "C:\apps\personal\DAFStudio\backend\.venv\Lib\site-packages\asyncpg\pool.py", line 161, in acquire
    await self.connect()
  File "C:\apps\personal\DAFStudio\backend\.venv\Lib\site-packages\asyncpg\pool.py", line 153, in connect
    self._con = await self._pool._get_new_connection()
                ^^^^^^^^^^^^^^^^^^^^^^^^^^^^^^^^^^^^^^
  File "C:\apps\personal\DAFStudio\backend\.venv\Lib\site-packages\asyncpg\pool.py", line 538, in _get_new_connection
    con = await self._connect(
          ^^^^^^^^^^^^^^^^^^^^
    ...<5 lines>...
    )
    ^
  File "C:\apps\personal\DAFStudio\backend\.venv\Lib\site-packages\asyncpg\connection.py", line 2443, in connect
    return await connect_utils._connect(
           ^^^^^^^^^^^^^^^^^^^^^^^^^^^^^
    ...<22 lines>...
    )
    ^
  File "C:\apps\personal\DAFStudio\backend\.venv\Lib\site-packages\asyncpg\connect_utils.py", line 1249, in _connect
    raise last_error or exceptions.TargetServerAttributeNotMatched(
    ...<2 lines>...
    )
  File "C:\apps\personal\DAFStudio\backend\.venv\Lib\site-packages\asyncpg\connect_utils.py", line 1218, in _connect
    conn = await _connect_addr(
           ^^^^^^^^^^^^^^^^^^^^
    ...<6 lines>...
    )
    ^
  File "C:\apps\personal\DAFStudio\backend\.venv\Lib\site-packages\asyncpg\connect_utils.py", line 1054, in _connect_addr
    return await __connect_addr(params, True, *args)
           ^^^^^^^^^^^^^^^^^^^^^^^^^^^^^^^^^^^^^^^^^
  File "C:\apps\personal\DAFStudio\backend\.venv\Lib\site-packages\asyncpg\connect_utils.py", line 1099, in __connect_addr
    tr, pr = await connector
             ^^^^^^^^^^^^^^^
  File "C:\apps\personal\DAFStudio\backend\.venv\Lib\site-packages\asyncpg\connect_utils.py", line 969, in _create_ssl_connection
    tr, pr = await loop.create_connection(
             ^^^^^^^^^^^^^^^^^^^^^^^^^^^^^
    ...<2 lines>...
        host, port)
        ^^^^^^^^^^^
  File "C:\Users\agust\AppData\Roaming\uv\python\cpython-3.14-windows-x86_64-none\Lib\asyncio\base_events.py", line 1176, in create_connection
    raise OSError('Multiple exceptions: {}'.format(
        ', '.join(str(exc) for exc in exceptions)))
OSError: Multiple exceptions: [Errno 10061] Connect call failed ('::1', 5432, 0, 0), [Errno 10061] Connect call failed ('127.0.0.1', 5432)
2026-07-21 22:17:04,746 INFO    apscheduler.executors.default: Job "_run_matcher_job (trigger: interval[0:00:20], next run at: 2026-07-21 22:17:20 CEST)" executed successfully
2026-07-21 22:17:11,963 INFO    apscheduler.executors.default: Running job "_run_matcher_job (trigger: interval[0:00:20], next run at: 2026-07-21 22:17:31 CEST)" (scheduled at 2026-07-21 22:17:11.951514+02:00)
2026-07-21 22:17:16,025 ERROR   dafstudio: [matcher cron] run failed
Traceback (most recent call last):
  File "C:\apps\personal\DAFStudio\backend\loader_app.py", line 58, in _run_matcher_job
    await Matcher().run()
  File "C:\apps\personal\DAFStudio\backend\apps\matchmaking\service\matcher.py", line 138, in run
    await self.expire_stale()
  File "C:\apps\personal\DAFStudio\backend\apps\matchmaking\service\matcher.py", line 149, in expire_stale
    game_ids = await MatchmakingTicketModel().list_stale_game_ids(
               ^^^^^^^^^^^^^^^^^^^^^^^^^^^^^^^^^^^^^^^^^^^^^^^^^^^
        timeout_seconds=ACCEPTANCE_TIMEOUT_SECONDS
        ^^^^^^^^^^^^^^^^^^^^^^^^^^^^^^^^^^^^^^^^^^
    )
    ^
  File "C:\apps\personal\DAFStudio\backend\apps\matchmaking\models\models.py", line 229, in list_stale_game_ids
    async with self.get_db_connection() as connection:
               ~~~~~~~~~~~~~~~~~~~~~~^^
  File "C:\Users\agust\AppData\Roaming\uv\python\cpython-3.14-windows-x86_64-none\Lib\contextlib.py", line 214, in __aenter__
    return await anext(self.gen)
           ^^^^^^^^^^^^^^^^^^^^^
  File "C:\apps\personal\DAFStudio\backend\apps\matchmaking\models\__init__.py", line 16, in get_db_connection
    async with connection_pool.acquire() as connection:
               ~~~~~~~~~~~~~~~~~~~~~~~^^
  File "C:\apps\personal\DAFStudio\backend\.venv\Lib\site-packages\asyncpg\pool.py", line 1056, in __aenter__
    self.connection = await self.pool._acquire(self.timeout)
                      ^^^^^^^^^^^^^^^^^^^^^^^^^^^^^^^^^^^^^^
  File "C:\apps\personal\DAFStudio\backend\.venv\Lib\site-packages\asyncpg\pool.py", line 896, in _acquire
    return await _acquire_impl()
           ^^^^^^^^^^^^^^^^^^^^^
  File "C:\apps\personal\DAFStudio\backend\.venv\Lib\site-packages\asyncpg\pool.py", line 881, in _acquire_impl
    proxy = await ch.acquire()  # type: PoolConnectionProxy
            ^^^^^^^^^^^^^^^^^^
  File "C:\apps\personal\DAFStudio\backend\.venv\Lib\site-packages\asyncpg\pool.py", line 161, in acquire
    await self.connect()
  File "C:\apps\personal\DAFStudio\backend\.venv\Lib\site-packages\asyncpg\pool.py", line 153, in connect
    self._con = await self._pool._get_new_connection()
                ^^^^^^^^^^^^^^^^^^^^^^^^^^^^^^^^^^^^^^
  File "C:\apps\personal\DAFStudio\backend\.venv\Lib\site-packages\asyncpg\pool.py", line 538, in _get_new_connection
    con = await self._connect(
          ^^^^^^^^^^^^^^^^^^^^
    ...<5 lines>...
    )
    ^
  File "C:\apps\personal\DAFStudio\backend\.venv\Lib\site-packages\asyncpg\connection.py", line 2443, in connect
    return await connect_utils._connect(
           ^^^^^^^^^^^^^^^^^^^^^^^^^^^^^
    ...<22 lines>...
    )
    ^
  File "C:\apps\personal\DAFStudio\backend\.venv\Lib\site-packages\asyncpg\connect_utils.py", line 1249, in _connect
    raise last_error or exceptions.TargetServerAttributeNotMatched(
    ...<2 lines>...
    )
  File "C:\apps\personal\DAFStudio\backend\.venv\Lib\site-packages\asyncpg\connect_utils.py", line 1218, in _connect
    conn = await _connect_addr(
           ^^^^^^^^^^^^^^^^^^^^
    ...<6 lines>...
    )
    ^
  File "C:\apps\personal\DAFStudio\backend\.venv\Lib\site-packages\asyncpg\connect_utils.py", line 1054, in _connect_addr
    return await __connect_addr(params, True, *args)
           ^^^^^^^^^^^^^^^^^^^^^^^^^^^^^^^^^^^^^^^^^
  File "C:\apps\personal\DAFStudio\backend\.venv\Lib\site-packages\asyncpg\connect_utils.py", line 1099, in __connect_addr
    tr, pr = await connector
             ^^^^^^^^^^^^^^^
  File "C:\apps\personal\DAFStudio\backend\.venv\Lib\site-packages\asyncpg\connect_utils.py", line 969, in _create_ssl_connection
    tr, pr = await loop.create_connection(
             ^^^^^^^^^^^^^^^^^^^^^^^^^^^^^
    ...<2 lines>...
        host, port)
        ^^^^^^^^^^^
  File "C:\Users\agust\AppData\Roaming\uv\python\cpython-3.14-windows-x86_64-none\Lib\asyncio\base_events.py", line 1176, in create_connection
    raise OSError('Multiple exceptions: {}'.format(
        ', '.join(str(exc) for exc in exceptions)))
OSError: Multiple exceptions: [Errno 10061] Connect call failed ('::1', 5432, 0, 0), [Errno 10061] Connect call failed ('127.0.0.1', 5432)
2026-07-21 22:17:16,027 INFO    apscheduler.executors.default: Job "_run_matcher_job (trigger: interval[0:00:20], next run at: 2026-07-21 22:17:31 CEST)" executed successfully
2026-07-21 22:17:20,701 INFO    apscheduler.executors.default: Running job "_run_matcher_job (trigger: interval[0:00:20], next run at: 2026-07-21 22:17:40 CEST)" (scheduled at 2026-07-21 22:17:20.686898+02:00)
2026-07-21 22:17:24,790 ERROR   dafstudio: [matcher cron] run failed
Traceback (most recent call last):
  File "C:\apps\personal\DAFStudio\backend\loader_app.py", line 58, in _run_matcher_job
    await Matcher().run()
  File "C:\apps\personal\DAFStudio\backend\apps\matchmaking\service\matcher.py", line 138, in run
    await self.expire_stale()
  File "C:\apps\personal\DAFStudio\backend\apps\matchmaking\service\matcher.py", line 149, in expire_stale
    game_ids = await MatchmakingTicketModel().list_stale_game_ids(
               ^^^^^^^^^^^^^^^^^^^^^^^^^^^^^^^^^^^^^^^^^^^^^^^^^^^
        timeout_seconds=ACCEPTANCE_TIMEOUT_SECONDS
        ^^^^^^^^^^^^^^^^^^^^^^^^^^^^^^^^^^^^^^^^^^
    )
    ^
  File "C:\apps\personal\DAFStudio\backend\apps\matchmaking\models\models.py", line 229, in list_stale_game_ids
    async with self.get_db_connection() as connection:
               ~~~~~~~~~~~~~~~~~~~~~~^^
  File "C:\Users\agust\AppData\Roaming\uv\python\cpython-3.14-windows-x86_64-none\Lib\contextlib.py", line 214, in __aenter__
    return await anext(self.gen)
           ^^^^^^^^^^^^^^^^^^^^^
  File "C:\apps\personal\DAFStudio\backend\apps\matchmaking\models\__init__.py", line 16, in get_db_connection
    async with connection_pool.acquire() as connection:
               ~~~~~~~~~~~~~~~~~~~~~~~^^
  File "C:\apps\personal\DAFStudio\backend\.venv\Lib\site-packages\asyncpg\pool.py", line 1056, in __aenter__
    self.connection = await self.pool._acquire(self.timeout)
                      ^^^^^^^^^^^^^^^^^^^^^^^^^^^^^^^^^^^^^^
  File "C:\apps\personal\DAFStudio\backend\.venv\Lib\site-packages\asyncpg\pool.py", line 896, in _acquire
    return await _acquire_impl()
           ^^^^^^^^^^^^^^^^^^^^^
  File "C:\apps\personal\DAFStudio\backend\.venv\Lib\site-packages\asyncpg\pool.py", line 881, in _acquire_impl
    proxy = await ch.acquire()  # type: PoolConnectionProxy
            ^^^^^^^^^^^^^^^^^^
  File "C:\apps\personal\DAFStudio\backend\.venv\Lib\site-packages\asyncpg\pool.py", line 161, in acquire
    await self.connect()
  File "C:\apps\personal\DAFStudio\backend\.venv\Lib\site-packages\asyncpg\pool.py", line 153, in connect
    self._con = await self._pool._get_new_connection()
                ^^^^^^^^^^^^^^^^^^^^^^^^^^^^^^^^^^^^^^
  File "C:\apps\personal\DAFStudio\backend\.venv\Lib\site-packages\asyncpg\pool.py", line 538, in _get_new_connection
    con = await self._connect(
          ^^^^^^^^^^^^^^^^^^^^
    ...<5 lines>...
    )
    ^
  File "C:\apps\personal\DAFStudio\backend\.venv\Lib\site-packages\asyncpg\connection.py", line 2443, in connect
    return await connect_utils._connect(
           ^^^^^^^^^^^^^^^^^^^^^^^^^^^^^
    ...<22 lines>...
    )
    ^
  File "C:\apps\personal\DAFStudio\backend\.venv\Lib\site-packages\asyncpg\connect_utils.py", line 1249, in _connect
    raise last_error or exceptions.TargetServerAttributeNotMatched(
    ...<2 lines>...
    )
  File "C:\apps\personal\DAFStudio\backend\.venv\Lib\site-packages\asyncpg\connect_utils.py", line 1218, in _connect
    conn = await _connect_addr(
           ^^^^^^^^^^^^^^^^^^^^
    ...<6 lines>...
    )
    ^
  File "C:\apps\personal\DAFStudio\backend\.venv\Lib\site-packages\asyncpg\connect_utils.py", line 1054, in _connect_addr
    return await __connect_addr(params, True, *args)
           ^^^^^^^^^^^^^^^^^^^^^^^^^^^^^^^^^^^^^^^^^
  File "C:\apps\personal\DAFStudio\backend\.venv\Lib\site-packages\asyncpg\connect_utils.py", line 1099, in __connect_addr
    tr, pr = await connector
             ^^^^^^^^^^^^^^^
  File "C:\apps\personal\DAFStudio\backend\.venv\Lib\site-packages\asyncpg\connect_utils.py", line 969, in _create_ssl_connection
    tr, pr = await loop.create_connection(
             ^^^^^^^^^^^^^^^^^^^^^^^^^^^^^
    ...<2 lines>...
        host, port)
        ^^^^^^^^^^^
  File "C:\Users\agust\AppData\Roaming\uv\python\cpython-3.14-windows-x86_64-none\Lib\asyncio\base_events.py", line 1176, in create_connection
    raise OSError('Multiple exceptions: {}'.format(
        ', '.join(str(exc) for exc in exceptions)))
OSError: Multiple exceptions: [Errno 10061] Connect call failed ('::1', 5432, 0, 0), [Errno 10061] Connect call failed ('127.0.0.1', 5432)
2026-07-21 22:17:24,791 INFO    apscheduler.executors.default: Job "_run_matcher_job (trigger: interval[0:00:20], next run at: 2026-07-21 22:17:40 CEST)" executed successfully
2026-07-21 22:17:31,956 INFO    apscheduler.executors.default: Running job "_run_matcher_job (trigger: interval[0:00:20], next run at: 2026-07-21 22:17:51 CEST)" (scheduled at 2026-07-21 22:17:31.951514+02:00)
2026-07-21 22:17:36,020 ERROR   dafstudio: [matcher cron] run failed
Traceback (most recent call last):
  File "C:\apps\personal\DAFStudio\backend\loader_app.py", line 58, in _run_matcher_job
    await Matcher().run()
  File "C:\apps\personal\DAFStudio\backend\apps\matchmaking\service\matcher.py", line 138, in run
    await self.expire_stale()
  File "C:\apps\personal\DAFStudio\backend\apps\matchmaking\service\matcher.py", line 149, in expire_stale
    game_ids = await MatchmakingTicketModel().list_stale_game_ids(
               ^^^^^^^^^^^^^^^^^^^^^^^^^^^^^^^^^^^^^^^^^^^^^^^^^^^
        timeout_seconds=ACCEPTANCE_TIMEOUT_SECONDS
        ^^^^^^^^^^^^^^^^^^^^^^^^^^^^^^^^^^^^^^^^^^
    )
    ^
  File "C:\apps\personal\DAFStudio\backend\apps\matchmaking\models\models.py", line 229, in list_stale_game_ids
    async with self.get_db_connection() as connection:
               ~~~~~~~~~~~~~~~~~~~~~~^^
  File "C:\Users\agust\AppData\Roaming\uv\python\cpython-3.14-windows-x86_64-none\Lib\contextlib.py", line 214, in __aenter__
    return await anext(self.gen)
           ^^^^^^^^^^^^^^^^^^^^^
  File "C:\apps\personal\DAFStudio\backend\apps\matchmaking\models\__init__.py", line 16, in get_db_connection
    async with connection_pool.acquire() as connection:
               ~~~~~~~~~~~~~~~~~~~~~~~^^
  File "C:\apps\personal\DAFStudio\backend\.venv\Lib\site-packages\asyncpg\pool.py", line 1056, in __aenter__
    self.connection = await self.pool._acquire(self.timeout)
                      ^^^^^^^^^^^^^^^^^^^^^^^^^^^^^^^^^^^^^^
  File "C:\apps\personal\DAFStudio\backend\.venv\Lib\site-packages\asyncpg\pool.py", line 896, in _acquire
    return await _acquire_impl()
           ^^^^^^^^^^^^^^^^^^^^^
  File "C:\apps\personal\DAFStudio\backend\.venv\Lib\site-packages\asyncpg\pool.py", line 881, in _acquire_impl
    proxy = await ch.acquire()  # type: PoolConnectionProxy
            ^^^^^^^^^^^^^^^^^^
  File "C:\apps\personal\DAFStudio\backend\.venv\Lib\site-packages\asyncpg\pool.py", line 161, in acquire
    await self.connect()
  File "C:\apps\personal\DAFStudio\backend\.venv\Lib\site-packages\asyncpg\pool.py", line 153, in connect
    self._con = await self._pool._get_new_connection()
                ^^^^^^^^^^^^^^^^^^^^^^^^^^^^^^^^^^^^^^
  File "C:\apps\personal\DAFStudio\backend\.venv\Lib\site-packages\asyncpg\pool.py", line 538, in _get_new_connection
    con = await self._connect(
          ^^^^^^^^^^^^^^^^^^^^
    ...<5 lines>...
    )
    ^
  File "C:\apps\personal\DAFStudio\backend\.venv\Lib\site-packages\asyncpg\connection.py", line 2443, in connect
    return await connect_utils._connect(
           ^^^^^^^^^^^^^^^^^^^^^^^^^^^^^
    ...<22 lines>...
    )
    ^
  File "C:\apps\personal\DAFStudio\backend\.venv\Lib\site-packages\asyncpg\connect_utils.py", line 1249, in _connect
    raise last_error or exceptions.TargetServerAttributeNotMatched(
    ...<2 lines>...
    )
  File "C:\apps\personal\DAFStudio\backend\.venv\Lib\site-packages\asyncpg\connect_utils.py", line 1218, in _connect
    conn = await _connect_addr(
           ^^^^^^^^^^^^^^^^^^^^
    ...<6 lines>...
    )
    ^
  File "C:\apps\personal\DAFStudio\backend\.venv\Lib\site-packages\asyncpg\connect_utils.py", line 1054, in _connect_addr
    return await __connect_addr(params, True, *args)
           ^^^^^^^^^^^^^^^^^^^^^^^^^^^^^^^^^^^^^^^^^
  File "C:\apps\personal\DAFStudio\backend\.venv\Lib\site-packages\asyncpg\connect_utils.py", line 1099, in __connect_addr
    tr, pr = await connector
             ^^^^^^^^^^^^^^^
  File "C:\apps\personal\DAFStudio\backend\.venv\Lib\site-packages\asyncpg\connect_utils.py", line 969, in _create_ssl_connection
    tr, pr = await loop.create_connection(
             ^^^^^^^^^^^^^^^^^^^^^^^^^^^^^
    ...<2 lines>...
        host, port)
        ^^^^^^^^^^^
  File "C:\Users\agust\AppData\Roaming\uv\python\cpython-3.14-windows-x86_64-none\Lib\asyncio\base_events.py", line 1176, in create_connection
    raise OSError('Multiple exceptions: {}'.format(
        ', '.join(str(exc) for exc in exceptions)))
OSError: Multiple exceptions: [Errno 10061] Connect call failed ('::1', 5432, 0, 0), [Errno 10061] Connect call failed ('127.0.0.1', 5432)
2026-07-21 22:17:36,022 INFO    apscheduler.executors.default: Job "_run_matcher_job (trigger: interval[0:00:20], next run at: 2026-07-21 22:17:51 CEST)" executed successfully
2026-07-21 22:17:40,699 INFO    apscheduler.executors.default: Running job "_run_matcher_job (trigger: interval[0:00:20], next run at: 2026-07-21 22:18:00 CEST)" (scheduled at 2026-07-21 22:17:40.686898+02:00)
2026-07-21 22:17:44,753 ERROR   dafstudio: [matcher cron] run failed
Traceback (most recent call last):
  File "C:\apps\personal\DAFStudio\backend\loader_app.py", line 58, in _run_matcher_job
    await Matcher().run()
  File "C:\apps\personal\DAFStudio\backend\apps\matchmaking\service\matcher.py", line 138, in run
    await self.expire_stale()
  File "C:\apps\personal\DAFStudio\backend\apps\matchmaking\service\matcher.py", line 149, in expire_stale
    game_ids = await MatchmakingTicketModel().list_stale_game_ids(
               ^^^^^^^^^^^^^^^^^^^^^^^^^^^^^^^^^^^^^^^^^^^^^^^^^^^
        timeout_seconds=ACCEPTANCE_TIMEOUT_SECONDS
        ^^^^^^^^^^^^^^^^^^^^^^^^^^^^^^^^^^^^^^^^^^
    )
    ^
  File "C:\apps\personal\DAFStudio\backend\apps\matchmaking\models\models.py", line 229, in list_stale_game_ids
    async with self.get_db_connection() as connection:
               ~~~~~~~~~~~~~~~~~~~~~~^^
  File "C:\Users\agust\AppData\Roaming\uv\python\cpython-3.14-windows-x86_64-none\Lib\contextlib.py", line 214, in __aenter__
    return await anext(self.gen)
           ^^^^^^^^^^^^^^^^^^^^^
  File "C:\apps\personal\DAFStudio\backend\apps\matchmaking\models\__init__.py", line 16, in get_db_connection
    async with connection_pool.acquire() as connection:
               ~~~~~~~~~~~~~~~~~~~~~~~^^
  File "C:\apps\personal\DAFStudio\backend\.venv\Lib\site-packages\asyncpg\pool.py", line 1056, in __aenter__
    self.connection = await self.pool._acquire(self.timeout)
                      ^^^^^^^^^^^^^^^^^^^^^^^^^^^^^^^^^^^^^^
  File "C:\apps\personal\DAFStudio\backend\.venv\Lib\site-packages\asyncpg\pool.py", line 896, in _acquire
    return await _acquire_impl()
           ^^^^^^^^^^^^^^^^^^^^^
  File "C:\apps\personal\DAFStudio\backend\.venv\Lib\site-packages\asyncpg\pool.py", line 881, in _acquire_impl
    proxy = await ch.acquire()  # type: PoolConnectionProxy
            ^^^^^^^^^^^^^^^^^^
  File "C:\apps\personal\DAFStudio\backend\.venv\Lib\site-packages\asyncpg\pool.py", line 161, in acquire
    await self.connect()
  File "C:\apps\personal\DAFStudio\backend\.venv\Lib\site-packages\asyncpg\pool.py", line 153, in connect
    self._con = await self._pool._get_new_connection()
                ^^^^^^^^^^^^^^^^^^^^^^^^^^^^^^^^^^^^^^
  File "C:\apps\personal\DAFStudio\backend\.venv\Lib\site-packages\asyncpg\pool.py", line 538, in _get_new_connection
    con = await self._connect(
          ^^^^^^^^^^^^^^^^^^^^
    ...<5 lines>...
    )
    ^
  File "C:\apps\personal\DAFStudio\backend\.venv\Lib\site-packages\asyncpg\connection.py", line 2443, in connect
    return await connect_utils._connect(
           ^^^^^^^^^^^^^^^^^^^^^^^^^^^^^
    ...<22 lines>...
    )
    ^
  File "C:\apps\personal\DAFStudio\backend\.venv\Lib\site-packages\asyncpg\connect_utils.py", line 1249, in _connect
    raise last_error or exceptions.TargetServerAttributeNotMatched(
    ...<2 lines>...
    )
  File "C:\apps\personal\DAFStudio\backend\.venv\Lib\site-packages\asyncpg\connect_utils.py", line 1218, in _connect
    conn = await _connect_addr(
           ^^^^^^^^^^^^^^^^^^^^
    ...<6 lines>...
    )
    ^
  File "C:\apps\personal\DAFStudio\backend\.venv\Lib\site-packages\asyncpg\connect_utils.py", line 1054, in _connect_addr
    return await __connect_addr(params, True, *args)
           ^^^^^^^^^^^^^^^^^^^^^^^^^^^^^^^^^^^^^^^^^
  File "C:\apps\personal\DAFStudio\backend\.venv\Lib\site-packages\asyncpg\connect_utils.py", line 1099, in __connect_addr
    tr, pr = await connector
             ^^^^^^^^^^^^^^^
  File "C:\apps\personal\DAFStudio\backend\.venv\Lib\site-packages\asyncpg\connect_utils.py", line 969, in _create_ssl_connection
    tr, pr = await loop.create_connection(
             ^^^^^^^^^^^^^^^^^^^^^^^^^^^^^
    ...<2 lines>...
        host, port)
        ^^^^^^^^^^^
  File "C:\Users\agust\AppData\Roaming\uv\python\cpython-3.14-windows-x86_64-none\Lib\asyncio\base_events.py", line 1176, in create_connection
    raise OSError('Multiple exceptions: {}'.format(
        ', '.join(str(exc) for exc in exceptions)))
OSError: Multiple exceptions: [Errno 10061] Connect call failed ('::1', 5432, 0, 0), [Errno 10061] Connect call failed ('127.0.0.1', 5432)
2026-07-21 22:17:44,755 INFO    apscheduler.executors.default: Job "_run_matcher_job (trigger: interval[0:00:20], next run at: 2026-07-21 22:18:00 CEST)" executed successfully
2026-07-21 22:17:51,952 INFO    apscheduler.executors.default: Running job "_run_matcher_job (trigger: interval[0:00:20], next run at: 2026-07-21 22:18:11 CEST)" (scheduled at 2026-07-21 22:17:51.951514+02:00)
2026-07-21 22:17:56,017 ERROR   dafstudio: [matcher cron] run failed
Traceback (most recent call last):
  File "C:\apps\personal\DAFStudio\backend\loader_app.py", line 58, in _run_matcher_job
    await Matcher().run()
  File "C:\apps\personal\DAFStudio\backend\apps\matchmaking\service\matcher.py", line 138, in run
    await self.expire_stale()
  File "C:\apps\personal\DAFStudio\backend\apps\matchmaking\service\matcher.py", line 149, in expire_stale
    game_ids = await MatchmakingTicketModel().list_stale_game_ids(
               ^^^^^^^^^^^^^^^^^^^^^^^^^^^^^^^^^^^^^^^^^^^^^^^^^^^
        timeout_seconds=ACCEPTANCE_TIMEOUT_SECONDS
        ^^^^^^^^^^^^^^^^^^^^^^^^^^^^^^^^^^^^^^^^^^
    )
    ^
  File "C:\apps\personal\DAFStudio\backend\apps\matchmaking\models\models.py", line 229, in list_stale_game_ids
    async with self.get_db_connection() as connection:
               ~~~~~~~~~~~~~~~~~~~~~~^^
  File "C:\Users\agust\AppData\Roaming\uv\python\cpython-3.14-windows-x86_64-none\Lib\contextlib.py", line 214, in __aenter__
    return await anext(self.gen)
           ^^^^^^^^^^^^^^^^^^^^^
  File "C:\apps\personal\DAFStudio\backend\apps\matchmaking\models\__init__.py", line 16, in get_db_connection
    async with connection_pool.acquire() as connection:
               ~~~~~~~~~~~~~~~~~~~~~~~^^
  File "C:\apps\personal\DAFStudio\backend\.venv\Lib\site-packages\asyncpg\pool.py", line 1056, in __aenter__
    self.connection = await self.pool._acquire(self.timeout)
                      ^^^^^^^^^^^^^^^^^^^^^^^^^^^^^^^^^^^^^^
  File "C:\apps\personal\DAFStudio\backend\.venv\Lib\site-packages\asyncpg\pool.py", line 896, in _acquire
    return await _acquire_impl()
           ^^^^^^^^^^^^^^^^^^^^^
  File "C:\apps\personal\DAFStudio\backend\.venv\Lib\site-packages\asyncpg\pool.py", line 881, in _acquire_impl
    proxy = await ch.acquire()  # type: PoolConnectionProxy
            ^^^^^^^^^^^^^^^^^^
  File "C:\apps\personal\DAFStudio\backend\.venv\Lib\site-packages\asyncpg\pool.py", line 161, in acquire
    await self.connect()
  File "C:\apps\personal\DAFStudio\backend\.venv\Lib\site-packages\asyncpg\pool.py", line 153, in connect
    self._con = await self._pool._get_new_connection()
                ^^^^^^^^^^^^^^^^^^^^^^^^^^^^^^^^^^^^^^
  File "C:\apps\personal\DAFStudio\backend\.venv\Lib\site-packages\asyncpg\pool.py", line 538, in _get_new_connection
    con = await self._connect(
          ^^^^^^^^^^^^^^^^^^^^
    ...<5 lines>...
    )
    ^
  File "C:\apps\personal\DAFStudio\backend\.venv\Lib\site-packages\asyncpg\connection.py", line 2443, in connect
    return await connect_utils._connect(
           ^^^^^^^^^^^^^^^^^^^^^^^^^^^^^
    ...<22 lines>...
    )
    ^
  File "C:\apps\personal\DAFStudio\backend\.venv\Lib\site-packages\asyncpg\connect_utils.py", line 1249, in _connect
    raise last_error or exceptions.TargetServerAttributeNotMatched(
    ...<2 lines>...
    )
  File "C:\apps\personal\DAFStudio\backend\.venv\Lib\site-packages\asyncpg\connect_utils.py", line 1218, in _connect
    conn = await _connect_addr(
           ^^^^^^^^^^^^^^^^^^^^
    ...<6 lines>...
    )
    ^
  File "C:\apps\personal\DAFStudio\backend\.venv\Lib\site-packages\asyncpg\connect_utils.py", line 1054, in _connect_addr
    return await __connect_addr(params, True, *args)
           ^^^^^^^^^^^^^^^^^^^^^^^^^^^^^^^^^^^^^^^^^
  File "C:\apps\personal\DAFStudio\backend\.venv\Lib\site-packages\asyncpg\connect_utils.py", line 1099, in __connect_addr
    tr, pr = await connector
             ^^^^^^^^^^^^^^^
  File "C:\apps\personal\DAFStudio\backend\.venv\Lib\site-packages\asyncpg\connect_utils.py", line 969, in _create_ssl_connection
    tr, pr = await loop.create_connection(
             ^^^^^^^^^^^^^^^^^^^^^^^^^^^^^
    ...<2 lines>...
        host, port)
        ^^^^^^^^^^^
  File "C:\Users\agust\AppData\Roaming\uv\python\cpython-3.14-windows-x86_64-none\Lib\asyncio\base_events.py", line 1176, in create_connection
    raise OSError('Multiple exceptions: {}'.format(
        ', '.join(str(exc) for exc in exceptions)))
OSError: Multiple exceptions: [Errno 10061] Connect call failed ('::1', 5432, 0, 0), [Errno 10061] Connect call failed ('127.0.0.1', 5432)
2026-07-21 22:17:56,018 INFO    apscheduler.executors.default: Job "_run_matcher_job (trigger: interval[0:00:20], next run at: 2026-07-21 22:18:11 CEST)" executed successfully
2026-07-21 22:18:00,699 INFO    apscheduler.executors.default: Running job "_run_matcher_job (trigger: interval[0:00:20], next run at: 2026-07-21 22:18:20 CEST)" (scheduled at 2026-07-21 22:18:00.686898+02:00)
2026-07-21 22:18:04,780 ERROR   dafstudio: [matcher cron] run failed
Traceback (most recent call last):
  File "C:\apps\personal\DAFStudio\backend\loader_app.py", line 58, in _run_matcher_job
    await Matcher().run()
  File "C:\apps\personal\DAFStudio\backend\apps\matchmaking\service\matcher.py", line 138, in run
    await self.expire_stale()
  File "C:\apps\personal\DAFStudio\backend\apps\matchmaking\service\matcher.py", line 149, in expire_stale
    game_ids = await MatchmakingTicketModel().list_stale_game_ids(
               ^^^^^^^^^^^^^^^^^^^^^^^^^^^^^^^^^^^^^^^^^^^^^^^^^^^
        timeout_seconds=ACCEPTANCE_TIMEOUT_SECONDS
        ^^^^^^^^^^^^^^^^^^^^^^^^^^^^^^^^^^^^^^^^^^
    )
    ^
  File "C:\apps\personal\DAFStudio\backend\apps\matchmaking\models\models.py", line 229, in list_stale_game_ids
    async with self.get_db_connection() as connection:
               ~~~~~~~~~~~~~~~~~~~~~~^^
  File "C:\Users\agust\AppData\Roaming\uv\python\cpython-3.14-windows-x86_64-none\Lib\contextlib.py", line 214, in __aenter__
    return await anext(self.gen)
           ^^^^^^^^^^^^^^^^^^^^^
  File "C:\apps\personal\DAFStudio\backend\apps\matchmaking\models\__init__.py", line 16, in get_db_connection
    async with connection_pool.acquire() as connection:
               ~~~~~~~~~~~~~~~~~~~~~~~^^
  File "C:\apps\personal\DAFStudio\backend\.venv\Lib\site-packages\asyncpg\pool.py", line 1056, in __aenter__
    self.connection = await self.pool._acquire(self.timeout)
                      ^^^^^^^^^^^^^^^^^^^^^^^^^^^^^^^^^^^^^^
  File "C:\apps\personal\DAFStudio\backend\.venv\Lib\site-packages\asyncpg\pool.py", line 896, in _acquire
    return await _acquire_impl()
           ^^^^^^^^^^^^^^^^^^^^^
  File "C:\apps\personal\DAFStudio\backend\.venv\Lib\site-packages\asyncpg\pool.py", line 881, in _acquire_impl
    proxy = await ch.acquire()  # type: PoolConnectionProxy
            ^^^^^^^^^^^^^^^^^^
  File "C:\apps\personal\DAFStudio\backend\.venv\Lib\site-packages\asyncpg\pool.py", line 161, in acquire
    await self.connect()
  File "C:\apps\personal\DAFStudio\backend\.venv\Lib\site-packages\asyncpg\pool.py", line 153, in connect
    self._con = await self._pool._get_new_connection()
                ^^^^^^^^^^^^^^^^^^^^^^^^^^^^^^^^^^^^^^
  File "C:\apps\personal\DAFStudio\backend\.venv\Lib\site-packages\asyncpg\pool.py", line 538, in _get_new_connection
    con = await self._connect(
          ^^^^^^^^^^^^^^^^^^^^
    ...<5 lines>...
    )
    ^
  File "C:\apps\personal\DAFStudio\backend\.venv\Lib\site-packages\asyncpg\connection.py", line 2443, in connect
    return await connect_utils._connect(
           ^^^^^^^^^^^^^^^^^^^^^^^^^^^^^
    ...<22 lines>...
    )
    ^
  File "C:\apps\personal\DAFStudio\backend\.venv\Lib\site-packages\asyncpg\connect_utils.py", line 1249, in _connect
    raise last_error or exceptions.TargetServerAttributeNotMatched(
    ...<2 lines>...
    )
  File "C:\apps\personal\DAFStudio\backend\.venv\Lib\site-packages\asyncpg\connect_utils.py", line 1218, in _connect
    conn = await _connect_addr(
           ^^^^^^^^^^^^^^^^^^^^
    ...<6 lines>...
    )
    ^
  File "C:\apps\personal\DAFStudio\backend\.venv\Lib\site-packages\asyncpg\connect_utils.py", line 1054, in _connect_addr
    return await __connect_addr(params, True, *args)
           ^^^^^^^^^^^^^^^^^^^^^^^^^^^^^^^^^^^^^^^^^
  File "C:\apps\personal\DAFStudio\backend\.venv\Lib\site-packages\asyncpg\connect_utils.py", line 1099, in __connect_addr
    tr, pr = await connector
             ^^^^^^^^^^^^^^^
  File "C:\apps\personal\DAFStudio\backend\.venv\Lib\site-packages\asyncpg\connect_utils.py", line 969, in _create_ssl_connection
    tr, pr = await loop.create_connection(
             ^^^^^^^^^^^^^^^^^^^^^^^^^^^^^
    ...<2 lines>...
        host, port)
        ^^^^^^^^^^^
  File "C:\Users\agust\AppData\Roaming\uv\python\cpython-3.14-windows-x86_64-none\Lib\asyncio\base_events.py", line 1176, in create_connection
    raise OSError('Multiple exceptions: {}'.format(
        ', '.join(str(exc) for exc in exceptions)))
OSError: Multiple exceptions: [Errno 10061] Connect call failed ('::1', 5432, 0, 0), [Errno 10061] Connect call failed ('127.0.0.1', 5432)
2026-07-21 22:18:04,782 INFO    apscheduler.executors.default: Job "_run_matcher_job (trigger: interval[0:00:20], next run at: 2026-07-21 22:18:20 CEST)" executed successfully
2026-07-21 22:18:11,951 INFO    apscheduler.executors.default: Running job "_run_matcher_job (trigger: interval[0:00:20], next run at: 2026-07-21 22:18:31 CEST)" (scheduled at 2026-07-21 22:18:11.951514+02:00)
2026-07-21 22:18:15,999 ERROR   dafstudio: [matcher cron] run failed
Traceback (most recent call last):
  File "C:\apps\personal\DAFStudio\backend\loader_app.py", line 58, in _run_matcher_job
    await Matcher().run()
  File "C:\apps\personal\DAFStudio\backend\apps\matchmaking\service\matcher.py", line 138, in run
    await self.expire_stale()
  File "C:\apps\personal\DAFStudio\backend\apps\matchmaking\service\matcher.py", line 149, in expire_stale
    game_ids = await MatchmakingTicketModel().list_stale_game_ids(
               ^^^^^^^^^^^^^^^^^^^^^^^^^^^^^^^^^^^^^^^^^^^^^^^^^^^
        timeout_seconds=ACCEPTANCE_TIMEOUT_SECONDS
        ^^^^^^^^^^^^^^^^^^^^^^^^^^^^^^^^^^^^^^^^^^
    )
    ^
  File "C:\apps\personal\DAFStudio\backend\apps\matchmaking\models\models.py", line 229, in list_stale_game_ids
    async with self.get_db_connection() as connection:
               ~~~~~~~~~~~~~~~~~~~~~~^^
  File "C:\Users\agust\AppData\Roaming\uv\python\cpython-3.14-windows-x86_64-none\Lib\contextlib.py", line 214, in __aenter__
    return await anext(self.gen)
           ^^^^^^^^^^^^^^^^^^^^^
  File "C:\apps\personal\DAFStudio\backend\apps\matchmaking\models\__init__.py", line 16, in get_db_connection
    async with connection_pool.acquire() as connection:
               ~~~~~~~~~~~~~~~~~~~~~~~^^
  File "C:\apps\personal\DAFStudio\backend\.venv\Lib\site-packages\asyncpg\pool.py", line 1056, in __aenter__
    self.connection = await self.pool._acquire(self.timeout)
                      ^^^^^^^^^^^^^^^^^^^^^^^^^^^^^^^^^^^^^^
  File "C:\apps\personal\DAFStudio\backend\.venv\Lib\site-packages\asyncpg\pool.py", line 896, in _acquire
    return await _acquire_impl()
           ^^^^^^^^^^^^^^^^^^^^^
  File "C:\apps\personal\DAFStudio\backend\.venv\Lib\site-packages\asyncpg\pool.py", line 881, in _acquire_impl
    proxy = await ch.acquire()  # type: PoolConnectionProxy
            ^^^^^^^^^^^^^^^^^^
  File "C:\apps\personal\DAFStudio\backend\.venv\Lib\site-packages\asyncpg\pool.py", line 161, in acquire
    await self.connect()
  File "C:\apps\personal\DAFStudio\backend\.venv\Lib\site-packages\asyncpg\pool.py", line 153, in connect
    self._con = await self._pool._get_new_connection()
                ^^^^^^^^^^^^^^^^^^^^^^^^^^^^^^^^^^^^^^
  File "C:\apps\personal\DAFStudio\backend\.venv\Lib\site-packages\asyncpg\pool.py", line 538, in _get_new_connection
    con = await self._connect(
          ^^^^^^^^^^^^^^^^^^^^
    ...<5 lines>...
    )
    ^
  File "C:\apps\personal\DAFStudio\backend\.venv\Lib\site-packages\asyncpg\connection.py", line 2443, in connect
    return await connect_utils._connect(
           ^^^^^^^^^^^^^^^^^^^^^^^^^^^^^
    ...<22 lines>...
    )
    ^
  File "C:\apps\personal\DAFStudio\backend\.venv\Lib\site-packages\asyncpg\connect_utils.py", line 1249, in _connect
    raise last_error or exceptions.TargetServerAttributeNotMatched(
    ...<2 lines>...
    )
  File "C:\apps\personal\DAFStudio\backend\.venv\Lib\site-packages\asyncpg\connect_utils.py", line 1218, in _connect
    conn = await _connect_addr(
           ^^^^^^^^^^^^^^^^^^^^
    ...<6 lines>...
    )
    ^
  File "C:\apps\personal\DAFStudio\backend\.venv\Lib\site-packages\asyncpg\connect_utils.py", line 1054, in _connect_addr
    return await __connect_addr(params, True, *args)
           ^^^^^^^^^^^^^^^^^^^^^^^^^^^^^^^^^^^^^^^^^
  File "C:\apps\personal\DAFStudio\backend\.venv\Lib\site-packages\asyncpg\connect_utils.py", line 1099, in __connect_addr
    tr, pr = await connector
             ^^^^^^^^^^^^^^^
  File "C:\apps\personal\DAFStudio\backend\.venv\Lib\site-packages\asyncpg\connect_utils.py", line 969, in _create_ssl_connection
    tr, pr = await loop.create_connection(
             ^^^^^^^^^^^^^^^^^^^^^^^^^^^^^
    ...<2 lines>...
        host, port)
        ^^^^^^^^^^^
  File "C:\Users\agust\AppData\Roaming\uv\python\cpython-3.14-windows-x86_64-none\Lib\asyncio\base_events.py", line 1176, in create_connection
    raise OSError('Multiple exceptions: {}'.format(
        ', '.join(str(exc) for exc in exceptions)))
OSError: Multiple exceptions: [Errno 10061] Connect call failed ('::1', 5432, 0, 0), [Errno 10061] Connect call failed ('127.0.0.1', 5432)
2026-07-21 22:18:16,001 INFO    apscheduler.executors.default: Job "_run_matcher_job (trigger: interval[0:00:20], next run at: 2026-07-21 22:18:31 CEST)" executed successfully
2026-07-21 22:18:20,699 INFO    apscheduler.executors.default: Running job "_run_matcher_job (trigger: interval[0:00:20], next run at: 2026-07-21 22:18:40 CEST)" (scheduled at 2026-07-21 22:18:20.686898+02:00)
2026-07-21 22:18:24,743 ERROR   dafstudio: [matcher cron] run failed
Traceback (most recent call last):
  File "C:\apps\personal\DAFStudio\backend\loader_app.py", line 58, in _run_matcher_job
    await Matcher().run()
  File "C:\apps\personal\DAFStudio\backend\apps\matchmaking\service\matcher.py", line 138, in run
    await self.expire_stale()
  File "C:\apps\personal\DAFStudio\backend\apps\matchmaking\service\matcher.py", line 149, in expire_stale
    game_ids = await MatchmakingTicketModel().list_stale_game_ids(
               ^^^^^^^^^^^^^^^^^^^^^^^^^^^^^^^^^^^^^^^^^^^^^^^^^^^
        timeout_seconds=ACCEPTANCE_TIMEOUT_SECONDS
        ^^^^^^^^^^^^^^^^^^^^^^^^^^^^^^^^^^^^^^^^^^
    )
    ^
  File "C:\apps\personal\DAFStudio\backend\apps\matchmaking\models\models.py", line 229, in list_stale_game_ids
    async with self.get_db_connection() as connection:
               ~~~~~~~~~~~~~~~~~~~~~~^^
  File "C:\Users\agust\AppData\Roaming\uv\python\cpython-3.14-windows-x86_64-none\Lib\contextlib.py", line 214, in __aenter__
    return await anext(self.gen)
           ^^^^^^^^^^^^^^^^^^^^^
  File "C:\apps\personal\DAFStudio\backend\apps\matchmaking\models\__init__.py", line 16, in get_db_connection
    async with connection_pool.acquire() as connection:
               ~~~~~~~~~~~~~~~~~~~~~~~^^
  File "C:\apps\personal\DAFStudio\backend\.venv\Lib\site-packages\asyncpg\pool.py", line 1056, in __aenter__
    self.connection = await self.pool._acquire(self.timeout)
                      ^^^^^^^^^^^^^^^^^^^^^^^^^^^^^^^^^^^^^^
  File "C:\apps\personal\DAFStudio\backend\.venv\Lib\site-packages\asyncpg\pool.py", line 896, in _acquire
    return await _acquire_impl()
           ^^^^^^^^^^^^^^^^^^^^^
  File "C:\apps\personal\DAFStudio\backend\.venv\Lib\site-packages\asyncpg\pool.py", line 881, in _acquire_impl
    proxy = await ch.acquire()  # type: PoolConnectionProxy
            ^^^^^^^^^^^^^^^^^^
  File "C:\apps\personal\DAFStudio\backend\.venv\Lib\site-packages\asyncpg\pool.py", line 161, in acquire
    await self.connect()
  File "C:\apps\personal\DAFStudio\backend\.venv\Lib\site-packages\asyncpg\pool.py", line 153, in connect
    self._con = await self._pool._get_new_connection()
                ^^^^^^^^^^^^^^^^^^^^^^^^^^^^^^^^^^^^^^
  File "C:\apps\personal\DAFStudio\backend\.venv\Lib\site-packages\asyncpg\pool.py", line 538, in _get_new_connection
    con = await self._connect(
          ^^^^^^^^^^^^^^^^^^^^
    ...<5 lines>...
    )
    ^
  File "C:\apps\personal\DAFStudio\backend\.venv\Lib\site-packages\asyncpg\connection.py", line 2443, in connect
    return await connect_utils._connect(
           ^^^^^^^^^^^^^^^^^^^^^^^^^^^^^
    ...<22 lines>...
    )
    ^
  File "C:\apps\personal\DAFStudio\backend\.venv\Lib\site-packages\asyncpg\connect_utils.py", line 1249, in _connect
    raise last_error or exceptions.TargetServerAttributeNotMatched(
    ...<2 lines>...
    )
  File "C:\apps\personal\DAFStudio\backend\.venv\Lib\site-packages\asyncpg\connect_utils.py", line 1218, in _connect
    conn = await _connect_addr(
           ^^^^^^^^^^^^^^^^^^^^
    ...<6 lines>...
    )
    ^
  File "C:\apps\personal\DAFStudio\backend\.venv\Lib\site-packages\asyncpg\connect_utils.py", line 1054, in _connect_addr
    return await __connect_addr(params, True, *args)
           ^^^^^^^^^^^^^^^^^^^^^^^^^^^^^^^^^^^^^^^^^
  File "C:\apps\personal\DAFStudio\backend\.venv\Lib\site-packages\asyncpg\connect_utils.py", line 1099, in __connect_addr
    tr, pr = await connector
             ^^^^^^^^^^^^^^^
  File "C:\apps\personal\DAFStudio\backend\.venv\Lib\site-packages\asyncpg\connect_utils.py", line 969, in _create_ssl_connection
    tr, pr = await loop.create_connection(
             ^^^^^^^^^^^^^^^^^^^^^^^^^^^^^
    ...<2 lines>...
        host, port)
        ^^^^^^^^^^^
  File "C:\Users\agust\AppData\Roaming\uv\python\cpython-3.14-windows-x86_64-none\Lib\asyncio\base_events.py", line 1176, in create_connection
    raise OSError('Multiple exceptions: {}'.format(
        ', '.join(str(exc) for exc in exceptions)))
OSError: Multiple exceptions: [Errno 10061] Connect call failed ('::1', 5432, 0, 0), [Errno 10061] Connect call failed ('127.0.0.1', 5432)
2026-07-21 22:18:24,744 INFO    apscheduler.executors.default: Job "_run_matcher_job (trigger: interval[0:00:20], next run at: 2026-07-21 22:18:40 CEST)" executed successfully
2026-07-21 22:18:31,956 INFO    apscheduler.executors.default: Running job "_run_matcher_job (trigger: interval[0:00:20], next run at: 2026-07-21 22:18:51 CEST)" (scheduled at 2026-07-21 22:18:31.951514+02:00)
2026-07-21 22:18:36,003 ERROR   dafstudio: [matcher cron] run failed
Traceback (most recent call last):
  File "C:\apps\personal\DAFStudio\backend\loader_app.py", line 58, in _run_matcher_job
    await Matcher().run()
  File "C:\apps\personal\DAFStudio\backend\apps\matchmaking\service\matcher.py", line 138, in run
    await self.expire_stale()
  File "C:\apps\personal\DAFStudio\backend\apps\matchmaking\service\matcher.py", line 149, in expire_stale
    game_ids = await MatchmakingTicketModel().list_stale_game_ids(
               ^^^^^^^^^^^^^^^^^^^^^^^^^^^^^^^^^^^^^^^^^^^^^^^^^^^
        timeout_seconds=ACCEPTANCE_TIMEOUT_SECONDS
        ^^^^^^^^^^^^^^^^^^^^^^^^^^^^^^^^^^^^^^^^^^
    )
    ^
  File "C:\apps\personal\DAFStudio\backend\apps\matchmaking\models\models.py", line 229, in list_stale_game_ids
    async with self.get_db_connection() as connection:
               ~~~~~~~~~~~~~~~~~~~~~~^^
  File "C:\Users\agust\AppData\Roaming\uv\python\cpython-3.14-windows-x86_64-none\Lib\contextlib.py", line 214, in __aenter__
    return await anext(self.gen)
           ^^^^^^^^^^^^^^^^^^^^^
  File "C:\apps\personal\DAFStudio\backend\apps\matchmaking\models\__init__.py", line 16, in get_db_connection
    async with connection_pool.acquire() as connection:
               ~~~~~~~~~~~~~~~~~~~~~~~^^
  File "C:\apps\personal\DAFStudio\backend\.venv\Lib\site-packages\asyncpg\pool.py", line 1056, in __aenter__
    self.connection = await self.pool._acquire(self.timeout)
                      ^^^^^^^^^^^^^^^^^^^^^^^^^^^^^^^^^^^^^^
  File "C:\apps\personal\DAFStudio\backend\.venv\Lib\site-packages\asyncpg\pool.py", line 896, in _acquire
    return await _acquire_impl()
           ^^^^^^^^^^^^^^^^^^^^^
  File "C:\apps\personal\DAFStudio\backend\.venv\Lib\site-packages\asyncpg\pool.py", line 881, in _acquire_impl
    proxy = await ch.acquire()  # type: PoolConnectionProxy
            ^^^^^^^^^^^^^^^^^^
  File "C:\apps\personal\DAFStudio\backend\.venv\Lib\site-packages\asyncpg\pool.py", line 161, in acquire
    await self.connect()
  File "C:\apps\personal\DAFStudio\backend\.venv\Lib\site-packages\asyncpg\pool.py", line 153, in connect
    self._con = await self._pool._get_new_connection()
                ^^^^^^^^^^^^^^^^^^^^^^^^^^^^^^^^^^^^^^
  File "C:\apps\personal\DAFStudio\backend\.venv\Lib\site-packages\asyncpg\pool.py", line 538, in _get_new_connection
    con = await self._connect(
          ^^^^^^^^^^^^^^^^^^^^
    ...<5 lines>...
    )
    ^
  File "C:\apps\personal\DAFStudio\backend\.venv\Lib\site-packages\asyncpg\connection.py", line 2443, in connect
    return await connect_utils._connect(
           ^^^^^^^^^^^^^^^^^^^^^^^^^^^^^
    ...<22 lines>...
    )
    ^
  File "C:\apps\personal\DAFStudio\backend\.venv\Lib\site-packages\asyncpg\connect_utils.py", line 1249, in _connect
    raise last_error or exceptions.TargetServerAttributeNotMatched(
    ...<2 lines>...
    )
  File "C:\apps\personal\DAFStudio\backend\.venv\Lib\site-packages\asyncpg\connect_utils.py", line 1218, in _connect
    conn = await _connect_addr(
           ^^^^^^^^^^^^^^^^^^^^
    ...<6 lines>...
    )
    ^
  File "C:\apps\personal\DAFStudio\backend\.venv\Lib\site-packages\asyncpg\connect_utils.py", line 1054, in _connect_addr
    return await __connect_addr(params, True, *args)
           ^^^^^^^^^^^^^^^^^^^^^^^^^^^^^^^^^^^^^^^^^
  File "C:\apps\personal\DAFStudio\backend\.venv\Lib\site-packages\asyncpg\connect_utils.py", line 1099, in __connect_addr
    tr, pr = await connector
             ^^^^^^^^^^^^^^^
  File "C:\apps\personal\DAFStudio\backend\.venv\Lib\site-packages\asyncpg\connect_utils.py", line 969, in _create_ssl_connection
    tr, pr = await loop.create_connection(
             ^^^^^^^^^^^^^^^^^^^^^^^^^^^^^
    ...<2 lines>...
        host, port)
        ^^^^^^^^^^^
  File "C:\Users\agust\AppData\Roaming\uv\python\cpython-3.14-windows-x86_64-none\Lib\asyncio\base_events.py", line 1176, in create_connection
    raise OSError('Multiple exceptions: {}'.format(
        ', '.join(str(exc) for exc in exceptions)))
OSError: Multiple exceptions: [Errno 10061] Connect call failed ('::1', 5432, 0, 0), [Errno 10061] Connect call failed ('127.0.0.1', 5432)
2026-07-21 22:18:36,005 INFO    apscheduler.executors.default: Job "_run_matcher_job (trigger: interval[0:00:20], next run at: 2026-07-21 22:18:51 CEST)" executed successfully
2026-07-21 22:18:40,697 INFO    apscheduler.executors.default: Running job "_run_matcher_job (trigger: interval[0:00:20], next run at: 2026-07-21 22:19:00 CEST)" (scheduled at 2026-07-21 22:18:40.686898+02:00)
2026-07-21 22:18:44,740 ERROR   dafstudio: [matcher cron] run failed
Traceback (most recent call last):
  File "C:\apps\personal\DAFStudio\backend\loader_app.py", line 58, in _run_matcher_job
    await Matcher().run()
  File "C:\apps\personal\DAFStudio\backend\apps\matchmaking\service\matcher.py", line 138, in run
    await self.expire_stale()
  File "C:\apps\personal\DAFStudio\backend\apps\matchmaking\service\matcher.py", line 149, in expire_stale
    game_ids = await MatchmakingTicketModel().list_stale_game_ids(
               ^^^^^^^^^^^^^^^^^^^^^^^^^^^^^^^^^^^^^^^^^^^^^^^^^^^
        timeout_seconds=ACCEPTANCE_TIMEOUT_SECONDS
        ^^^^^^^^^^^^^^^^^^^^^^^^^^^^^^^^^^^^^^^^^^
    )
    ^
  File "C:\apps\personal\DAFStudio\backend\apps\matchmaking\models\models.py", line 229, in list_stale_game_ids
    async with self.get_db_connection() as connection:
               ~~~~~~~~~~~~~~~~~~~~~~^^
  File "C:\Users\agust\AppData\Roaming\uv\python\cpython-3.14-windows-x86_64-none\Lib\contextlib.py", line 214, in __aenter__
    return await anext(self.gen)
           ^^^^^^^^^^^^^^^^^^^^^
  File "C:\apps\personal\DAFStudio\backend\apps\matchmaking\models\__init__.py", line 16, in get_db_connection
    async with connection_pool.acquire() as connection:
               ~~~~~~~~~~~~~~~~~~~~~~~^^
  File "C:\apps\personal\DAFStudio\backend\.venv\Lib\site-packages\asyncpg\pool.py", line 1056, in __aenter__
    self.connection = await self.pool._acquire(self.timeout)
                      ^^^^^^^^^^^^^^^^^^^^^^^^^^^^^^^^^^^^^^
  File "C:\apps\personal\DAFStudio\backend\.venv\Lib\site-packages\asyncpg\pool.py", line 896, in _acquire
    return await _acquire_impl()
           ^^^^^^^^^^^^^^^^^^^^^
  File "C:\apps\personal\DAFStudio\backend\.venv\Lib\site-packages\asyncpg\pool.py", line 881, in _acquire_impl
    proxy = await ch.acquire()  # type: PoolConnectionProxy
            ^^^^^^^^^^^^^^^^^^
  File "C:\apps\personal\DAFStudio\backend\.venv\Lib\site-packages\asyncpg\pool.py", line 161, in acquire
    await self.connect()
  File "C:\apps\personal\DAFStudio\backend\.venv\Lib\site-packages\asyncpg\pool.py", line 153, in connect
    self._con = await self._pool._get_new_connection()
                ^^^^^^^^^^^^^^^^^^^^^^^^^^^^^^^^^^^^^^
  File "C:\apps\personal\DAFStudio\backend\.venv\Lib\site-packages\asyncpg\pool.py", line 538, in _get_new_connection
    con = await self._connect(
          ^^^^^^^^^^^^^^^^^^^^
    ...<5 lines>...
    )
    ^
  File "C:\apps\personal\DAFStudio\backend\.venv\Lib\site-packages\asyncpg\connection.py", line 2443, in connect
    return await connect_utils._connect(
           ^^^^^^^^^^^^^^^^^^^^^^^^^^^^^
    ...<22 lines>...
    )
    ^
  File "C:\apps\personal\DAFStudio\backend\.venv\Lib\site-packages\asyncpg\connect_utils.py", line 1249, in _connect
    raise last_error or exceptions.TargetServerAttributeNotMatched(
    ...<2 lines>...
    )
  File "C:\apps\personal\DAFStudio\backend\.venv\Lib\site-packages\asyncpg\connect_utils.py", line 1218, in _connect
    conn = await _connect_addr(
           ^^^^^^^^^^^^^^^^^^^^
    ...<6 lines>...
    )
    ^
  File "C:\apps\personal\DAFStudio\backend\.venv\Lib\site-packages\asyncpg\connect_utils.py", line 1054, in _connect_addr
    return await __connect_addr(params, True, *args)
           ^^^^^^^^^^^^^^^^^^^^^^^^^^^^^^^^^^^^^^^^^
  File "C:\apps\personal\DAFStudio\backend\.venv\Lib\site-packages\asyncpg\connect_utils.py", line 1099, in __connect_addr
    tr, pr = await connector
             ^^^^^^^^^^^^^^^
  File "C:\apps\personal\DAFStudio\backend\.venv\Lib\site-packages\asyncpg\connect_utils.py", line 969, in _create_ssl_connection
    tr, pr = await loop.create_connection(
             ^^^^^^^^^^^^^^^^^^^^^^^^^^^^^
    ...<2 lines>...
        host, port)
        ^^^^^^^^^^^
  File "C:\Users\agust\AppData\Roaming\uv\python\cpython-3.14-windows-x86_64-none\Lib\asyncio\base_events.py", line 1176, in create_connection
    raise OSError('Multiple exceptions: {}'.format(
        ', '.join(str(exc) for exc in exceptions)))
OSError: Multiple exceptions: [Errno 10061] Connect call failed ('::1', 5432, 0, 0), [Errno 10061] Connect call failed ('127.0.0.1', 5432)
2026-07-21 22:18:44,742 INFO    apscheduler.executors.default: Job "_run_matcher_job (trigger: interval[0:00:20], next run at: 2026-07-21 22:19:00 CEST)" executed successfully
2026-07-21 22:18:51,959 INFO    apscheduler.executors.default: Running job "_run_matcher_job (trigger: interval[0:00:20], next run at: 2026-07-21 22:19:11 CEST)" (scheduled at 2026-07-21 22:18:51.951514+02:00)
2026-07-21 22:18:56,013 ERROR   dafstudio: [matcher cron] run failed
Traceback (most recent call last):
  File "C:\apps\personal\DAFStudio\backend\loader_app.py", line 58, in _run_matcher_job
    await Matcher().run()
  File "C:\apps\personal\DAFStudio\backend\apps\matchmaking\service\matcher.py", line 138, in run
    await self.expire_stale()
  File "C:\apps\personal\DAFStudio\backend\apps\matchmaking\service\matcher.py", line 149, in expire_stale
    game_ids = await MatchmakingTicketModel().list_stale_game_ids(
               ^^^^^^^^^^^^^^^^^^^^^^^^^^^^^^^^^^^^^^^^^^^^^^^^^^^
        timeout_seconds=ACCEPTANCE_TIMEOUT_SECONDS
        ^^^^^^^^^^^^^^^^^^^^^^^^^^^^^^^^^^^^^^^^^^
    )
    ^
  File "C:\apps\personal\DAFStudio\backend\apps\matchmaking\models\models.py", line 229, in list_stale_game_ids
    async with self.get_db_connection() as connection:
               ~~~~~~~~~~~~~~~~~~~~~~^^
  File "C:\Users\agust\AppData\Roaming\uv\python\cpython-3.14-windows-x86_64-none\Lib\contextlib.py", line 214, in __aenter__
    return await anext(self.gen)
           ^^^^^^^^^^^^^^^^^^^^^
  File "C:\apps\personal\DAFStudio\backend\apps\matchmaking\models\__init__.py", line 16, in get_db_connection
    async with connection_pool.acquire() as connection:
               ~~~~~~~~~~~~~~~~~~~~~~~^^
  File "C:\apps\personal\DAFStudio\backend\.venv\Lib\site-packages\asyncpg\pool.py", line 1056, in __aenter__
    self.connection = await self.pool._acquire(self.timeout)
                      ^^^^^^^^^^^^^^^^^^^^^^^^^^^^^^^^^^^^^^
  File "C:\apps\personal\DAFStudio\backend\.venv\Lib\site-packages\asyncpg\pool.py", line 896, in _acquire
    return await _acquire_impl()
           ^^^^^^^^^^^^^^^^^^^^^
  File "C:\apps\personal\DAFStudio\backend\.venv\Lib\site-packages\asyncpg\pool.py", line 881, in _acquire_impl
    proxy = await ch.acquire()  # type: PoolConnectionProxy
            ^^^^^^^^^^^^^^^^^^
  File "C:\apps\personal\DAFStudio\backend\.venv\Lib\site-packages\asyncpg\pool.py", line 161, in acquire
    await self.connect()
  File "C:\apps\personal\DAFStudio\backend\.venv\Lib\site-packages\asyncpg\pool.py", line 153, in connect
    self._con = await self._pool._get_new_connection()
                ^^^^^^^^^^^^^^^^^^^^^^^^^^^^^^^^^^^^^^
  File "C:\apps\personal\DAFStudio\backend\.venv\Lib\site-packages\asyncpg\pool.py", line 538, in _get_new_connection
    con = await self._connect(
          ^^^^^^^^^^^^^^^^^^^^
    ...<5 lines>...
    )
    ^
  File "C:\apps\personal\DAFStudio\backend\.venv\Lib\site-packages\asyncpg\connection.py", line 2443, in connect
    return await connect_utils._connect(
           ^^^^^^^^^^^^^^^^^^^^^^^^^^^^^
    ...<22 lines>...
    )
    ^
  File "C:\apps\personal\DAFStudio\backend\.venv\Lib\site-packages\asyncpg\connect_utils.py", line 1249, in _connect
    raise last_error or exceptions.TargetServerAttributeNotMatched(
    ...<2 lines>...
    )
  File "C:\apps\personal\DAFStudio\backend\.venv\Lib\site-packages\asyncpg\connect_utils.py", line 1218, in _connect
    conn = await _connect_addr(
           ^^^^^^^^^^^^^^^^^^^^
    ...<6 lines>...
    )
    ^
  File "C:\apps\personal\DAFStudio\backend\.venv\Lib\site-packages\asyncpg\connect_utils.py", line 1054, in _connect_addr
    return await __connect_addr(params, True, *args)
           ^^^^^^^^^^^^^^^^^^^^^^^^^^^^^^^^^^^^^^^^^
  File "C:\apps\personal\DAFStudio\backend\.venv\Lib\site-packages\asyncpg\connect_utils.py", line 1099, in __connect_addr
    tr, pr = await connector
             ^^^^^^^^^^^^^^^
  File "C:\apps\personal\DAFStudio\backend\.venv\Lib\site-packages\asyncpg\connect_utils.py", line 969, in _create_ssl_connection
    tr, pr = await loop.create_connection(
             ^^^^^^^^^^^^^^^^^^^^^^^^^^^^^
    ...<2 lines>...
        host, port)
        ^^^^^^^^^^^
  File "C:\Users\agust\AppData\Roaming\uv\python\cpython-3.14-windows-x86_64-none\Lib\asyncio\base_events.py", line 1176, in create_connection
    raise OSError('Multiple exceptions: {}'.format(
        ', '.join(str(exc) for exc in exceptions)))
OSError: Multiple exceptions: [Errno 10061] Connect call failed ('::1', 5432, 0, 0), [Errno 10061] Connect call failed ('127.0.0.1', 5432)
2026-07-21 22:18:56,015 INFO    apscheduler.executors.default: Job "_run_matcher_job (trigger: interval[0:00:20], next run at: 2026-07-21 22:19:11 CEST)" executed successfully
2026-07-21 22:19:00,697 INFO    apscheduler.executors.default: Running job "_run_matcher_job (trigger: interval[0:00:20], next run at: 2026-07-21 22:19:20 CEST)" (scheduled at 2026-07-21 22:19:00.686898+02:00)
2026-07-21 22:19:04,748 ERROR   dafstudio: [matcher cron] run failed
Traceback (most recent call last):
  File "C:\apps\personal\DAFStudio\backend\loader_app.py", line 58, in _run_matcher_job
    await Matcher().run()
  File "C:\apps\personal\DAFStudio\backend\apps\matchmaking\service\matcher.py", line 138, in run
    await self.expire_stale()
  File "C:\apps\personal\DAFStudio\backend\apps\matchmaking\service\matcher.py", line 149, in expire_stale
    game_ids = await MatchmakingTicketModel().list_stale_game_ids(
               ^^^^^^^^^^^^^^^^^^^^^^^^^^^^^^^^^^^^^^^^^^^^^^^^^^^
        timeout_seconds=ACCEPTANCE_TIMEOUT_SECONDS
        ^^^^^^^^^^^^^^^^^^^^^^^^^^^^^^^^^^^^^^^^^^
    )
    ^
  File "C:\apps\personal\DAFStudio\backend\apps\matchmaking\models\models.py", line 229, in list_stale_game_ids
    async with self.get_db_connection() as connection:
               ~~~~~~~~~~~~~~~~~~~~~~^^
  File "C:\Users\agust\AppData\Roaming\uv\python\cpython-3.14-windows-x86_64-none\Lib\contextlib.py", line 214, in __aenter__
    return await anext(self.gen)
           ^^^^^^^^^^^^^^^^^^^^^
  File "C:\apps\personal\DAFStudio\backend\apps\matchmaking\models\__init__.py", line 16, in get_db_connection
    async with connection_pool.acquire() as connection:
               ~~~~~~~~~~~~~~~~~~~~~~~^^
  File "C:\apps\personal\DAFStudio\backend\.venv\Lib\site-packages\asyncpg\pool.py", line 1056, in __aenter__
    self.connection = await self.pool._acquire(self.timeout)
                      ^^^^^^^^^^^^^^^^^^^^^^^^^^^^^^^^^^^^^^
  File "C:\apps\personal\DAFStudio\backend\.venv\Lib\site-packages\asyncpg\pool.py", line 896, in _acquire
    return await _acquire_impl()
           ^^^^^^^^^^^^^^^^^^^^^
  File "C:\apps\personal\DAFStudio\backend\.venv\Lib\site-packages\asyncpg\pool.py", line 881, in _acquire_impl
    proxy = await ch.acquire()  # type: PoolConnectionProxy
            ^^^^^^^^^^^^^^^^^^
  File "C:\apps\personal\DAFStudio\backend\.venv\Lib\site-packages\asyncpg\pool.py", line 161, in acquire
    await self.connect()
  File "C:\apps\personal\DAFStudio\backend\.venv\Lib\site-packages\asyncpg\pool.py", line 153, in connect
    self._con = await self._pool._get_new_connection()
                ^^^^^^^^^^^^^^^^^^^^^^^^^^^^^^^^^^^^^^
  File "C:\apps\personal\DAFStudio\backend\.venv\Lib\site-packages\asyncpg\pool.py", line 538, in _get_new_connection
    con = await self._connect(
          ^^^^^^^^^^^^^^^^^^^^
    ...<5 lines>...
    )
    ^
  File "C:\apps\personal\DAFStudio\backend\.venv\Lib\site-packages\asyncpg\connection.py", line 2443, in connect
    return await connect_utils._connect(
           ^^^^^^^^^^^^^^^^^^^^^^^^^^^^^
    ...<22 lines>...
    )
    ^
  File "C:\apps\personal\DAFStudio\backend\.venv\Lib\site-packages\asyncpg\connect_utils.py", line 1249, in _connect
    raise last_error or exceptions.TargetServerAttributeNotMatched(
    ...<2 lines>...
    )
  File "C:\apps\personal\DAFStudio\backend\.venv\Lib\site-packages\asyncpg\connect_utils.py", line 1218, in _connect
    conn = await _connect_addr(
           ^^^^^^^^^^^^^^^^^^^^
    ...<6 lines>...
    )
    ^
  File "C:\apps\personal\DAFStudio\backend\.venv\Lib\site-packages\asyncpg\connect_utils.py", line 1054, in _connect_addr
    return await __connect_addr(params, True, *args)
           ^^^^^^^^^^^^^^^^^^^^^^^^^^^^^^^^^^^^^^^^^
  File "C:\apps\personal\DAFStudio\backend\.venv\Lib\site-packages\asyncpg\connect_utils.py", line 1099, in __connect_addr
    tr, pr = await connector
             ^^^^^^^^^^^^^^^
  File "C:\apps\personal\DAFStudio\backend\.venv\Lib\site-packages\asyncpg\connect_utils.py", line 969, in _create_ssl_connection
    tr, pr = await loop.create_connection(
             ^^^^^^^^^^^^^^^^^^^^^^^^^^^^^
    ...<2 lines>...
        host, port)
        ^^^^^^^^^^^
  File "C:\Users\agust\AppData\Roaming\uv\python\cpython-3.14-windows-x86_64-none\Lib\asyncio\base_events.py", line 1176, in create_connection
    raise OSError('Multiple exceptions: {}'.format(
        ', '.join(str(exc) for exc in exceptions)))
OSError: Multiple exceptions: [Errno 10061] Connect call failed ('::1', 5432, 0, 0), [Errno 10061] Connect call failed ('127.0.0.1', 5432)
2026-07-21 22:19:04,750 INFO    apscheduler.executors.default: Job "_run_matcher_job (trigger: interval[0:00:20], next run at: 2026-07-21 22:19:20 CEST)" executed successfully
2026-07-21 22:19:11,953 INFO    apscheduler.executors.default: Running job "_run_matcher_job (trigger: interval[0:00:20], next run at: 2026-07-21 22:19:31 CEST)" (scheduled at 2026-07-21 22:19:11.951514+02:00)
2026-07-21 22:19:15,993 ERROR   dafstudio: [matcher cron] run failed
Traceback (most recent call last):
  File "C:\apps\personal\DAFStudio\backend\loader_app.py", line 58, in _run_matcher_job
    await Matcher().run()
  File "C:\apps\personal\DAFStudio\backend\apps\matchmaking\service\matcher.py", line 138, in run
    await self.expire_stale()
  File "C:\apps\personal\DAFStudio\backend\apps\matchmaking\service\matcher.py", line 149, in expire_stale
    game_ids = await MatchmakingTicketModel().list_stale_game_ids(
               ^^^^^^^^^^^^^^^^^^^^^^^^^^^^^^^^^^^^^^^^^^^^^^^^^^^
        timeout_seconds=ACCEPTANCE_TIMEOUT_SECONDS
        ^^^^^^^^^^^^^^^^^^^^^^^^^^^^^^^^^^^^^^^^^^
    )
    ^
  File "C:\apps\personal\DAFStudio\backend\apps\matchmaking\models\models.py", line 229, in list_stale_game_ids
    async with self.get_db_connection() as connection:
               ~~~~~~~~~~~~~~~~~~~~~~^^
  File "C:\Users\agust\AppData\Roaming\uv\python\cpython-3.14-windows-x86_64-none\Lib\contextlib.py", line 214, in __aenter__
    return await anext(self.gen)
           ^^^^^^^^^^^^^^^^^^^^^
  File "C:\apps\personal\DAFStudio\backend\apps\matchmaking\models\__init__.py", line 16, in get_db_connection
    async with connection_pool.acquire() as connection:
               ~~~~~~~~~~~~~~~~~~~~~~~^^
  File "C:\apps\personal\DAFStudio\backend\.venv\Lib\site-packages\asyncpg\pool.py", line 1056, in __aenter__
    self.connection = await self.pool._acquire(self.timeout)
                      ^^^^^^^^^^^^^^^^^^^^^^^^^^^^^^^^^^^^^^
  File "C:\apps\personal\DAFStudio\backend\.venv\Lib\site-packages\asyncpg\pool.py", line 896, in _acquire
    return await _acquire_impl()
           ^^^^^^^^^^^^^^^^^^^^^
  File "C:\apps\personal\DAFStudio\backend\.venv\Lib\site-packages\asyncpg\pool.py", line 881, in _acquire_impl
    proxy = await ch.acquire()  # type: PoolConnectionProxy
            ^^^^^^^^^^^^^^^^^^
  File "C:\apps\personal\DAFStudio\backend\.venv\Lib\site-packages\asyncpg\pool.py", line 161, in acquire
    await self.connect()
  File "C:\apps\personal\DAFStudio\backend\.venv\Lib\site-packages\asyncpg\pool.py", line 153, in connect
    self._con = await self._pool._get_new_connection()
                ^^^^^^^^^^^^^^^^^^^^^^^^^^^^^^^^^^^^^^
  File "C:\apps\personal\DAFStudio\backend\.venv\Lib\site-packages\asyncpg\pool.py", line 538, in _get_new_connection
    con = await self._connect(
          ^^^^^^^^^^^^^^^^^^^^
    ...<5 lines>...
    )
    ^
  File "C:\apps\personal\DAFStudio\backend\.venv\Lib\site-packages\asyncpg\connection.py", line 2443, in connect
    return await connect_utils._connect(
           ^^^^^^^^^^^^^^^^^^^^^^^^^^^^^
    ...<22 lines>...
    )
    ^
  File "C:\apps\personal\DAFStudio\backend\.venv\Lib\site-packages\asyncpg\connect_utils.py", line 1249, in _connect
    raise last_error or exceptions.TargetServerAttributeNotMatched(
    ...<2 lines>...
    )
  File "C:\apps\personal\DAFStudio\backend\.venv\Lib\site-packages\asyncpg\connect_utils.py", line 1218, in _connect
    conn = await _connect_addr(
           ^^^^^^^^^^^^^^^^^^^^
    ...<6 lines>...
    )
    ^
  File "C:\apps\personal\DAFStudio\backend\.venv\Lib\site-packages\asyncpg\connect_utils.py", line 1054, in _connect_addr
    return await __connect_addr(params, True, *args)
           ^^^^^^^^^^^^^^^^^^^^^^^^^^^^^^^^^^^^^^^^^
  File "C:\apps\personal\DAFStudio\backend\.venv\Lib\site-packages\asyncpg\connect_utils.py", line 1099, in __connect_addr
    tr, pr = await connector
             ^^^^^^^^^^^^^^^
  File "C:\apps\personal\DAFStudio\backend\.venv\Lib\site-packages\asyncpg\connect_utils.py", line 969, in _create_ssl_connection
    tr, pr = await loop.create_connection(
             ^^^^^^^^^^^^^^^^^^^^^^^^^^^^^
    ...<2 lines>...
        host, port)
        ^^^^^^^^^^^
  File "C:\Users\agust\AppData\Roaming\uv\python\cpython-3.14-windows-x86_64-none\Lib\asyncio\base_events.py", line 1176, in create_connection
    raise OSError('Multiple exceptions: {}'.format(
        ', '.join(str(exc) for exc in exceptions)))
OSError: Multiple exceptions: [Errno 10061] Connect call failed ('::1', 5432, 0, 0), [Errno 10061] Connect call failed ('127.0.0.1', 5432)
2026-07-21 22:19:15,994 INFO    apscheduler.executors.default: Job "_run_matcher_job (trigger: interval[0:00:20], next run at: 2026-07-21 22:19:31 CEST)" executed successfully
2026-07-21 22:19:20,699 INFO    apscheduler.executors.default: Running job "_run_matcher_job (trigger: interval[0:00:20], next run at: 2026-07-21 22:19:40 CEST)" (scheduled at 2026-07-21 22:19:20.686898+02:00)
2026-07-21 22:19:24,762 ERROR   dafstudio: [matcher cron] run failed
Traceback (most recent call last):
  File "C:\apps\personal\DAFStudio\backend\loader_app.py", line 58, in _run_matcher_job
    await Matcher().run()
  File "C:\apps\personal\DAFStudio\backend\apps\matchmaking\service\matcher.py", line 138, in run
    await self.expire_stale()
  File "C:\apps\personal\DAFStudio\backend\apps\matchmaking\service\matcher.py", line 149, in expire_stale
    game_ids = await MatchmakingTicketModel().list_stale_game_ids(
               ^^^^^^^^^^^^^^^^^^^^^^^^^^^^^^^^^^^^^^^^^^^^^^^^^^^
        timeout_seconds=ACCEPTANCE_TIMEOUT_SECONDS
        ^^^^^^^^^^^^^^^^^^^^^^^^^^^^^^^^^^^^^^^^^^
    )
    ^
  File "C:\apps\personal\DAFStudio\backend\apps\matchmaking\models\models.py", line 229, in list_stale_game_ids
    async with self.get_db_connection() as connection:
               ~~~~~~~~~~~~~~~~~~~~~~^^
  File "C:\Users\agust\AppData\Roaming\uv\python\cpython-3.14-windows-x86_64-none\Lib\contextlib.py", line 214, in __aenter__
    return await anext(self.gen)
           ^^^^^^^^^^^^^^^^^^^^^
  File "C:\apps\personal\DAFStudio\backend\apps\matchmaking\models\__init__.py", line 16, in get_db_connection
    async with connection_pool.acquire() as connection:
               ~~~~~~~~~~~~~~~~~~~~~~~^^
  File "C:\apps\personal\DAFStudio\backend\.venv\Lib\site-packages\asyncpg\pool.py", line 1056, in __aenter__
    self.connection = await self.pool._acquire(self.timeout)
                      ^^^^^^^^^^^^^^^^^^^^^^^^^^^^^^^^^^^^^^
  File "C:\apps\personal\DAFStudio\backend\.venv\Lib\site-packages\asyncpg\pool.py", line 896, in _acquire
    return await _acquire_impl()
           ^^^^^^^^^^^^^^^^^^^^^
  File "C:\apps\personal\DAFStudio\backend\.venv\Lib\site-packages\asyncpg\pool.py", line 881, in _acquire_impl
    proxy = await ch.acquire()  # type: PoolConnectionProxy
            ^^^^^^^^^^^^^^^^^^
  File "C:\apps\personal\DAFStudio\backend\.venv\Lib\site-packages\asyncpg\pool.py", line 161, in acquire
    await self.connect()
  File "C:\apps\personal\DAFStudio\backend\.venv\Lib\site-packages\asyncpg\pool.py", line 153, in connect
    self._con = await self._pool._get_new_connection()
                ^^^^^^^^^^^^^^^^^^^^^^^^^^^^^^^^^^^^^^
  File "C:\apps\personal\DAFStudio\backend\.venv\Lib\site-packages\asyncpg\pool.py", line 538, in _get_new_connection
    con = await self._connect(
          ^^^^^^^^^^^^^^^^^^^^
    ...<5 lines>...
    )
    ^
  File "C:\apps\personal\DAFStudio\backend\.venv\Lib\site-packages\asyncpg\connection.py", line 2443, in connect
    return await connect_utils._connect(
           ^^^^^^^^^^^^^^^^^^^^^^^^^^^^^
    ...<22 lines>...
    )
    ^
  File "C:\apps\personal\DAFStudio\backend\.venv\Lib\site-packages\asyncpg\connect_utils.py", line 1249, in _connect
    raise last_error or exceptions.TargetServerAttributeNotMatched(
    ...<2 lines>...
    )
  File "C:\apps\personal\DAFStudio\backend\.venv\Lib\site-packages\asyncpg\connect_utils.py", line 1218, in _connect
    conn = await _connect_addr(
           ^^^^^^^^^^^^^^^^^^^^
    ...<6 lines>...
    )
    ^
  File "C:\apps\personal\DAFStudio\backend\.venv\Lib\site-packages\asyncpg\connect_utils.py", line 1054, in _connect_addr
    return await __connect_addr(params, True, *args)
           ^^^^^^^^^^^^^^^^^^^^^^^^^^^^^^^^^^^^^^^^^
  File "C:\apps\personal\DAFStudio\backend\.venv\Lib\site-packages\asyncpg\connect_utils.py", line 1099, in __connect_addr
    tr, pr = await connector
             ^^^^^^^^^^^^^^^
  File "C:\apps\personal\DAFStudio\backend\.venv\Lib\site-packages\asyncpg\connect_utils.py", line 969, in _create_ssl_connection
    tr, pr = await loop.create_connection(
             ^^^^^^^^^^^^^^^^^^^^^^^^^^^^^
    ...<2 lines>...
        host, port)
        ^^^^^^^^^^^
  File "C:\Users\agust\AppData\Roaming\uv\python\cpython-3.14-windows-x86_64-none\Lib\asyncio\base_events.py", line 1176, in create_connection
    raise OSError('Multiple exceptions: {}'.format(
        ', '.join(str(exc) for exc in exceptions)))
OSError: Multiple exceptions: [Errno 10061] Connect call failed ('::1', 5432, 0, 0), [Errno 10061] Connect call failed ('127.0.0.1', 5432)
2026-07-21 22:19:24,764 INFO    apscheduler.executors.default: Job "_run_matcher_job (trigger: interval[0:00:20], next run at: 2026-07-21 22:19:40 CEST)" executed successfully
2026-07-21 22:19:31,963 INFO    apscheduler.executors.default: Running job "_run_matcher_job (trigger: interval[0:00:20], next run at: 2026-07-21 22:19:51 CEST)" (scheduled at 2026-07-21 22:19:31.951514+02:00)
2026-07-21 22:19:36,014 ERROR   dafstudio: [matcher cron] run failed
Traceback (most recent call last):
  File "C:\apps\personal\DAFStudio\backend\loader_app.py", line 58, in _run_matcher_job
    await Matcher().run()
  File "C:\apps\personal\DAFStudio\backend\apps\matchmaking\service\matcher.py", line 138, in run
    await self.expire_stale()
  File "C:\apps\personal\DAFStudio\backend\apps\matchmaking\service\matcher.py", line 149, in expire_stale
    game_ids = await MatchmakingTicketModel().list_stale_game_ids(
               ^^^^^^^^^^^^^^^^^^^^^^^^^^^^^^^^^^^^^^^^^^^^^^^^^^^
        timeout_seconds=ACCEPTANCE_TIMEOUT_SECONDS
        ^^^^^^^^^^^^^^^^^^^^^^^^^^^^^^^^^^^^^^^^^^
    )
    ^
  File "C:\apps\personal\DAFStudio\backend\apps\matchmaking\models\models.py", line 229, in list_stale_game_ids
    async with self.get_db_connection() as connection:
               ~~~~~~~~~~~~~~~~~~~~~~^^
  File "C:\Users\agust\AppData\Roaming\uv\python\cpython-3.14-windows-x86_64-none\Lib\contextlib.py", line 214, in __aenter__
    return await anext(self.gen)
           ^^^^^^^^^^^^^^^^^^^^^
  File "C:\apps\personal\DAFStudio\backend\apps\matchmaking\models\__init__.py", line 16, in get_db_connection
    async with connection_pool.acquire() as connection:
               ~~~~~~~~~~~~~~~~~~~~~~~^^
  File "C:\apps\personal\DAFStudio\backend\.venv\Lib\site-packages\asyncpg\pool.py", line 1056, in __aenter__
    self.connection = await self.pool._acquire(self.timeout)
                      ^^^^^^^^^^^^^^^^^^^^^^^^^^^^^^^^^^^^^^
  File "C:\apps\personal\DAFStudio\backend\.venv\Lib\site-packages\asyncpg\pool.py", line 896, in _acquire
    return await _acquire_impl()
           ^^^^^^^^^^^^^^^^^^^^^
  File "C:\apps\personal\DAFStudio\backend\.venv\Lib\site-packages\asyncpg\pool.py", line 881, in _acquire_impl
    proxy = await ch.acquire()  # type: PoolConnectionProxy
            ^^^^^^^^^^^^^^^^^^
  File "C:\apps\personal\DAFStudio\backend\.venv\Lib\site-packages\asyncpg\pool.py", line 161, in acquire
    await self.connect()
  File "C:\apps\personal\DAFStudio\backend\.venv\Lib\site-packages\asyncpg\pool.py", line 153, in connect
    self._con = await self._pool._get_new_connection()
                ^^^^^^^^^^^^^^^^^^^^^^^^^^^^^^^^^^^^^^
  File "C:\apps\personal\DAFStudio\backend\.venv\Lib\site-packages\asyncpg\pool.py", line 538, in _get_new_connection
    con = await self._connect(
          ^^^^^^^^^^^^^^^^^^^^
    ...<5 lines>...
    )
    ^
  File "C:\apps\personal\DAFStudio\backend\.venv\Lib\site-packages\asyncpg\connection.py", line 2443, in connect
    return await connect_utils._connect(
           ^^^^^^^^^^^^^^^^^^^^^^^^^^^^^
    ...<22 lines>...
    )
    ^
  File "C:\apps\personal\DAFStudio\backend\.venv\Lib\site-packages\asyncpg\connect_utils.py", line 1249, in _connect
    raise last_error or exceptions.TargetServerAttributeNotMatched(
    ...<2 lines>...
    )
  File "C:\apps\personal\DAFStudio\backend\.venv\Lib\site-packages\asyncpg\connect_utils.py", line 1218, in _connect
    conn = await _connect_addr(
           ^^^^^^^^^^^^^^^^^^^^
    ...<6 lines>...
    )
    ^
  File "C:\apps\personal\DAFStudio\backend\.venv\Lib\site-packages\asyncpg\connect_utils.py", line 1054, in _connect_addr
    return await __connect_addr(params, True, *args)
           ^^^^^^^^^^^^^^^^^^^^^^^^^^^^^^^^^^^^^^^^^
  File "C:\apps\personal\DAFStudio\backend\.venv\Lib\site-packages\asyncpg\connect_utils.py", line 1099, in __connect_addr
    tr, pr = await connector
             ^^^^^^^^^^^^^^^
  File "C:\apps\personal\DAFStudio\backend\.venv\Lib\site-packages\asyncpg\connect_utils.py", line 969, in _create_ssl_connection
    tr, pr = await loop.create_connection(
             ^^^^^^^^^^^^^^^^^^^^^^^^^^^^^
    ...<2 lines>...
        host, port)
        ^^^^^^^^^^^
  File "C:\Users\agust\AppData\Roaming\uv\python\cpython-3.14-windows-x86_64-none\Lib\asyncio\base_events.py", line 1176, in create_connection
    raise OSError('Multiple exceptions: {}'.format(
        ', '.join(str(exc) for exc in exceptions)))
OSError: Multiple exceptions: [Errno 10061] Connect call failed ('::1', 5432, 0, 0), [Errno 10061] Connect call failed ('127.0.0.1', 5432)
2026-07-21 22:19:36,016 INFO    apscheduler.executors.default: Job "_run_matcher_job (trigger: interval[0:00:20], next run at: 2026-07-21 22:19:51 CEST)" executed successfully
2026-07-21 22:19:40,688 INFO    apscheduler.executors.default: Running job "_run_matcher_job (trigger: interval[0:00:20], next run at: 2026-07-21 22:20:00 CEST)" (scheduled at 2026-07-21 22:19:40.686898+02:00)
2026-07-21 22:19:44,765 ERROR   dafstudio: [matcher cron] run failed
Traceback (most recent call last):
  File "C:\apps\personal\DAFStudio\backend\loader_app.py", line 58, in _run_matcher_job
    await Matcher().run()
  File "C:\apps\personal\DAFStudio\backend\apps\matchmaking\service\matcher.py", line 138, in run
    await self.expire_stale()
  File "C:\apps\personal\DAFStudio\backend\apps\matchmaking\service\matcher.py", line 149, in expire_stale
    game_ids = await MatchmakingTicketModel().list_stale_game_ids(
               ^^^^^^^^^^^^^^^^^^^^^^^^^^^^^^^^^^^^^^^^^^^^^^^^^^^
        timeout_seconds=ACCEPTANCE_TIMEOUT_SECONDS
        ^^^^^^^^^^^^^^^^^^^^^^^^^^^^^^^^^^^^^^^^^^
    )
    ^
  File "C:\apps\personal\DAFStudio\backend\apps\matchmaking\models\models.py", line 229, in list_stale_game_ids
    async with self.get_db_connection() as connection:
               ~~~~~~~~~~~~~~~~~~~~~~^^
  File "C:\Users\agust\AppData\Roaming\uv\python\cpython-3.14-windows-x86_64-none\Lib\contextlib.py", line 214, in __aenter__
    return await anext(self.gen)
           ^^^^^^^^^^^^^^^^^^^^^
  File "C:\apps\personal\DAFStudio\backend\apps\matchmaking\models\__init__.py", line 16, in get_db_connection
    async with connection_pool.acquire() as connection:
               ~~~~~~~~~~~~~~~~~~~~~~~^^
  File "C:\apps\personal\DAFStudio\backend\.venv\Lib\site-packages\asyncpg\pool.py", line 1056, in __aenter__
    self.connection = await self.pool._acquire(self.timeout)
                      ^^^^^^^^^^^^^^^^^^^^^^^^^^^^^^^^^^^^^^
  File "C:\apps\personal\DAFStudio\backend\.venv\Lib\site-packages\asyncpg\pool.py", line 896, in _acquire
    return await _acquire_impl()
           ^^^^^^^^^^^^^^^^^^^^^
  File "C:\apps\personal\DAFStudio\backend\.venv\Lib\site-packages\asyncpg\pool.py", line 881, in _acquire_impl
    proxy = await ch.acquire()  # type: PoolConnectionProxy
            ^^^^^^^^^^^^^^^^^^
  File "C:\apps\personal\DAFStudio\backend\.venv\Lib\site-packages\asyncpg\pool.py", line 161, in acquire
    await self.connect()
  File "C:\apps\personal\DAFStudio\backend\.venv\Lib\site-packages\asyncpg\pool.py", line 153, in connect
    self._con = await self._pool._get_new_connection()
                ^^^^^^^^^^^^^^^^^^^^^^^^^^^^^^^^^^^^^^
  File "C:\apps\personal\DAFStudio\backend\.venv\Lib\site-packages\asyncpg\pool.py", line 538, in _get_new_connection
    con = await self._connect(
          ^^^^^^^^^^^^^^^^^^^^
    ...<5 lines>...
    )
    ^
  File "C:\apps\personal\DAFStudio\backend\.venv\Lib\site-packages\asyncpg\connection.py", line 2443, in connect
    return await connect_utils._connect(
           ^^^^^^^^^^^^^^^^^^^^^^^^^^^^^
    ...<22 lines>...
    )
    ^
  File "C:\apps\personal\DAFStudio\backend\.venv\Lib\site-packages\asyncpg\connect_utils.py", line 1249, in _connect
    raise last_error or exceptions.TargetServerAttributeNotMatched(
    ...<2 lines>...
    )
  File "C:\apps\personal\DAFStudio\backend\.venv\Lib\site-packages\asyncpg\connect_utils.py", line 1218, in _connect
    conn = await _connect_addr(
           ^^^^^^^^^^^^^^^^^^^^
    ...<6 lines>...
    )
    ^
  File "C:\apps\personal\DAFStudio\backend\.venv\Lib\site-packages\asyncpg\connect_utils.py", line 1054, in _connect_addr
    return await __connect_addr(params, True, *args)
           ^^^^^^^^^^^^^^^^^^^^^^^^^^^^^^^^^^^^^^^^^
  File "C:\apps\personal\DAFStudio\backend\.venv\Lib\site-packages\asyncpg\connect_utils.py", line 1099, in __connect_addr
    tr, pr = await connector
             ^^^^^^^^^^^^^^^
  File "C:\apps\personal\DAFStudio\backend\.venv\Lib\site-packages\asyncpg\connect_utils.py", line 969, in _create_ssl_connection
    tr, pr = await loop.create_connection(
             ^^^^^^^^^^^^^^^^^^^^^^^^^^^^^
    ...<2 lines>...
        host, port)
        ^^^^^^^^^^^
  File "C:\Users\agust\AppData\Roaming\uv\python\cpython-3.14-windows-x86_64-none\Lib\asyncio\base_events.py", line 1176, in create_connection
    raise OSError('Multiple exceptions: {}'.format(
        ', '.join(str(exc) for exc in exceptions)))
OSError: Multiple exceptions: [Errno 10061] Connect call failed ('::1', 5432, 0, 0), [Errno 10061] Connect call failed ('127.0.0.1', 5432)
2026-07-21 22:19:44,767 INFO    apscheduler.executors.default: Job "_run_matcher_job (trigger: interval[0:00:20], next run at: 2026-07-21 22:20:00 CEST)" executed successfully
2026-07-21 22:19:51,966 INFO    apscheduler.executors.default: Running job "_run_matcher_job (trigger: interval[0:00:20], next run at: 2026-07-21 22:20:11 CEST)" (scheduled at 2026-07-21 22:19:51.951514+02:00)
2026-07-21 22:19:56,027 ERROR   dafstudio: [matcher cron] run failed
Traceback (most recent call last):
  File "C:\apps\personal\DAFStudio\backend\loader_app.py", line 58, in _run_matcher_job
    await Matcher().run()
  File "C:\apps\personal\DAFStudio\backend\apps\matchmaking\service\matcher.py", line 138, in run
    await self.expire_stale()
  File "C:\apps\personal\DAFStudio\backend\apps\matchmaking\service\matcher.py", line 149, in expire_stale
    game_ids = await MatchmakingTicketModel().list_stale_game_ids(
               ^^^^^^^^^^^^^^^^^^^^^^^^^^^^^^^^^^^^^^^^^^^^^^^^^^^
        timeout_seconds=ACCEPTANCE_TIMEOUT_SECONDS
        ^^^^^^^^^^^^^^^^^^^^^^^^^^^^^^^^^^^^^^^^^^
    )
    ^
  File "C:\apps\personal\DAFStudio\backend\apps\matchmaking\models\models.py", line 229, in list_stale_game_ids
    async with self.get_db_connection() as connection:
               ~~~~~~~~~~~~~~~~~~~~~~^^
  File "C:\Users\agust\AppData\Roaming\uv\python\cpython-3.14-windows-x86_64-none\Lib\contextlib.py", line 214, in __aenter__
    return await anext(self.gen)
           ^^^^^^^^^^^^^^^^^^^^^
  File "C:\apps\personal\DAFStudio\backend\apps\matchmaking\models\__init__.py", line 16, in get_db_connection
    async with connection_pool.acquire() as connection:
               ~~~~~~~~~~~~~~~~~~~~~~~^^
  File "C:\apps\personal\DAFStudio\backend\.venv\Lib\site-packages\asyncpg\pool.py", line 1056, in __aenter__
    self.connection = await self.pool._acquire(self.timeout)
                      ^^^^^^^^^^^^^^^^^^^^^^^^^^^^^^^^^^^^^^
  File "C:\apps\personal\DAFStudio\backend\.venv\Lib\site-packages\asyncpg\pool.py", line 896, in _acquire
    return await _acquire_impl()
           ^^^^^^^^^^^^^^^^^^^^^
  File "C:\apps\personal\DAFStudio\backend\.venv\Lib\site-packages\asyncpg\pool.py", line 881, in _acquire_impl
    proxy = await ch.acquire()  # type: PoolConnectionProxy
            ^^^^^^^^^^^^^^^^^^
  File "C:\apps\personal\DAFStudio\backend\.venv\Lib\site-packages\asyncpg\pool.py", line 161, in acquire
    await self.connect()
  File "C:\apps\personal\DAFStudio\backend\.venv\Lib\site-packages\asyncpg\pool.py", line 153, in connect
    self._con = await self._pool._get_new_connection()
                ^^^^^^^^^^^^^^^^^^^^^^^^^^^^^^^^^^^^^^
  File "C:\apps\personal\DAFStudio\backend\.venv\Lib\site-packages\asyncpg\pool.py", line 538, in _get_new_connection
    con = await self._connect(
          ^^^^^^^^^^^^^^^^^^^^
    ...<5 lines>...
    )
    ^
  File "C:\apps\personal\DAFStudio\backend\.venv\Lib\site-packages\asyncpg\connection.py", line 2443, in connect
    return await connect_utils._connect(
           ^^^^^^^^^^^^^^^^^^^^^^^^^^^^^
    ...<22 lines>...
    )
    ^
  File "C:\apps\personal\DAFStudio\backend\.venv\Lib\site-packages\asyncpg\connect_utils.py", line 1249, in _connect
    raise last_error or exceptions.TargetServerAttributeNotMatched(
    ...<2 lines>...
    )
  File "C:\apps\personal\DAFStudio\backend\.venv\Lib\site-packages\asyncpg\connect_utils.py", line 1218, in _connect
    conn = await _connect_addr(
           ^^^^^^^^^^^^^^^^^^^^
    ...<6 lines>...
    )
    ^
  File "C:\apps\personal\DAFStudio\backend\.venv\Lib\site-packages\asyncpg\connect_utils.py", line 1054, in _connect_addr
    return await __connect_addr(params, True, *args)
           ^^^^^^^^^^^^^^^^^^^^^^^^^^^^^^^^^^^^^^^^^
  File "C:\apps\personal\DAFStudio\backend\.venv\Lib\site-packages\asyncpg\connect_utils.py", line 1099, in __connect_addr
    tr, pr = await connector
             ^^^^^^^^^^^^^^^
  File "C:\apps\personal\DAFStudio\backend\.venv\Lib\site-packages\asyncpg\connect_utils.py", line 969, in _create_ssl_connection
    tr, pr = await loop.create_connection(
             ^^^^^^^^^^^^^^^^^^^^^^^^^^^^^
    ...<2 lines>...
        host, port)
        ^^^^^^^^^^^
  File "C:\Users\agust\AppData\Roaming\uv\python\cpython-3.14-windows-x86_64-none\Lib\asyncio\base_events.py", line 1176, in create_connection
    raise OSError('Multiple exceptions: {}'.format(
        ', '.join(str(exc) for exc in exceptions)))
OSError: Multiple exceptions: [Errno 10061] Connect call failed ('::1', 5432, 0, 0), [Errno 10061] Connect call failed ('127.0.0.1', 5432)
2026-07-21 22:19:56,029 INFO    apscheduler.executors.default: Job "_run_matcher_job (trigger: interval[0:00:20], next run at: 2026-07-21 22:20:11 CEST)" executed successfully
2026-07-21 22:20:00,700 INFO    apscheduler.executors.default: Running job "_run_matcher_job (trigger: interval[0:00:20], next run at: 2026-07-21 22:20:20 CEST)" (scheduled at 2026-07-21 22:20:00.686898+02:00)
2026-07-21 22:20:04,797 ERROR   dafstudio: [matcher cron] run failed
Traceback (most recent call last):
  File "C:\apps\personal\DAFStudio\backend\loader_app.py", line 58, in _run_matcher_job
    await Matcher().run()
  File "C:\apps\personal\DAFStudio\backend\apps\matchmaking\service\matcher.py", line 138, in run
    await self.expire_stale()
  File "C:\apps\personal\DAFStudio\backend\apps\matchmaking\service\matcher.py", line 149, in expire_stale
    game_ids = await MatchmakingTicketModel().list_stale_game_ids(
               ^^^^^^^^^^^^^^^^^^^^^^^^^^^^^^^^^^^^^^^^^^^^^^^^^^^
        timeout_seconds=ACCEPTANCE_TIMEOUT_SECONDS
        ^^^^^^^^^^^^^^^^^^^^^^^^^^^^^^^^^^^^^^^^^^
    )
    ^
  File "C:\apps\personal\DAFStudio\backend\apps\matchmaking\models\models.py", line 229, in list_stale_game_ids
    async with self.get_db_connection() as connection:
               ~~~~~~~~~~~~~~~~~~~~~~^^
  File "C:\Users\agust\AppData\Roaming\uv\python\cpython-3.14-windows-x86_64-none\Lib\contextlib.py", line 214, in __aenter__
    return await anext(self.gen)
           ^^^^^^^^^^^^^^^^^^^^^
  File "C:\apps\personal\DAFStudio\backend\apps\matchmaking\models\__init__.py", line 16, in get_db_connection
    async with connection_pool.acquire() as connection:
               ~~~~~~~~~~~~~~~~~~~~~~~^^
  File "C:\apps\personal\DAFStudio\backend\.venv\Lib\site-packages\asyncpg\pool.py", line 1056, in __aenter__
    self.connection = await self.pool._acquire(self.timeout)
                      ^^^^^^^^^^^^^^^^^^^^^^^^^^^^^^^^^^^^^^
  File "C:\apps\personal\DAFStudio\backend\.venv\Lib\site-packages\asyncpg\pool.py", line 896, in _acquire
    return await _acquire_impl()
           ^^^^^^^^^^^^^^^^^^^^^
  File "C:\apps\personal\DAFStudio\backend\.venv\Lib\site-packages\asyncpg\pool.py", line 881, in _acquire_impl
    proxy = await ch.acquire()  # type: PoolConnectionProxy
            ^^^^^^^^^^^^^^^^^^
  File "C:\apps\personal\DAFStudio\backend\.venv\Lib\site-packages\asyncpg\pool.py", line 161, in acquire
    await self.connect()
  File "C:\apps\personal\DAFStudio\backend\.venv\Lib\site-packages\asyncpg\pool.py", line 153, in connect
    self._con = await self._pool._get_new_connection()
                ^^^^^^^^^^^^^^^^^^^^^^^^^^^^^^^^^^^^^^
  File "C:\apps\personal\DAFStudio\backend\.venv\Lib\site-packages\asyncpg\pool.py", line 538, in _get_new_connection
    con = await self._connect(
          ^^^^^^^^^^^^^^^^^^^^
    ...<5 lines>...
    )
    ^
  File "C:\apps\personal\DAFStudio\backend\.venv\Lib\site-packages\asyncpg\connection.py", line 2443, in connect
    return await connect_utils._connect(
           ^^^^^^^^^^^^^^^^^^^^^^^^^^^^^
    ...<22 lines>...
    )
    ^
  File "C:\apps\personal\DAFStudio\backend\.venv\Lib\site-packages\asyncpg\connect_utils.py", line 1249, in _connect
    raise last_error or exceptions.TargetServerAttributeNotMatched(
    ...<2 lines>...
    )
  File "C:\apps\personal\DAFStudio\backend\.venv\Lib\site-packages\asyncpg\connect_utils.py", line 1218, in _connect
    conn = await _connect_addr(
           ^^^^^^^^^^^^^^^^^^^^
    ...<6 lines>...
    )
    ^
  File "C:\apps\personal\DAFStudio\backend\.venv\Lib\site-packages\asyncpg\connect_utils.py", line 1054, in _connect_addr
    return await __connect_addr(params, True, *args)
           ^^^^^^^^^^^^^^^^^^^^^^^^^^^^^^^^^^^^^^^^^
  File "C:\apps\personal\DAFStudio\backend\.venv\Lib\site-packages\asyncpg\connect_utils.py", line 1099, in __connect_addr
    tr, pr = await connector
             ^^^^^^^^^^^^^^^
  File "C:\apps\personal\DAFStudio\backend\.venv\Lib\site-packages\asyncpg\connect_utils.py", line 969, in _create_ssl_connection
    tr, pr = await loop.create_connection(
             ^^^^^^^^^^^^^^^^^^^^^^^^^^^^^
    ...<2 lines>...
        host, port)
        ^^^^^^^^^^^
  File "C:\Users\agust\AppData\Roaming\uv\python\cpython-3.14-windows-x86_64-none\Lib\asyncio\base_events.py", line 1176, in create_connection
    raise OSError('Multiple exceptions: {}'.format(
        ', '.join(str(exc) for exc in exceptions)))
OSError: Multiple exceptions: [Errno 10061] Connect call failed ('::1', 5432, 0, 0), [Errno 10061] Connect call failed ('127.0.0.1', 5432)
2026-07-21 22:20:04,798 INFO    apscheduler.executors.default: Job "_run_matcher_job (trigger: interval[0:00:20], next run at: 2026-07-21 22:20:20 CEST)" executed successfully
2026-07-21 22:20:11,952 INFO    apscheduler.executors.default: Running job "_run_matcher_job (trigger: interval[0:00:20], next run at: 2026-07-21 22:20:31 CEST)" (scheduled at 2026-07-21 22:20:11.951514+02:00)
2026-07-21 22:20:16,015 ERROR   dafstudio: [matcher cron] run failed
Traceback (most recent call last):
  File "C:\apps\personal\DAFStudio\backend\loader_app.py", line 58, in _run_matcher_job
    await Matcher().run()
  File "C:\apps\personal\DAFStudio\backend\apps\matchmaking\service\matcher.py", line 138, in run
    await self.expire_stale()
  File "C:\apps\personal\DAFStudio\backend\apps\matchmaking\service\matcher.py", line 149, in expire_stale
    game_ids = await MatchmakingTicketModel().list_stale_game_ids(
               ^^^^^^^^^^^^^^^^^^^^^^^^^^^^^^^^^^^^^^^^^^^^^^^^^^^
        timeout_seconds=ACCEPTANCE_TIMEOUT_SECONDS
        ^^^^^^^^^^^^^^^^^^^^^^^^^^^^^^^^^^^^^^^^^^
    )
    ^
  File "C:\apps\personal\DAFStudio\backend\apps\matchmaking\models\models.py", line 229, in list_stale_game_ids
    async with self.get_db_connection() as connection:
               ~~~~~~~~~~~~~~~~~~~~~~^^
  File "C:\Users\agust\AppData\Roaming\uv\python\cpython-3.14-windows-x86_64-none\Lib\contextlib.py", line 214, in __aenter__
    return await anext(self.gen)
           ^^^^^^^^^^^^^^^^^^^^^
  File "C:\apps\personal\DAFStudio\backend\apps\matchmaking\models\__init__.py", line 16, in get_db_connection
    async with connection_pool.acquire() as connection:
               ~~~~~~~~~~~~~~~~~~~~~~~^^
  File "C:\apps\personal\DAFStudio\backend\.venv\Lib\site-packages\asyncpg\pool.py", line 1056, in __aenter__
    self.connection = await self.pool._acquire(self.timeout)
                      ^^^^^^^^^^^^^^^^^^^^^^^^^^^^^^^^^^^^^^
  File "C:\apps\personal\DAFStudio\backend\.venv\Lib\site-packages\asyncpg\pool.py", line 896, in _acquire
    return await _acquire_impl()
           ^^^^^^^^^^^^^^^^^^^^^
  File "C:\apps\personal\DAFStudio\backend\.venv\Lib\site-packages\asyncpg\pool.py", line 881, in _acquire_impl
    proxy = await ch.acquire()  # type: PoolConnectionProxy
            ^^^^^^^^^^^^^^^^^^
  File "C:\apps\personal\DAFStudio\backend\.venv\Lib\site-packages\asyncpg\pool.py", line 161, in acquire
    await self.connect()
  File "C:\apps\personal\DAFStudio\backend\.venv\Lib\site-packages\asyncpg\pool.py", line 153, in connect
    self._con = await self._pool._get_new_connection()
                ^^^^^^^^^^^^^^^^^^^^^^^^^^^^^^^^^^^^^^
  File "C:\apps\personal\DAFStudio\backend\.venv\Lib\site-packages\asyncpg\pool.py", line 538, in _get_new_connection
    con = await self._connect(
          ^^^^^^^^^^^^^^^^^^^^
    ...<5 lines>...
    )
    ^
  File "C:\apps\personal\DAFStudio\backend\.venv\Lib\site-packages\asyncpg\connection.py", line 2443, in connect
    return await connect_utils._connect(
           ^^^^^^^^^^^^^^^^^^^^^^^^^^^^^
    ...<22 lines>...
    )
    ^
  File "C:\apps\personal\DAFStudio\backend\.venv\Lib\site-packages\asyncpg\connect_utils.py", line 1249, in _connect
    raise last_error or exceptions.TargetServerAttributeNotMatched(
    ...<2 lines>...
    )
  File "C:\apps\personal\DAFStudio\backend\.venv\Lib\site-packages\asyncpg\connect_utils.py", line 1218, in _connect
    conn = await _connect_addr(
           ^^^^^^^^^^^^^^^^^^^^
    ...<6 lines>...
    )
    ^
  File "C:\apps\personal\DAFStudio\backend\.venv\Lib\site-packages\asyncpg\connect_utils.py", line 1054, in _connect_addr
    return await __connect_addr(params, True, *args)
           ^^^^^^^^^^^^^^^^^^^^^^^^^^^^^^^^^^^^^^^^^
  File "C:\apps\personal\DAFStudio\backend\.venv\Lib\site-packages\asyncpg\connect_utils.py", line 1099, in __connect_addr
    tr, pr = await connector
             ^^^^^^^^^^^^^^^
  File "C:\apps\personal\DAFStudio\backend\.venv\Lib\site-packages\asyncpg\connect_utils.py", line 969, in _create_ssl_connection
    tr, pr = await loop.create_connection(
             ^^^^^^^^^^^^^^^^^^^^^^^^^^^^^
    ...<2 lines>...
        host, port)
        ^^^^^^^^^^^
  File "C:\Users\agust\AppData\Roaming\uv\python\cpython-3.14-windows-x86_64-none\Lib\asyncio\base_events.py", line 1176, in create_connection
    raise OSError('Multiple exceptions: {}'.format(
        ', '.join(str(exc) for exc in exceptions)))
OSError: Multiple exceptions: [Errno 10061] Connect call failed ('::1', 5432, 0, 0), [Errno 10061] Connect call failed ('127.0.0.1', 5432)
2026-07-21 22:20:16,017 INFO    apscheduler.executors.default: Job "_run_matcher_job (trigger: interval[0:00:20], next run at: 2026-07-21 22:20:31 CEST)" executed successfully
2026-07-21 22:20:20,700 INFO    apscheduler.executors.default: Running job "_run_matcher_job (trigger: interval[0:00:20], next run at: 2026-07-21 22:20:40 CEST)" (scheduled at 2026-07-21 22:20:20.686898+02:00)
2026-07-21 22:20:24,748 ERROR   dafstudio: [matcher cron] run failed
Traceback (most recent call last):
  File "C:\apps\personal\DAFStudio\backend\loader_app.py", line 58, in _run_matcher_job
    await Matcher().run()
  File "C:\apps\personal\DAFStudio\backend\apps\matchmaking\service\matcher.py", line 138, in run
    await self.expire_stale()
  File "C:\apps\personal\DAFStudio\backend\apps\matchmaking\service\matcher.py", line 149, in expire_stale
    game_ids = await MatchmakingTicketModel().list_stale_game_ids(
               ^^^^^^^^^^^^^^^^^^^^^^^^^^^^^^^^^^^^^^^^^^^^^^^^^^^
        timeout_seconds=ACCEPTANCE_TIMEOUT_SECONDS
        ^^^^^^^^^^^^^^^^^^^^^^^^^^^^^^^^^^^^^^^^^^
    )
    ^
  File "C:\apps\personal\DAFStudio\backend\apps\matchmaking\models\models.py", line 229, in list_stale_game_ids
    async with self.get_db_connection() as connection:
               ~~~~~~~~~~~~~~~~~~~~~~^^
  File "C:\Users\agust\AppData\Roaming\uv\python\cpython-3.14-windows-x86_64-none\Lib\contextlib.py", line 214, in __aenter__
    return await anext(self.gen)
           ^^^^^^^^^^^^^^^^^^^^^
  File "C:\apps\personal\DAFStudio\backend\apps\matchmaking\models\__init__.py", line 16, in get_db_connection
    async with connection_pool.acquire() as connection:
               ~~~~~~~~~~~~~~~~~~~~~~~^^
  File "C:\apps\personal\DAFStudio\backend\.venv\Lib\site-packages\asyncpg\pool.py", line 1056, in __aenter__
    self.connection = await self.pool._acquire(self.timeout)
                      ^^^^^^^^^^^^^^^^^^^^^^^^^^^^^^^^^^^^^^
  File "C:\apps\personal\DAFStudio\backend\.venv\Lib\site-packages\asyncpg\pool.py", line 896, in _acquire
    return await _acquire_impl()
           ^^^^^^^^^^^^^^^^^^^^^
  File "C:\apps\personal\DAFStudio\backend\.venv\Lib\site-packages\asyncpg\pool.py", line 881, in _acquire_impl
    proxy = await ch.acquire()  # type: PoolConnectionProxy
            ^^^^^^^^^^^^^^^^^^
  File "C:\apps\personal\DAFStudio\backend\.venv\Lib\site-packages\asyncpg\pool.py", line 161, in acquire
    await self.connect()
  File "C:\apps\personal\DAFStudio\backend\.venv\Lib\site-packages\asyncpg\pool.py", line 153, in connect
    self._con = await self._pool._get_new_connection()
                ^^^^^^^^^^^^^^^^^^^^^^^^^^^^^^^^^^^^^^
  File "C:\apps\personal\DAFStudio\backend\.venv\Lib\site-packages\asyncpg\pool.py", line 538, in _get_new_connection
    con = await self._connect(
          ^^^^^^^^^^^^^^^^^^^^
    ...<5 lines>...
    )
    ^
  File "C:\apps\personal\DAFStudio\backend\.venv\Lib\site-packages\asyncpg\connection.py", line 2443, in connect
    return await connect_utils._connect(
           ^^^^^^^^^^^^^^^^^^^^^^^^^^^^^
    ...<22 lines>...
    )
    ^
  File "C:\apps\personal\DAFStudio\backend\.venv\Lib\site-packages\asyncpg\connect_utils.py", line 1249, in _connect
    raise last_error or exceptions.TargetServerAttributeNotMatched(
    ...<2 lines>...
    )
  File "C:\apps\personal\DAFStudio\backend\.venv\Lib\site-packages\asyncpg\connect_utils.py", line 1218, in _connect
    conn = await _connect_addr(
           ^^^^^^^^^^^^^^^^^^^^
    ...<6 lines>...
    )
    ^
  File "C:\apps\personal\DAFStudio\backend\.venv\Lib\site-packages\asyncpg\connect_utils.py", line 1054, in _connect_addr
    return await __connect_addr(params, True, *args)
           ^^^^^^^^^^^^^^^^^^^^^^^^^^^^^^^^^^^^^^^^^
  File "C:\apps\personal\DAFStudio\backend\.venv\Lib\site-packages\asyncpg\connect_utils.py", line 1099, in __connect_addr
    tr, pr = await connector
             ^^^^^^^^^^^^^^^
  File "C:\apps\personal\DAFStudio\backend\.venv\Lib\site-packages\asyncpg\connect_utils.py", line 969, in _create_ssl_connection
    tr, pr = await loop.create_connection(
             ^^^^^^^^^^^^^^^^^^^^^^^^^^^^^
    ...<2 lines>...
        host, port)
        ^^^^^^^^^^^
  File "C:\Users\agust\AppData\Roaming\uv\python\cpython-3.14-windows-x86_64-none\Lib\asyncio\base_events.py", line 1176, in create_connection
    raise OSError('Multiple exceptions: {}'.format(
        ', '.join(str(exc) for exc in exceptions)))
OSError: Multiple exceptions: [Errno 10061] Connect call failed ('::1', 5432, 0, 0), [Errno 10061] Connect call failed ('127.0.0.1', 5432)
2026-07-21 22:20:24,750 INFO    apscheduler.executors.default: Job "_run_matcher_job (trigger: interval[0:00:20], next run at: 2026-07-21 22:20:40 CEST)" executed successfully
2026-07-21 22:20:31,953 INFO    apscheduler.executors.default: Running job "_run_matcher_job (trigger: interval[0:00:20], next run at: 2026-07-21 22:20:51 CEST)" (scheduled at 2026-07-21 22:20:31.951514+02:00)
2026-07-21 22:20:36,016 ERROR   dafstudio: [matcher cron] run failed
Traceback (most recent call last):
  File "C:\apps\personal\DAFStudio\backend\loader_app.py", line 58, in _run_matcher_job
    await Matcher().run()
  File "C:\apps\personal\DAFStudio\backend\apps\matchmaking\service\matcher.py", line 138, in run
    await self.expire_stale()
  File "C:\apps\personal\DAFStudio\backend\apps\matchmaking\service\matcher.py", line 149, in expire_stale
    game_ids = await MatchmakingTicketModel().list_stale_game_ids(
               ^^^^^^^^^^^^^^^^^^^^^^^^^^^^^^^^^^^^^^^^^^^^^^^^^^^
        timeout_seconds=ACCEPTANCE_TIMEOUT_SECONDS
        ^^^^^^^^^^^^^^^^^^^^^^^^^^^^^^^^^^^^^^^^^^
    )
    ^
  File "C:\apps\personal\DAFStudio\backend\apps\matchmaking\models\models.py", line 229, in list_stale_game_ids
    async with self.get_db_connection() as connection:
               ~~~~~~~~~~~~~~~~~~~~~~^^
  File "C:\Users\agust\AppData\Roaming\uv\python\cpython-3.14-windows-x86_64-none\Lib\contextlib.py", line 214, in __aenter__
    return await anext(self.gen)
           ^^^^^^^^^^^^^^^^^^^^^
  File "C:\apps\personal\DAFStudio\backend\apps\matchmaking\models\__init__.py", line 16, in get_db_connection
    async with connection_pool.acquire() as connection:
               ~~~~~~~~~~~~~~~~~~~~~~~^^
  File "C:\apps\personal\DAFStudio\backend\.venv\Lib\site-packages\asyncpg\pool.py", line 1056, in __aenter__
    self.connection = await self.pool._acquire(self.timeout)
                      ^^^^^^^^^^^^^^^^^^^^^^^^^^^^^^^^^^^^^^
  File "C:\apps\personal\DAFStudio\backend\.venv\Lib\site-packages\asyncpg\pool.py", line 896, in _acquire
    return await _acquire_impl()
           ^^^^^^^^^^^^^^^^^^^^^
  File "C:\apps\personal\DAFStudio\backend\.venv\Lib\site-packages\asyncpg\pool.py", line 881, in _acquire_impl
    proxy = await ch.acquire()  # type: PoolConnectionProxy
            ^^^^^^^^^^^^^^^^^^
  File "C:\apps\personal\DAFStudio\backend\.venv\Lib\site-packages\asyncpg\pool.py", line 161, in acquire
    await self.connect()
  File "C:\apps\personal\DAFStudio\backend\.venv\Lib\site-packages\asyncpg\pool.py", line 153, in connect
    self._con = await self._pool._get_new_connection()
                ^^^^^^^^^^^^^^^^^^^^^^^^^^^^^^^^^^^^^^
  File "C:\apps\personal\DAFStudio\backend\.venv\Lib\site-packages\asyncpg\pool.py", line 538, in _get_new_connection
    con = await self._connect(
          ^^^^^^^^^^^^^^^^^^^^
    ...<5 lines>...
    )
    ^
  File "C:\apps\personal\DAFStudio\backend\.venv\Lib\site-packages\asyncpg\connection.py", line 2443, in connect
    return await connect_utils._connect(
           ^^^^^^^^^^^^^^^^^^^^^^^^^^^^^
    ...<22 lines>...
    )
    ^
  File "C:\apps\personal\DAFStudio\backend\.venv\Lib\site-packages\asyncpg\connect_utils.py", line 1249, in _connect
    raise last_error or exceptions.TargetServerAttributeNotMatched(
    ...<2 lines>...
    )
  File "C:\apps\personal\DAFStudio\backend\.venv\Lib\site-packages\asyncpg\connect_utils.py", line 1218, in _connect
    conn = await _connect_addr(
           ^^^^^^^^^^^^^^^^^^^^
    ...<6 lines>...
    )
    ^
  File "C:\apps\personal\DAFStudio\backend\.venv\Lib\site-packages\asyncpg\connect_utils.py", line 1054, in _connect_addr
    return await __connect_addr(params, True, *args)
           ^^^^^^^^^^^^^^^^^^^^^^^^^^^^^^^^^^^^^^^^^
  File "C:\apps\personal\DAFStudio\backend\.venv\Lib\site-packages\asyncpg\connect_utils.py", line 1099, in __connect_addr
    tr, pr = await connector
             ^^^^^^^^^^^^^^^
  File "C:\apps\personal\DAFStudio\backend\.venv\Lib\site-packages\asyncpg\connect_utils.py", line 969, in _create_ssl_connection
    tr, pr = await loop.create_connection(
             ^^^^^^^^^^^^^^^^^^^^^^^^^^^^^
    ...<2 lines>...
        host, port)
        ^^^^^^^^^^^
  File "C:\Users\agust\AppData\Roaming\uv\python\cpython-3.14-windows-x86_64-none\Lib\asyncio\base_events.py", line 1176, in create_connection
    raise OSError('Multiple exceptions: {}'.format(
        ', '.join(str(exc) for exc in exceptions)))
OSError: Multiple exceptions: [Errno 10061] Connect call failed ('::1', 5432, 0, 0), [Errno 10061] Connect call failed ('127.0.0.1', 5432)
2026-07-21 22:20:36,017 INFO    apscheduler.executors.default: Job "_run_matcher_job (trigger: interval[0:00:20], next run at: 2026-07-21 22:20:51 CEST)" executed successfully
2026-07-21 22:20:40,690 INFO    apscheduler.executors.default: Running job "_run_matcher_job (trigger: interval[0:00:20], next run at: 2026-07-21 22:21:00 CEST)" (scheduled at 2026-07-21 22:20:40.686898+02:00)
2026-07-21 22:20:44,721 ERROR   dafstudio: [matcher cron] run failed
Traceback (most recent call last):
  File "C:\apps\personal\DAFStudio\backend\loader_app.py", line 58, in _run_matcher_job
    await Matcher().run()
  File "C:\apps\personal\DAFStudio\backend\apps\matchmaking\service\matcher.py", line 138, in run
    await self.expire_stale()
  File "C:\apps\personal\DAFStudio\backend\apps\matchmaking\service\matcher.py", line 149, in expire_stale
    game_ids = await MatchmakingTicketModel().list_stale_game_ids(
               ^^^^^^^^^^^^^^^^^^^^^^^^^^^^^^^^^^^^^^^^^^^^^^^^^^^
        timeout_seconds=ACCEPTANCE_TIMEOUT_SECONDS
        ^^^^^^^^^^^^^^^^^^^^^^^^^^^^^^^^^^^^^^^^^^
    )
    ^
  File "C:\apps\personal\DAFStudio\backend\apps\matchmaking\models\models.py", line 229, in list_stale_game_ids
    async with self.get_db_connection() as connection:
               ~~~~~~~~~~~~~~~~~~~~~~^^
  File "C:\Users\agust\AppData\Roaming\uv\python\cpython-3.14-windows-x86_64-none\Lib\contextlib.py", line 214, in __aenter__
    return await anext(self.gen)
           ^^^^^^^^^^^^^^^^^^^^^
  File "C:\apps\personal\DAFStudio\backend\apps\matchmaking\models\__init__.py", line 16, in get_db_connection
    async with connection_pool.acquire() as connection:
               ~~~~~~~~~~~~~~~~~~~~~~~^^
  File "C:\apps\personal\DAFStudio\backend\.venv\Lib\site-packages\asyncpg\pool.py", line 1056, in __aenter__
    self.connection = await self.pool._acquire(self.timeout)
                      ^^^^^^^^^^^^^^^^^^^^^^^^^^^^^^^^^^^^^^
  File "C:\apps\personal\DAFStudio\backend\.venv\Lib\site-packages\asyncpg\pool.py", line 896, in _acquire
    return await _acquire_impl()
           ^^^^^^^^^^^^^^^^^^^^^
  File "C:\apps\personal\DAFStudio\backend\.venv\Lib\site-packages\asyncpg\pool.py", line 881, in _acquire_impl
    proxy = await ch.acquire()  # type: PoolConnectionProxy
            ^^^^^^^^^^^^^^^^^^
  File "C:\apps\personal\DAFStudio\backend\.venv\Lib\site-packages\asyncpg\pool.py", line 161, in acquire
    await self.connect()
  File "C:\apps\personal\DAFStudio\backend\.venv\Lib\site-packages\asyncpg\pool.py", line 153, in connect
    self._con = await self._pool._get_new_connection()
                ^^^^^^^^^^^^^^^^^^^^^^^^^^^^^^^^^^^^^^
  File "C:\apps\personal\DAFStudio\backend\.venv\Lib\site-packages\asyncpg\pool.py", line 538, in _get_new_connection
    con = await self._connect(
          ^^^^^^^^^^^^^^^^^^^^
    ...<5 lines>...
    )
    ^
  File "C:\apps\personal\DAFStudio\backend\.venv\Lib\site-packages\asyncpg\connection.py", line 2443, in connect
    return await connect_utils._connect(
           ^^^^^^^^^^^^^^^^^^^^^^^^^^^^^
    ...<22 lines>...
    )
    ^
  File "C:\apps\personal\DAFStudio\backend\.venv\Lib\site-packages\asyncpg\connect_utils.py", line 1249, in _connect
    raise last_error or exceptions.TargetServerAttributeNotMatched(
    ...<2 lines>...
    )
  File "C:\apps\personal\DAFStudio\backend\.venv\Lib\site-packages\asyncpg\connect_utils.py", line 1218, in _connect
    conn = await _connect_addr(
           ^^^^^^^^^^^^^^^^^^^^
    ...<6 lines>...
    )
    ^
  File "C:\apps\personal\DAFStudio\backend\.venv\Lib\site-packages\asyncpg\connect_utils.py", line 1054, in _connect_addr
    return await __connect_addr(params, True, *args)
           ^^^^^^^^^^^^^^^^^^^^^^^^^^^^^^^^^^^^^^^^^
  File "C:\apps\personal\DAFStudio\backend\.venv\Lib\site-packages\asyncpg\connect_utils.py", line 1099, in __connect_addr
    tr, pr = await connector
             ^^^^^^^^^^^^^^^
  File "C:\apps\personal\DAFStudio\backend\.venv\Lib\site-packages\asyncpg\connect_utils.py", line 969, in _create_ssl_connection
    tr, pr = await loop.create_connection(
             ^^^^^^^^^^^^^^^^^^^^^^^^^^^^^
    ...<2 lines>...
        host, port)
        ^^^^^^^^^^^
  File "C:\Users\agust\AppData\Roaming\uv\python\cpython-3.14-windows-x86_64-none\Lib\asyncio\base_events.py", line 1176, in create_connection
    raise OSError('Multiple exceptions: {}'.format(
        ', '.join(str(exc) for exc in exceptions)))
OSError: Multiple exceptions: [Errno 10061] Connect call failed ('::1', 5432, 0, 0), [Errno 10061] Connect call failed ('127.0.0.1', 5432)
2026-07-21 22:20:44,722 INFO    apscheduler.executors.default: Job "_run_matcher_job (trigger: interval[0:00:20], next run at: 2026-07-21 22:21:00 CEST)" executed successfully
2026-07-21 22:20:51,959 INFO    apscheduler.executors.default: Running job "_run_matcher_job (trigger: interval[0:00:20], next run at: 2026-07-21 22:21:11 CEST)" (scheduled at 2026-07-21 22:20:51.951514+02:00)
2026-07-21 22:20:55,989 ERROR   dafstudio: [matcher cron] run failed
Traceback (most recent call last):
  File "C:\apps\personal\DAFStudio\backend\loader_app.py", line 58, in _run_matcher_job
    await Matcher().run()
  File "C:\apps\personal\DAFStudio\backend\apps\matchmaking\service\matcher.py", line 138, in run
    await self.expire_stale()
  File "C:\apps\personal\DAFStudio\backend\apps\matchmaking\service\matcher.py", line 149, in expire_stale
    game_ids = await MatchmakingTicketModel().list_stale_game_ids(
               ^^^^^^^^^^^^^^^^^^^^^^^^^^^^^^^^^^^^^^^^^^^^^^^^^^^
        timeout_seconds=ACCEPTANCE_TIMEOUT_SECONDS
        ^^^^^^^^^^^^^^^^^^^^^^^^^^^^^^^^^^^^^^^^^^
    )
    ^
  File "C:\apps\personal\DAFStudio\backend\apps\matchmaking\models\models.py", line 229, in list_stale_game_ids
    async with self.get_db_connection() as connection:
               ~~~~~~~~~~~~~~~~~~~~~~^^
  File "C:\Users\agust\AppData\Roaming\uv\python\cpython-3.14-windows-x86_64-none\Lib\contextlib.py", line 214, in __aenter__
    return await anext(self.gen)
           ^^^^^^^^^^^^^^^^^^^^^
  File "C:\apps\personal\DAFStudio\backend\apps\matchmaking\models\__init__.py", line 16, in get_db_connection
    async with connection_pool.acquire() as connection:
               ~~~~~~~~~~~~~~~~~~~~~~~^^
  File "C:\apps\personal\DAFStudio\backend\.venv\Lib\site-packages\asyncpg\pool.py", line 1056, in __aenter__
    self.connection = await self.pool._acquire(self.timeout)
                      ^^^^^^^^^^^^^^^^^^^^^^^^^^^^^^^^^^^^^^
  File "C:\apps\personal\DAFStudio\backend\.venv\Lib\site-packages\asyncpg\pool.py", line 896, in _acquire
    return await _acquire_impl()
           ^^^^^^^^^^^^^^^^^^^^^
  File "C:\apps\personal\DAFStudio\backend\.venv\Lib\site-packages\asyncpg\pool.py", line 881, in _acquire_impl
    proxy = await ch.acquire()  # type: PoolConnectionProxy
            ^^^^^^^^^^^^^^^^^^
  File "C:\apps\personal\DAFStudio\backend\.venv\Lib\site-packages\asyncpg\pool.py", line 161, in acquire
    await self.connect()
  File "C:\apps\personal\DAFStudio\backend\.venv\Lib\site-packages\asyncpg\pool.py", line 153, in connect
    self._con = await self._pool._get_new_connection()
                ^^^^^^^^^^^^^^^^^^^^^^^^^^^^^^^^^^^^^^
  File "C:\apps\personal\DAFStudio\backend\.venv\Lib\site-packages\asyncpg\pool.py", line 538, in _get_new_connection
    con = await self._connect(
          ^^^^^^^^^^^^^^^^^^^^
    ...<5 lines>...
    )
    ^
  File "C:\apps\personal\DAFStudio\backend\.venv\Lib\site-packages\asyncpg\connection.py", line 2443, in connect
    return await connect_utils._connect(
           ^^^^^^^^^^^^^^^^^^^^^^^^^^^^^
    ...<22 lines>...
    )
    ^
  File "C:\apps\personal\DAFStudio\backend\.venv\Lib\site-packages\asyncpg\connect_utils.py", line 1249, in _connect
    raise last_error or exceptions.TargetServerAttributeNotMatched(
    ...<2 lines>...
    )
  File "C:\apps\personal\DAFStudio\backend\.venv\Lib\site-packages\asyncpg\connect_utils.py", line 1218, in _connect
    conn = await _connect_addr(
           ^^^^^^^^^^^^^^^^^^^^
    ...<6 lines>...
    )
    ^
  File "C:\apps\personal\DAFStudio\backend\.venv\Lib\site-packages\asyncpg\connect_utils.py", line 1054, in _connect_addr
    return await __connect_addr(params, True, *args)
           ^^^^^^^^^^^^^^^^^^^^^^^^^^^^^^^^^^^^^^^^^
  File "C:\apps\personal\DAFStudio\backend\.venv\Lib\site-packages\asyncpg\connect_utils.py", line 1099, in __connect_addr
    tr, pr = await connector
             ^^^^^^^^^^^^^^^
  File "C:\apps\personal\DAFStudio\backend\.venv\Lib\site-packages\asyncpg\connect_utils.py", line 969, in _create_ssl_connection
    tr, pr = await loop.create_connection(
             ^^^^^^^^^^^^^^^^^^^^^^^^^^^^^
    ...<2 lines>...
        host, port)
        ^^^^^^^^^^^
  File "C:\Users\agust\AppData\Roaming\uv\python\cpython-3.14-windows-x86_64-none\Lib\asyncio\base_events.py", line 1176, in create_connection
    raise OSError('Multiple exceptions: {}'.format(
        ', '.join(str(exc) for exc in exceptions)))
OSError: Multiple exceptions: [Errno 10061] Connect call failed ('::1', 5432, 0, 0), [Errno 10061] Connect call failed ('127.0.0.1', 5432)
2026-07-21 22:20:55,990 INFO    apscheduler.executors.default: Job "_run_matcher_job (trigger: interval[0:00:20], next run at: 2026-07-21 22:21:11 CEST)" executed successfully
2026-07-21 22:21:00,689 INFO    apscheduler.executors.default: Running job "_run_matcher_job (trigger: interval[0:00:20], next run at: 2026-07-21 22:21:20 CEST)" (scheduled at 2026-07-21 22:21:00.686898+02:00)
2026-07-21 22:21:04,765 ERROR   dafstudio: [matcher cron] run failed
Traceback (most recent call last):
  File "C:\apps\personal\DAFStudio\backend\loader_app.py", line 58, in _run_matcher_job
    await Matcher().run()
  File "C:\apps\personal\DAFStudio\backend\apps\matchmaking\service\matcher.py", line 138, in run
    await self.expire_stale()
  File "C:\apps\personal\DAFStudio\backend\apps\matchmaking\service\matcher.py", line 149, in expire_stale
    game_ids = await MatchmakingTicketModel().list_stale_game_ids(
               ^^^^^^^^^^^^^^^^^^^^^^^^^^^^^^^^^^^^^^^^^^^^^^^^^^^
        timeout_seconds=ACCEPTANCE_TIMEOUT_SECONDS
        ^^^^^^^^^^^^^^^^^^^^^^^^^^^^^^^^^^^^^^^^^^
    )
    ^
  File "C:\apps\personal\DAFStudio\backend\apps\matchmaking\models\models.py", line 229, in list_stale_game_ids
    async with self.get_db_connection() as connection:
               ~~~~~~~~~~~~~~~~~~~~~~^^
  File "C:\Users\agust\AppData\Roaming\uv\python\cpython-3.14-windows-x86_64-none\Lib\contextlib.py", line 214, in __aenter__
    return await anext(self.gen)
           ^^^^^^^^^^^^^^^^^^^^^
  File "C:\apps\personal\DAFStudio\backend\apps\matchmaking\models\__init__.py", line 16, in get_db_connection
    async with connection_pool.acquire() as connection:
               ~~~~~~~~~~~~~~~~~~~~~~~^^
  File "C:\apps\personal\DAFStudio\backend\.venv\Lib\site-packages\asyncpg\pool.py", line 1056, in __aenter__
    self.connection = await self.pool._acquire(self.timeout)
                      ^^^^^^^^^^^^^^^^^^^^^^^^^^^^^^^^^^^^^^
  File "C:\apps\personal\DAFStudio\backend\.venv\Lib\site-packages\asyncpg\pool.py", line 896, in _acquire
    return await _acquire_impl()
           ^^^^^^^^^^^^^^^^^^^^^
  File "C:\apps\personal\DAFStudio\backend\.venv\Lib\site-packages\asyncpg\pool.py", line 881, in _acquire_impl
    proxy = await ch.acquire()  # type: PoolConnectionProxy
            ^^^^^^^^^^^^^^^^^^
  File "C:\apps\personal\DAFStudio\backend\.venv\Lib\site-packages\asyncpg\pool.py", line 161, in acquire
    await self.connect()
  File "C:\apps\personal\DAFStudio\backend\.venv\Lib\site-packages\asyncpg\pool.py", line 153, in connect
    self._con = await self._pool._get_new_connection()
                ^^^^^^^^^^^^^^^^^^^^^^^^^^^^^^^^^^^^^^
  File "C:\apps\personal\DAFStudio\backend\.venv\Lib\site-packages\asyncpg\pool.py", line 538, in _get_new_connection
    con = await self._connect(
          ^^^^^^^^^^^^^^^^^^^^
    ...<5 lines>...
    )
    ^
  File "C:\apps\personal\DAFStudio\backend\.venv\Lib\site-packages\asyncpg\connection.py", line 2443, in connect
    return await connect_utils._connect(
           ^^^^^^^^^^^^^^^^^^^^^^^^^^^^^
    ...<22 lines>...
    )
    ^
  File "C:\apps\personal\DAFStudio\backend\.venv\Lib\site-packages\asyncpg\connect_utils.py", line 1249, in _connect
    raise last_error or exceptions.TargetServerAttributeNotMatched(
    ...<2 lines>...
    )
  File "C:\apps\personal\DAFStudio\backend\.venv\Lib\site-packages\asyncpg\connect_utils.py", line 1218, in _connect
    conn = await _connect_addr(
           ^^^^^^^^^^^^^^^^^^^^
    ...<6 lines>...
    )
    ^
  File "C:\apps\personal\DAFStudio\backend\.venv\Lib\site-packages\asyncpg\connect_utils.py", line 1054, in _connect_addr
    return await __connect_addr(params, True, *args)
           ^^^^^^^^^^^^^^^^^^^^^^^^^^^^^^^^^^^^^^^^^
  File "C:\apps\personal\DAFStudio\backend\.venv\Lib\site-packages\asyncpg\connect_utils.py", line 1099, in __connect_addr
    tr, pr = await connector
             ^^^^^^^^^^^^^^^
  File "C:\apps\personal\DAFStudio\backend\.venv\Lib\site-packages\asyncpg\connect_utils.py", line 969, in _create_ssl_connection
    tr, pr = await loop.create_connection(
             ^^^^^^^^^^^^^^^^^^^^^^^^^^^^^
    ...<2 lines>...
        host, port)
        ^^^^^^^^^^^
  File "C:\Users\agust\AppData\Roaming\uv\python\cpython-3.14-windows-x86_64-none\Lib\asyncio\base_events.py", line 1176, in create_connection
    raise OSError('Multiple exceptions: {}'.format(
        ', '.join(str(exc) for exc in exceptions)))
OSError: Multiple exceptions: [Errno 10061] Connect call failed ('::1', 5432, 0, 0), [Errno 10061] Connect call failed ('127.0.0.1', 5432)
2026-07-21 22:21:04,767 INFO    apscheduler.executors.default: Job "_run_matcher_job (trigger: interval[0:00:20], next run at: 2026-07-21 22:21:20 CEST)" executed successfully
2026-07-21 22:21:11,954 INFO    apscheduler.executors.default: Running job "_run_matcher_job (trigger: interval[0:00:20], next run at: 2026-07-21 22:21:31 CEST)" (scheduled at 2026-07-21 22:21:11.951514+02:00)
2026-07-21 22:21:16,032 ERROR   dafstudio: [matcher cron] run failed
Traceback (most recent call last):
  File "C:\apps\personal\DAFStudio\backend\loader_app.py", line 58, in _run_matcher_job
    await Matcher().run()
  File "C:\apps\personal\DAFStudio\backend\apps\matchmaking\service\matcher.py", line 138, in run
    await self.expire_stale()
  File "C:\apps\personal\DAFStudio\backend\apps\matchmaking\service\matcher.py", line 149, in expire_stale
    game_ids = await MatchmakingTicketModel().list_stale_game_ids(
               ^^^^^^^^^^^^^^^^^^^^^^^^^^^^^^^^^^^^^^^^^^^^^^^^^^^
        timeout_seconds=ACCEPTANCE_TIMEOUT_SECONDS
        ^^^^^^^^^^^^^^^^^^^^^^^^^^^^^^^^^^^^^^^^^^
    )
    ^
  File "C:\apps\personal\DAFStudio\backend\apps\matchmaking\models\models.py", line 229, in list_stale_game_ids
    async with self.get_db_connection() as connection:
               ~~~~~~~~~~~~~~~~~~~~~~^^
  File "C:\Users\agust\AppData\Roaming\uv\python\cpython-3.14-windows-x86_64-none\Lib\contextlib.py", line 214, in __aenter__
    return await anext(self.gen)
           ^^^^^^^^^^^^^^^^^^^^^
  File "C:\apps\personal\DAFStudio\backend\apps\matchmaking\models\__init__.py", line 16, in get_db_connection
    async with connection_pool.acquire() as connection:
               ~~~~~~~~~~~~~~~~~~~~~~~^^
  File "C:\apps\personal\DAFStudio\backend\.venv\Lib\site-packages\asyncpg\pool.py", line 1056, in __aenter__
    self.connection = await self.pool._acquire(self.timeout)
                      ^^^^^^^^^^^^^^^^^^^^^^^^^^^^^^^^^^^^^^
  File "C:\apps\personal\DAFStudio\backend\.venv\Lib\site-packages\asyncpg\pool.py", line 896, in _acquire
    return await _acquire_impl()
           ^^^^^^^^^^^^^^^^^^^^^
  File "C:\apps\personal\DAFStudio\backend\.venv\Lib\site-packages\asyncpg\pool.py", line 881, in _acquire_impl
    proxy = await ch.acquire()  # type: PoolConnectionProxy
            ^^^^^^^^^^^^^^^^^^
  File "C:\apps\personal\DAFStudio\backend\.venv\Lib\site-packages\asyncpg\pool.py", line 161, in acquire
    await self.connect()
  File "C:\apps\personal\DAFStudio\backend\.venv\Lib\site-packages\asyncpg\pool.py", line 153, in connect
    self._con = await self._pool._get_new_connection()
                ^^^^^^^^^^^^^^^^^^^^^^^^^^^^^^^^^^^^^^
  File "C:\apps\personal\DAFStudio\backend\.venv\Lib\site-packages\asyncpg\pool.py", line 538, in _get_new_connection
    con = await self._connect(
          ^^^^^^^^^^^^^^^^^^^^
    ...<5 lines>...
    )
    ^
  File "C:\apps\personal\DAFStudio\backend\.venv\Lib\site-packages\asyncpg\connection.py", line 2443, in connect
    return await connect_utils._connect(
           ^^^^^^^^^^^^^^^^^^^^^^^^^^^^^
    ...<22 lines>...
    )
    ^
  File "C:\apps\personal\DAFStudio\backend\.venv\Lib\site-packages\asyncpg\connect_utils.py", line 1249, in _connect
    raise last_error or exceptions.TargetServerAttributeNotMatched(
    ...<2 lines>...
    )
  File "C:\apps\personal\DAFStudio\backend\.venv\Lib\site-packages\asyncpg\connect_utils.py", line 1218, in _connect
    conn = await _connect_addr(
           ^^^^^^^^^^^^^^^^^^^^
    ...<6 lines>...
    )
    ^
  File "C:\apps\personal\DAFStudio\backend\.venv\Lib\site-packages\asyncpg\connect_utils.py", line 1054, in _connect_addr
    return await __connect_addr(params, True, *args)
           ^^^^^^^^^^^^^^^^^^^^^^^^^^^^^^^^^^^^^^^^^
  File "C:\apps\personal\DAFStudio\backend\.venv\Lib\site-packages\asyncpg\connect_utils.py", line 1099, in __connect_addr
    tr, pr = await connector
             ^^^^^^^^^^^^^^^
  File "C:\apps\personal\DAFStudio\backend\.venv\Lib\site-packages\asyncpg\connect_utils.py", line 969, in _create_ssl_connection
    tr, pr = await loop.create_connection(
             ^^^^^^^^^^^^^^^^^^^^^^^^^^^^^
    ...<2 lines>...
        host, port)
        ^^^^^^^^^^^
  File "C:\Users\agust\AppData\Roaming\uv\python\cpython-3.14-windows-x86_64-none\Lib\asyncio\base_events.py", line 1176, in create_connection
    raise OSError('Multiple exceptions: {}'.format(
        ', '.join(str(exc) for exc in exceptions)))
OSError: Multiple exceptions: [Errno 10061] Connect call failed ('::1', 5432, 0, 0), [Errno 10061] Connect call failed ('127.0.0.1', 5432)
2026-07-21 22:21:16,034 INFO    apscheduler.executors.default: Job "_run_matcher_job (trigger: interval[0:00:20], next run at: 2026-07-21 22:21:31 CEST)" executed successfully
2026-07-21 22:21:20,694 INFO    apscheduler.executors.default: Running job "_run_matcher_job (trigger: interval[0:00:20], next run at: 2026-07-21 22:21:40 CEST)" (scheduled at 2026-07-21 22:21:20.686898+02:00)
2026-07-21 22:21:24,730 ERROR   dafstudio: [matcher cron] run failed
Traceback (most recent call last):
  File "C:\apps\personal\DAFStudio\backend\loader_app.py", line 58, in _run_matcher_job
    await Matcher().run()
  File "C:\apps\personal\DAFStudio\backend\apps\matchmaking\service\matcher.py", line 138, in run
    await self.expire_stale()
  File "C:\apps\personal\DAFStudio\backend\apps\matchmaking\service\matcher.py", line 149, in expire_stale
    game_ids = await MatchmakingTicketModel().list_stale_game_ids(
               ^^^^^^^^^^^^^^^^^^^^^^^^^^^^^^^^^^^^^^^^^^^^^^^^^^^
        timeout_seconds=ACCEPTANCE_TIMEOUT_SECONDS
        ^^^^^^^^^^^^^^^^^^^^^^^^^^^^^^^^^^^^^^^^^^
    )
    ^
  File "C:\apps\personal\DAFStudio\backend\apps\matchmaking\models\models.py", line 229, in list_stale_game_ids
    async with self.get_db_connection() as connection:
               ~~~~~~~~~~~~~~~~~~~~~~^^
  File "C:\Users\agust\AppData\Roaming\uv\python\cpython-3.14-windows-x86_64-none\Lib\contextlib.py", line 214, in __aenter__
    return await anext(self.gen)
           ^^^^^^^^^^^^^^^^^^^^^
  File "C:\apps\personal\DAFStudio\backend\apps\matchmaking\models\__init__.py", line 16, in get_db_connection
    async with connection_pool.acquire() as connection:
               ~~~~~~~~~~~~~~~~~~~~~~~^^
  File "C:\apps\personal\DAFStudio\backend\.venv\Lib\site-packages\asyncpg\pool.py", line 1056, in __aenter__
    self.connection = await self.pool._acquire(self.timeout)
                      ^^^^^^^^^^^^^^^^^^^^^^^^^^^^^^^^^^^^^^
  File "C:\apps\personal\DAFStudio\backend\.venv\Lib\site-packages\asyncpg\pool.py", line 896, in _acquire
    return await _acquire_impl()
           ^^^^^^^^^^^^^^^^^^^^^
  File "C:\apps\personal\DAFStudio\backend\.venv\Lib\site-packages\asyncpg\pool.py", line 881, in _acquire_impl
    proxy = await ch.acquire()  # type: PoolConnectionProxy
            ^^^^^^^^^^^^^^^^^^
  File "C:\apps\personal\DAFStudio\backend\.venv\Lib\site-packages\asyncpg\pool.py", line 161, in acquire
    await self.connect()
  File "C:\apps\personal\DAFStudio\backend\.venv\Lib\site-packages\asyncpg\pool.py", line 153, in connect
    self._con = await self._pool._get_new_connection()
                ^^^^^^^^^^^^^^^^^^^^^^^^^^^^^^^^^^^^^^
  File "C:\apps\personal\DAFStudio\backend\.venv\Lib\site-packages\asyncpg\pool.py", line 538, in _get_new_connection
    con = await self._connect(
          ^^^^^^^^^^^^^^^^^^^^
    ...<5 lines>...
    )
    ^
  File "C:\apps\personal\DAFStudio\backend\.venv\Lib\site-packages\asyncpg\connection.py", line 2443, in connect
    return await connect_utils._connect(
           ^^^^^^^^^^^^^^^^^^^^^^^^^^^^^
    ...<22 lines>...
    )
    ^
  File "C:\apps\personal\DAFStudio\backend\.venv\Lib\site-packages\asyncpg\connect_utils.py", line 1249, in _connect
    raise last_error or exceptions.TargetServerAttributeNotMatched(
    ...<2 lines>...
    )
  File "C:\apps\personal\DAFStudio\backend\.venv\Lib\site-packages\asyncpg\connect_utils.py", line 1218, in _connect
    conn = await _connect_addr(
           ^^^^^^^^^^^^^^^^^^^^
    ...<6 lines>...
    )
    ^
  File "C:\apps\personal\DAFStudio\backend\.venv\Lib\site-packages\asyncpg\connect_utils.py", line 1054, in _connect_addr
    return await __connect_addr(params, True, *args)
           ^^^^^^^^^^^^^^^^^^^^^^^^^^^^^^^^^^^^^^^^^
  File "C:\apps\personal\DAFStudio\backend\.venv\Lib\site-packages\asyncpg\connect_utils.py", line 1099, in __connect_addr
    tr, pr = await connector
             ^^^^^^^^^^^^^^^
  File "C:\apps\personal\DAFStudio\backend\.venv\Lib\site-packages\asyncpg\connect_utils.py", line 969, in _create_ssl_connection
    tr, pr = await loop.create_connection(
             ^^^^^^^^^^^^^^^^^^^^^^^^^^^^^
    ...<2 lines>...
        host, port)
        ^^^^^^^^^^^
  File "C:\Users\agust\AppData\Roaming\uv\python\cpython-3.14-windows-x86_64-none\Lib\asyncio\base_events.py", line 1176, in create_connection
    raise OSError('Multiple exceptions: {}'.format(
        ', '.join(str(exc) for exc in exceptions)))
OSError: Multiple exceptions: [Errno 10061] Connect call failed ('::1', 5432, 0, 0), [Errno 10061] Connect call failed ('127.0.0.1', 5432)
2026-07-21 22:21:24,731 INFO    apscheduler.executors.default: Job "_run_matcher_job (trigger: interval[0:00:20], next run at: 2026-07-21 22:21:40 CEST)" executed successfully
2026-07-21 22:21:31,966 INFO    apscheduler.executors.default: Running job "_run_matcher_job (trigger: interval[0:00:20], next run at: 2026-07-21 22:21:51 CEST)" (scheduled at 2026-07-21 22:21:31.951514+02:00)
2026-07-21 22:21:36,033 ERROR   dafstudio: [matcher cron] run failed
Traceback (most recent call last):
  File "C:\apps\personal\DAFStudio\backend\loader_app.py", line 58, in _run_matcher_job
    await Matcher().run()
  File "C:\apps\personal\DAFStudio\backend\apps\matchmaking\service\matcher.py", line 138, in run
    await self.expire_stale()
  File "C:\apps\personal\DAFStudio\backend\apps\matchmaking\service\matcher.py", line 149, in expire_stale
    game_ids = await MatchmakingTicketModel().list_stale_game_ids(
               ^^^^^^^^^^^^^^^^^^^^^^^^^^^^^^^^^^^^^^^^^^^^^^^^^^^
        timeout_seconds=ACCEPTANCE_TIMEOUT_SECONDS
        ^^^^^^^^^^^^^^^^^^^^^^^^^^^^^^^^^^^^^^^^^^
    )
    ^
  File "C:\apps\personal\DAFStudio\backend\apps\matchmaking\models\models.py", line 229, in list_stale_game_ids
    async with self.get_db_connection() as connection:
               ~~~~~~~~~~~~~~~~~~~~~~^^
  File "C:\Users\agust\AppData\Roaming\uv\python\cpython-3.14-windows-x86_64-none\Lib\contextlib.py", line 214, in __aenter__
    return await anext(self.gen)
           ^^^^^^^^^^^^^^^^^^^^^
  File "C:\apps\personal\DAFStudio\backend\apps\matchmaking\models\__init__.py", line 16, in get_db_connection
    async with connection_pool.acquire() as connection:
               ~~~~~~~~~~~~~~~~~~~~~~~^^
  File "C:\apps\personal\DAFStudio\backend\.venv\Lib\site-packages\asyncpg\pool.py", line 1056, in __aenter__
    self.connection = await self.pool._acquire(self.timeout)
                      ^^^^^^^^^^^^^^^^^^^^^^^^^^^^^^^^^^^^^^
  File "C:\apps\personal\DAFStudio\backend\.venv\Lib\site-packages\asyncpg\pool.py", line 896, in _acquire
    return await _acquire_impl()
           ^^^^^^^^^^^^^^^^^^^^^
  File "C:\apps\personal\DAFStudio\backend\.venv\Lib\site-packages\asyncpg\pool.py", line 881, in _acquire_impl
    proxy = await ch.acquire()  # type: PoolConnectionProxy
            ^^^^^^^^^^^^^^^^^^
  File "C:\apps\personal\DAFStudio\backend\.venv\Lib\site-packages\asyncpg\pool.py", line 161, in acquire
    await self.connect()
  File "C:\apps\personal\DAFStudio\backend\.venv\Lib\site-packages\asyncpg\pool.py", line 153, in connect
    self._con = await self._pool._get_new_connection()
                ^^^^^^^^^^^^^^^^^^^^^^^^^^^^^^^^^^^^^^
  File "C:\apps\personal\DAFStudio\backend\.venv\Lib\site-packages\asyncpg\pool.py", line 538, in _get_new_connection
    con = await self._connect(
          ^^^^^^^^^^^^^^^^^^^^
    ...<5 lines>...
    )
    ^
  File "C:\apps\personal\DAFStudio\backend\.venv\Lib\site-packages\asyncpg\connection.py", line 2443, in connect
    return await connect_utils._connect(
           ^^^^^^^^^^^^^^^^^^^^^^^^^^^^^
    ...<22 lines>...
    )
    ^
  File "C:\apps\personal\DAFStudio\backend\.venv\Lib\site-packages\asyncpg\connect_utils.py", line 1249, in _connect
    raise last_error or exceptions.TargetServerAttributeNotMatched(
    ...<2 lines>...
    )
  File "C:\apps\personal\DAFStudio\backend\.venv\Lib\site-packages\asyncpg\connect_utils.py", line 1218, in _connect
    conn = await _connect_addr(
           ^^^^^^^^^^^^^^^^^^^^
    ...<6 lines>...
    )
    ^
  File "C:\apps\personal\DAFStudio\backend\.venv\Lib\site-packages\asyncpg\connect_utils.py", line 1054, in _connect_addr
    return await __connect_addr(params, True, *args)
           ^^^^^^^^^^^^^^^^^^^^^^^^^^^^^^^^^^^^^^^^^
  File "C:\apps\personal\DAFStudio\backend\.venv\Lib\site-packages\asyncpg\connect_utils.py", line 1099, in __connect_addr
    tr, pr = await connector
             ^^^^^^^^^^^^^^^
  File "C:\apps\personal\DAFStudio\backend\.venv\Lib\site-packages\asyncpg\connect_utils.py", line 969, in _create_ssl_connection
    tr, pr = await loop.create_connection(
             ^^^^^^^^^^^^^^^^^^^^^^^^^^^^^
    ...<2 lines>...
        host, port)
        ^^^^^^^^^^^
  File "C:\Users\agust\AppData\Roaming\uv\python\cpython-3.14-windows-x86_64-none\Lib\asyncio\base_events.py", line 1176, in create_connection
    raise OSError('Multiple exceptions: {}'.format(
        ', '.join(str(exc) for exc in exceptions)))
OSError: Multiple exceptions: [Errno 10061] Connect call failed ('::1', 5432, 0, 0), [Errno 10061] Connect call failed ('127.0.0.1', 5432)
2026-07-21 22:21:36,034 INFO    apscheduler.executors.default: Job "_run_matcher_job (trigger: interval[0:00:20], next run at: 2026-07-21 22:21:51 CEST)" executed successfully
2026-07-21 22:21:40,693 INFO    apscheduler.executors.default: Running job "_run_matcher_job (trigger: interval[0:00:20], next run at: 2026-07-21 22:22:00 CEST)" (scheduled at 2026-07-21 22:21:40.686898+02:00)
2026-07-21 22:21:44,718 ERROR   dafstudio: [matcher cron] run failed
Traceback (most recent call last):
  File "C:\apps\personal\DAFStudio\backend\loader_app.py", line 58, in _run_matcher_job
    await Matcher().run()
  File "C:\apps\personal\DAFStudio\backend\apps\matchmaking\service\matcher.py", line 138, in run
    await self.expire_stale()
  File "C:\apps\personal\DAFStudio\backend\apps\matchmaking\service\matcher.py", line 149, in expire_stale
    game_ids = await MatchmakingTicketModel().list_stale_game_ids(
               ^^^^^^^^^^^^^^^^^^^^^^^^^^^^^^^^^^^^^^^^^^^^^^^^^^^
        timeout_seconds=ACCEPTANCE_TIMEOUT_SECONDS
        ^^^^^^^^^^^^^^^^^^^^^^^^^^^^^^^^^^^^^^^^^^
    )
    ^
  File "C:\apps\personal\DAFStudio\backend\apps\matchmaking\models\models.py", line 229, in list_stale_game_ids
    async with self.get_db_connection() as connection:
               ~~~~~~~~~~~~~~~~~~~~~~^^
  File "C:\Users\agust\AppData\Roaming\uv\python\cpython-3.14-windows-x86_64-none\Lib\contextlib.py", line 214, in __aenter__
    return await anext(self.gen)
           ^^^^^^^^^^^^^^^^^^^^^
  File "C:\apps\personal\DAFStudio\backend\apps\matchmaking\models\__init__.py", line 16, in get_db_connection
    async with connection_pool.acquire() as connection:
               ~~~~~~~~~~~~~~~~~~~~~~~^^
  File "C:\apps\personal\DAFStudio\backend\.venv\Lib\site-packages\asyncpg\pool.py", line 1056, in __aenter__
    self.connection = await self.pool._acquire(self.timeout)
                      ^^^^^^^^^^^^^^^^^^^^^^^^^^^^^^^^^^^^^^
  File "C:\apps\personal\DAFStudio\backend\.venv\Lib\site-packages\asyncpg\pool.py", line 896, in _acquire
    return await _acquire_impl()
           ^^^^^^^^^^^^^^^^^^^^^
  File "C:\apps\personal\DAFStudio\backend\.venv\Lib\site-packages\asyncpg\pool.py", line 881, in _acquire_impl
    proxy = await ch.acquire()  # type: PoolConnectionProxy
            ^^^^^^^^^^^^^^^^^^
  File "C:\apps\personal\DAFStudio\backend\.venv\Lib\site-packages\asyncpg\pool.py", line 161, in acquire
    await self.connect()
  File "C:\apps\personal\DAFStudio\backend\.venv\Lib\site-packages\asyncpg\pool.py", line 153, in connect
    self._con = await self._pool._get_new_connection()
                ^^^^^^^^^^^^^^^^^^^^^^^^^^^^^^^^^^^^^^
  File "C:\apps\personal\DAFStudio\backend\.venv\Lib\site-packages\asyncpg\pool.py", line 538, in _get_new_connection
    con = await self._connect(
          ^^^^^^^^^^^^^^^^^^^^
    ...<5 lines>...
    )
    ^
  File "C:\apps\personal\DAFStudio\backend\.venv\Lib\site-packages\asyncpg\connection.py", line 2443, in connect
    return await connect_utils._connect(
           ^^^^^^^^^^^^^^^^^^^^^^^^^^^^^
    ...<22 lines>...
    )
    ^
  File "C:\apps\personal\DAFStudio\backend\.venv\Lib\site-packages\asyncpg\connect_utils.py", line 1249, in _connect
    raise last_error or exceptions.TargetServerAttributeNotMatched(
    ...<2 lines>...
    )
  File "C:\apps\personal\DAFStudio\backend\.venv\Lib\site-packages\asyncpg\connect_utils.py", line 1218, in _connect
    conn = await _connect_addr(
           ^^^^^^^^^^^^^^^^^^^^
    ...<6 lines>...
    )
    ^
  File "C:\apps\personal\DAFStudio\backend\.venv\Lib\site-packages\asyncpg\connect_utils.py", line 1054, in _connect_addr
    return await __connect_addr(params, True, *args)
           ^^^^^^^^^^^^^^^^^^^^^^^^^^^^^^^^^^^^^^^^^
  File "C:\apps\personal\DAFStudio\backend\.venv\Lib\site-packages\asyncpg\connect_utils.py", line 1099, in __connect_addr
    tr, pr = await connector
             ^^^^^^^^^^^^^^^
  File "C:\apps\personal\DAFStudio\backend\.venv\Lib\site-packages\asyncpg\connect_utils.py", line 969, in _create_ssl_connection
    tr, pr = await loop.create_connection(
             ^^^^^^^^^^^^^^^^^^^^^^^^^^^^^
    ...<2 lines>...
        host, port)
        ^^^^^^^^^^^
  File "C:\Users\agust\AppData\Roaming\uv\python\cpython-3.14-windows-x86_64-none\Lib\asyncio\base_events.py", line 1176, in create_connection
    raise OSError('Multiple exceptions: {}'.format(
        ', '.join(str(exc) for exc in exceptions)))
OSError: Multiple exceptions: [Errno 10061] Connect call failed ('::1', 5432, 0, 0), [Errno 10061] Connect call failed ('127.0.0.1', 5432)
2026-07-21 22:21:44,720 INFO    apscheduler.executors.default: Job "_run_matcher_job (trigger: interval[0:00:20], next run at: 2026-07-21 22:22:00 CEST)" executed successfully
2026-07-21 22:21:51,962 INFO    apscheduler.executors.default: Running job "_run_matcher_job (trigger: interval[0:00:20], next run at: 2026-07-21 22:22:11 CEST)" (scheduled at 2026-07-21 22:21:51.951514+02:00)
2026-07-21 22:21:51,963 INFO    apscheduler.executors.default: Running job "_run_settle_job (trigger: interval[0:15:00], next run at: 2026-07-21 22:36:51 CEST)" (scheduled at 2026-07-21 22:21:51.951751+02:00)
2026-07-21 22:21:56,040 ERROR   dafstudio: [matcher cron] run failed
Traceback (most recent call last):
  File "C:\apps\personal\DAFStudio\backend\loader_app.py", line 58, in _run_matcher_job
    await Matcher().run()
  File "C:\apps\personal\DAFStudio\backend\apps\matchmaking\service\matcher.py", line 138, in run
    await self.expire_stale()
  File "C:\apps\personal\DAFStudio\backend\apps\matchmaking\service\matcher.py", line 149, in expire_stale
    game_ids = await MatchmakingTicketModel().list_stale_game_ids(
               ^^^^^^^^^^^^^^^^^^^^^^^^^^^^^^^^^^^^^^^^^^^^^^^^^^^
        timeout_seconds=ACCEPTANCE_TIMEOUT_SECONDS
        ^^^^^^^^^^^^^^^^^^^^^^^^^^^^^^^^^^^^^^^^^^
    )
    ^
  File "C:\apps\personal\DAFStudio\backend\apps\matchmaking\models\models.py", line 229, in list_stale_game_ids
    async with self.get_db_connection() as connection:
               ~~~~~~~~~~~~~~~~~~~~~~^^
  File "C:\Users\agust\AppData\Roaming\uv\python\cpython-3.14-windows-x86_64-none\Lib\contextlib.py", line 214, in __aenter__
    return await anext(self.gen)
           ^^^^^^^^^^^^^^^^^^^^^
  File "C:\apps\personal\DAFStudio\backend\apps\matchmaking\models\__init__.py", line 16, in get_db_connection
    async with connection_pool.acquire() as connection:
               ~~~~~~~~~~~~~~~~~~~~~~~^^
  File "C:\apps\personal\DAFStudio\backend\.venv\Lib\site-packages\asyncpg\pool.py", line 1056, in __aenter__
    self.connection = await self.pool._acquire(self.timeout)
                      ^^^^^^^^^^^^^^^^^^^^^^^^^^^^^^^^^^^^^^
  File "C:\apps\personal\DAFStudio\backend\.venv\Lib\site-packages\asyncpg\pool.py", line 896, in _acquire
    return await _acquire_impl()
           ^^^^^^^^^^^^^^^^^^^^^
  File "C:\apps\personal\DAFStudio\backend\.venv\Lib\site-packages\asyncpg\pool.py", line 881, in _acquire_impl
    proxy = await ch.acquire()  # type: PoolConnectionProxy
            ^^^^^^^^^^^^^^^^^^
  File "C:\apps\personal\DAFStudio\backend\.venv\Lib\site-packages\asyncpg\pool.py", line 161, in acquire
    await self.connect()
  File "C:\apps\personal\DAFStudio\backend\.venv\Lib\site-packages\asyncpg\pool.py", line 153, in connect
    self._con = await self._pool._get_new_connection()
                ^^^^^^^^^^^^^^^^^^^^^^^^^^^^^^^^^^^^^^
  File "C:\apps\personal\DAFStudio\backend\.venv\Lib\site-packages\asyncpg\pool.py", line 538, in _get_new_connection
    con = await self._connect(
          ^^^^^^^^^^^^^^^^^^^^
    ...<5 lines>...
    )
    ^
  File "C:\apps\personal\DAFStudio\backend\.venv\Lib\site-packages\asyncpg\connection.py", line 2443, in connect
    return await connect_utils._connect(
           ^^^^^^^^^^^^^^^^^^^^^^^^^^^^^
    ...<22 lines>...
    )
    ^
  File "C:\apps\personal\DAFStudio\backend\.venv\Lib\site-packages\asyncpg\connect_utils.py", line 1249, in _connect
    raise last_error or exceptions.TargetServerAttributeNotMatched(
    ...<2 lines>...
    )
  File "C:\apps\personal\DAFStudio\backend\.venv\Lib\site-packages\asyncpg\connect_utils.py", line 1218, in _connect
    conn = await _connect_addr(
           ^^^^^^^^^^^^^^^^^^^^
    ...<6 lines>...
    )
    ^
  File "C:\apps\personal\DAFStudio\backend\.venv\Lib\site-packages\asyncpg\connect_utils.py", line 1054, in _connect_addr
    return await __connect_addr(params, True, *args)
           ^^^^^^^^^^^^^^^^^^^^^^^^^^^^^^^^^^^^^^^^^
  File "C:\apps\personal\DAFStudio\backend\.venv\Lib\site-packages\asyncpg\connect_utils.py", line 1099, in __connect_addr
    tr, pr = await connector
             ^^^^^^^^^^^^^^^
  File "C:\apps\personal\DAFStudio\backend\.venv\Lib\site-packages\asyncpg\connect_utils.py", line 969, in _create_ssl_connection
    tr, pr = await loop.create_connection(
             ^^^^^^^^^^^^^^^^^^^^^^^^^^^^^
    ...<2 lines>...
        host, port)
        ^^^^^^^^^^^
  File "C:\Users\agust\AppData\Roaming\uv\python\cpython-3.14-windows-x86_64-none\Lib\asyncio\base_events.py", line 1176, in create_connection
    raise OSError('Multiple exceptions: {}'.format(
        ', '.join(str(exc) for exc in exceptions)))
OSError: Multiple exceptions: [Errno 10061] Connect call failed ('::1', 5432, 0, 0), [Errno 10061] Connect call failed ('127.0.0.1', 5432)
2026-07-21 22:21:56,042 INFO    apscheduler.executors.default: Job "_run_matcher_job (trigger: interval[0:00:20], next run at: 2026-07-21 22:22:11 CEST)" executed successfully
2026-07-21 22:21:56,042 ERROR   dafstudio: [settle cron] run failed
Traceback (most recent call last):
  File "C:\apps\personal\DAFStudio\backend\loader_app.py", line 66, in _run_settle_job
    stats = await GamesAppService().settle_pending_results()
            ^^^^^^^^^^^^^^^^^^^^^^^^^^^^^^^^^^^^^^^^^^^^^^^^
  File "C:\apps\personal\DAFStudio\backend\apps\games\service\appservice.py", line 532, in settle_pending_results
    candidates = await GamesModel().list_pending_settlement(
                 ^^^^^^^^^^^^^^^^^^^^^^^^^^^^^^^^^^^^^^^^^^^
        grace_hours=_SETTLE_GRACE_HOURS
        ^^^^^^^^^^^^^^^^^^^^^^^^^^^^^^^
    )
    ^
  File "C:\apps\personal\DAFStudio\backend\apps\games\models\models.py", line 316, in list_pending_settlement
    async with self.get_db_connection() as connection:
               ~~~~~~~~~~~~~~~~~~~~~~^^
  File "C:\Users\agust\AppData\Roaming\uv\python\cpython-3.14-windows-x86_64-none\Lib\contextlib.py", line 214, in __aenter__
    return await anext(self.gen)
           ^^^^^^^^^^^^^^^^^^^^^
  File "C:\apps\personal\DAFStudio\backend\apps\games\models\__init__.py", line 16, in get_db_connection
    async with connection_pool.acquire() as connection:
               ~~~~~~~~~~~~~~~~~~~~~~~^^
  File "C:\apps\personal\DAFStudio\backend\.venv\Lib\site-packages\asyncpg\pool.py", line 1056, in __aenter__
    self.connection = await self.pool._acquire(self.timeout)
                      ^^^^^^^^^^^^^^^^^^^^^^^^^^^^^^^^^^^^^^
  File "C:\apps\personal\DAFStudio\backend\.venv\Lib\site-packages\asyncpg\pool.py", line 896, in _acquire
    return await _acquire_impl()
           ^^^^^^^^^^^^^^^^^^^^^
  File "C:\apps\personal\DAFStudio\backend\.venv\Lib\site-packages\asyncpg\pool.py", line 881, in _acquire_impl
    proxy = await ch.acquire()  # type: PoolConnectionProxy
            ^^^^^^^^^^^^^^^^^^
  File "C:\apps\personal\DAFStudio\backend\.venv\Lib\site-packages\asyncpg\pool.py", line 161, in acquire
    await self.connect()
  File "C:\apps\personal\DAFStudio\backend\.venv\Lib\site-packages\asyncpg\pool.py", line 153, in connect
    self._con = await self._pool._get_new_connection()
                ^^^^^^^^^^^^^^^^^^^^^^^^^^^^^^^^^^^^^^
  File "C:\apps\personal\DAFStudio\backend\.venv\Lib\site-packages\asyncpg\pool.py", line 538, in _get_new_connection
    con = await self._connect(
          ^^^^^^^^^^^^^^^^^^^^
    ...<5 lines>...
    )
    ^
  File "C:\apps\personal\DAFStudio\backend\.venv\Lib\site-packages\asyncpg\connection.py", line 2443, in connect
    return await connect_utils._connect(
           ^^^^^^^^^^^^^^^^^^^^^^^^^^^^^
    ...<22 lines>...
    )
    ^
  File "C:\apps\personal\DAFStudio\backend\.venv\Lib\site-packages\asyncpg\connect_utils.py", line 1249, in _connect
    raise last_error or exceptions.TargetServerAttributeNotMatched(
    ...<2 lines>...
    )
  File "C:\apps\personal\DAFStudio\backend\.venv\Lib\site-packages\asyncpg\connect_utils.py", line 1218, in _connect
    conn = await _connect_addr(
           ^^^^^^^^^^^^^^^^^^^^
    ...<6 lines>...
    )
    ^
  File "C:\apps\personal\DAFStudio\backend\.venv\Lib\site-packages\asyncpg\connect_utils.py", line 1054, in _connect_addr
    return await __connect_addr(params, True, *args)
           ^^^^^^^^^^^^^^^^^^^^^^^^^^^^^^^^^^^^^^^^^
  File "C:\apps\personal\DAFStudio\backend\.venv\Lib\site-packages\asyncpg\connect_utils.py", line 1099, in __connect_addr
    tr, pr = await connector
             ^^^^^^^^^^^^^^^
  File "C:\apps\personal\DAFStudio\backend\.venv\Lib\site-packages\asyncpg\connect_utils.py", line 969, in _create_ssl_connection
    tr, pr = await loop.create_connection(
             ^^^^^^^^^^^^^^^^^^^^^^^^^^^^^
    ...<2 lines>...
        host, port)
        ^^^^^^^^^^^
  File "C:\Users\agust\AppData\Roaming\uv\python\cpython-3.14-windows-x86_64-none\Lib\asyncio\base_events.py", line 1176, in create_connection
    raise OSError('Multiple exceptions: {}'.format(
        ', '.join(str(exc) for exc in exceptions)))
OSError: Multiple exceptions: [Errno 10061] Connect call failed ('::1', 5432, 0, 0), [Errno 10061] Connect call failed ('127.0.0.1', 5432)
2026-07-21 22:21:56,043 INFO    apscheduler.executors.default: Job "_run_settle_job (trigger: interval[0:15:00], next run at: 2026-07-21 22:36:51 CEST)" executed successfully
2026-07-21 22:22:00,702 INFO    apscheduler.executors.default: Running job "_run_matcher_job (trigger: interval[0:00:20], next run at: 2026-07-21 22:22:20 CEST)" (scheduled at 2026-07-21 22:22:00.686898+02:00)
2026-07-21 22:22:04,766 ERROR   dafstudio: [matcher cron] run failed
Traceback (most recent call last):
  File "C:\apps\personal\DAFStudio\backend\loader_app.py", line 58, in _run_matcher_job
    await Matcher().run()
  File "C:\apps\personal\DAFStudio\backend\apps\matchmaking\service\matcher.py", line 138, in run
    await self.expire_stale()
  File "C:\apps\personal\DAFStudio\backend\apps\matchmaking\service\matcher.py", line 149, in expire_stale
    game_ids = await MatchmakingTicketModel().list_stale_game_ids(
               ^^^^^^^^^^^^^^^^^^^^^^^^^^^^^^^^^^^^^^^^^^^^^^^^^^^
        timeout_seconds=ACCEPTANCE_TIMEOUT_SECONDS
        ^^^^^^^^^^^^^^^^^^^^^^^^^^^^^^^^^^^^^^^^^^
    )
    ^
  File "C:\apps\personal\DAFStudio\backend\apps\matchmaking\models\models.py", line 229, in list_stale_game_ids
    async with self.get_db_connection() as connection:
               ~~~~~~~~~~~~~~~~~~~~~~^^
  File "C:\Users\agust\AppData\Roaming\uv\python\cpython-3.14-windows-x86_64-none\Lib\contextlib.py", line 214, in __aenter__
    return await anext(self.gen)
           ^^^^^^^^^^^^^^^^^^^^^
  File "C:\apps\personal\DAFStudio\backend\apps\matchmaking\models\__init__.py", line 16, in get_db_connection
    async with connection_pool.acquire() as connection:
               ~~~~~~~~~~~~~~~~~~~~~~~^^
  File "C:\apps\personal\DAFStudio\backend\.venv\Lib\site-packages\asyncpg\pool.py", line 1056, in __aenter__
    self.connection = await self.pool._acquire(self.timeout)
                      ^^^^^^^^^^^^^^^^^^^^^^^^^^^^^^^^^^^^^^
  File "C:\apps\personal\DAFStudio\backend\.venv\Lib\site-packages\asyncpg\pool.py", line 896, in _acquire
    return await _acquire_impl()
           ^^^^^^^^^^^^^^^^^^^^^
  File "C:\apps\personal\DAFStudio\backend\.venv\Lib\site-packages\asyncpg\pool.py", line 881, in _acquire_impl
    proxy = await ch.acquire()  # type: PoolConnectionProxy
            ^^^^^^^^^^^^^^^^^^
  File "C:\apps\personal\DAFStudio\backend\.venv\Lib\site-packages\asyncpg\pool.py", line 161, in acquire
    await self.connect()
  File "C:\apps\personal\DAFStudio\backend\.venv\Lib\site-packages\asyncpg\pool.py", line 153, in connect
    self._con = await self._pool._get_new_connection()
                ^^^^^^^^^^^^^^^^^^^^^^^^^^^^^^^^^^^^^^
  File "C:\apps\personal\DAFStudio\backend\.venv\Lib\site-packages\asyncpg\pool.py", line 538, in _get_new_connection
    con = await self._connect(
          ^^^^^^^^^^^^^^^^^^^^
    ...<5 lines>...
    )
    ^
  File "C:\apps\personal\DAFStudio\backend\.venv\Lib\site-packages\asyncpg\connection.py", line 2443, in connect
    return await connect_utils._connect(
           ^^^^^^^^^^^^^^^^^^^^^^^^^^^^^
    ...<22 lines>...
    )
    ^
  File "C:\apps\personal\DAFStudio\backend\.venv\Lib\site-packages\asyncpg\connect_utils.py", line 1249, in _connect
    raise last_error or exceptions.TargetServerAttributeNotMatched(
    ...<2 lines>...
    )
  File "C:\apps\personal\DAFStudio\backend\.venv\Lib\site-packages\asyncpg\connect_utils.py", line 1218, in _connect
    conn = await _connect_addr(
           ^^^^^^^^^^^^^^^^^^^^
    ...<6 lines>...
    )
    ^
  File "C:\apps\personal\DAFStudio\backend\.venv\Lib\site-packages\asyncpg\connect_utils.py", line 1054, in _connect_addr
    return await __connect_addr(params, True, *args)
           ^^^^^^^^^^^^^^^^^^^^^^^^^^^^^^^^^^^^^^^^^
  File "C:\apps\personal\DAFStudio\backend\.venv\Lib\site-packages\asyncpg\connect_utils.py", line 1099, in __connect_addr
    tr, pr = await connector
             ^^^^^^^^^^^^^^^
  File "C:\apps\personal\DAFStudio\backend\.venv\Lib\site-packages\asyncpg\connect_utils.py", line 969, in _create_ssl_connection
    tr, pr = await loop.create_connection(
             ^^^^^^^^^^^^^^^^^^^^^^^^^^^^^
    ...<2 lines>...
        host, port)
        ^^^^^^^^^^^
  File "C:\Users\agust\AppData\Roaming\uv\python\cpython-3.14-windows-x86_64-none\Lib\asyncio\base_events.py", line 1176, in create_connection
    raise OSError('Multiple exceptions: {}'.format(
        ', '.join(str(exc) for exc in exceptions)))
OSError: Multiple exceptions: [Errno 10061] Connect call failed ('::1', 5432, 0, 0), [Errno 10061] Connect call failed ('127.0.0.1', 5432)
2026-07-21 22:22:04,767 INFO    apscheduler.executors.default: Job "_run_matcher_job (trigger: interval[0:00:20], next run at: 2026-07-21 22:22:20 CEST)" executed successfully
2026-07-21 22:22:11,957 INFO    apscheduler.executors.default: Running job "_run_matcher_job (trigger: interval[0:00:20], next run at: 2026-07-21 22:22:31 CEST)" (scheduled at 2026-07-21 22:22:11.951514+02:00)
2026-07-21 22:22:16,007 ERROR   dafstudio: [matcher cron] run failed
Traceback (most recent call last):
  File "C:\apps\personal\DAFStudio\backend\loader_app.py", line 58, in _run_matcher_job
    await Matcher().run()
  File "C:\apps\personal\DAFStudio\backend\apps\matchmaking\service\matcher.py", line 138, in run
    await self.expire_stale()
  File "C:\apps\personal\DAFStudio\backend\apps\matchmaking\service\matcher.py", line 149, in expire_stale
    game_ids = await MatchmakingTicketModel().list_stale_game_ids(
               ^^^^^^^^^^^^^^^^^^^^^^^^^^^^^^^^^^^^^^^^^^^^^^^^^^^
        timeout_seconds=ACCEPTANCE_TIMEOUT_SECONDS
        ^^^^^^^^^^^^^^^^^^^^^^^^^^^^^^^^^^^^^^^^^^
    )
    ^
  File "C:\apps\personal\DAFStudio\backend\apps\matchmaking\models\models.py", line 229, in list_stale_game_ids
    async with self.get_db_connection() as connection:
               ~~~~~~~~~~~~~~~~~~~~~~^^
  File "C:\Users\agust\AppData\Roaming\uv\python\cpython-3.14-windows-x86_64-none\Lib\contextlib.py", line 214, in __aenter__
    return await anext(self.gen)
           ^^^^^^^^^^^^^^^^^^^^^
  File "C:\apps\personal\DAFStudio\backend\apps\matchmaking\models\__init__.py", line 16, in get_db_connection
    async with connection_pool.acquire() as connection:
               ~~~~~~~~~~~~~~~~~~~~~~~^^
  File "C:\apps\personal\DAFStudio\backend\.venv\Lib\site-packages\asyncpg\pool.py", line 1056, in __aenter__
    self.connection = await self.pool._acquire(self.timeout)
                      ^^^^^^^^^^^^^^^^^^^^^^^^^^^^^^^^^^^^^^
  File "C:\apps\personal\DAFStudio\backend\.venv\Lib\site-packages\asyncpg\pool.py", line 896, in _acquire
    return await _acquire_impl()
           ^^^^^^^^^^^^^^^^^^^^^
  File "C:\apps\personal\DAFStudio\backend\.venv\Lib\site-packages\asyncpg\pool.py", line 881, in _acquire_impl
    proxy = await ch.acquire()  # type: PoolConnectionProxy
            ^^^^^^^^^^^^^^^^^^
  File "C:\apps\personal\DAFStudio\backend\.venv\Lib\site-packages\asyncpg\pool.py", line 161, in acquire
    await self.connect()
  File "C:\apps\personal\DAFStudio\backend\.venv\Lib\site-packages\asyncpg\pool.py", line 153, in connect
    self._con = await self._pool._get_new_connection()
                ^^^^^^^^^^^^^^^^^^^^^^^^^^^^^^^^^^^^^^
  File "C:\apps\personal\DAFStudio\backend\.venv\Lib\site-packages\asyncpg\pool.py", line 538, in _get_new_connection
    con = await self._connect(
          ^^^^^^^^^^^^^^^^^^^^
    ...<5 lines>...
    )
    ^
  File "C:\apps\personal\DAFStudio\backend\.venv\Lib\site-packages\asyncpg\connection.py", line 2443, in connect
    return await connect_utils._connect(
           ^^^^^^^^^^^^^^^^^^^^^^^^^^^^^
    ...<22 lines>...
    )
    ^
  File "C:\apps\personal\DAFStudio\backend\.venv\Lib\site-packages\asyncpg\connect_utils.py", line 1249, in _connect
    raise last_error or exceptions.TargetServerAttributeNotMatched(
    ...<2 lines>...
    )
  File "C:\apps\personal\DAFStudio\backend\.venv\Lib\site-packages\asyncpg\connect_utils.py", line 1218, in _connect
    conn = await _connect_addr(
           ^^^^^^^^^^^^^^^^^^^^
    ...<6 lines>...
    )
    ^
  File "C:\apps\personal\DAFStudio\backend\.venv\Lib\site-packages\asyncpg\connect_utils.py", line 1054, in _connect_addr
    return await __connect_addr(params, True, *args)
           ^^^^^^^^^^^^^^^^^^^^^^^^^^^^^^^^^^^^^^^^^
  File "C:\apps\personal\DAFStudio\backend\.venv\Lib\site-packages\asyncpg\connect_utils.py", line 1099, in __connect_addr
    tr, pr = await connector
             ^^^^^^^^^^^^^^^
  File "C:\apps\personal\DAFStudio\backend\.venv\Lib\site-packages\asyncpg\connect_utils.py", line 969, in _create_ssl_connection
    tr, pr = await loop.create_connection(
             ^^^^^^^^^^^^^^^^^^^^^^^^^^^^^
    ...<2 lines>...
        host, port)
        ^^^^^^^^^^^
  File "C:\Users\agust\AppData\Roaming\uv\python\cpython-3.14-windows-x86_64-none\Lib\asyncio\base_events.py", line 1176, in create_connection
    raise OSError('Multiple exceptions: {}'.format(
        ', '.join(str(exc) for exc in exceptions)))
OSError: Multiple exceptions: [Errno 10061] Connect call failed ('::1', 5432, 0, 0), [Errno 10061] Connect call failed ('127.0.0.1', 5432)
2026-07-21 22:22:16,009 INFO    apscheduler.executors.default: Job "_run_matcher_job (trigger: interval[0:00:20], next run at: 2026-07-21 22:22:31 CEST)" executed successfully
2026-07-21 22:22:20,688 INFO    apscheduler.executors.default: Running job "_run_matcher_job (trigger: interval[0:00:20], next run at: 2026-07-21 22:22:40 CEST)" (scheduled at 2026-07-21 22:22:20.686898+02:00)
2026-07-21 22:22:24,752 ERROR   dafstudio: [matcher cron] run failed
Traceback (most recent call last):
  File "C:\apps\personal\DAFStudio\backend\loader_app.py", line 58, in _run_matcher_job
    await Matcher().run()
  File "C:\apps\personal\DAFStudio\backend\apps\matchmaking\service\matcher.py", line 138, in run
    await self.expire_stale()
  File "C:\apps\personal\DAFStudio\backend\apps\matchmaking\service\matcher.py", line 149, in expire_stale
    game_ids = await MatchmakingTicketModel().list_stale_game_ids(
               ^^^^^^^^^^^^^^^^^^^^^^^^^^^^^^^^^^^^^^^^^^^^^^^^^^^
        timeout_seconds=ACCEPTANCE_TIMEOUT_SECONDS
        ^^^^^^^^^^^^^^^^^^^^^^^^^^^^^^^^^^^^^^^^^^
    )
    ^
  File "C:\apps\personal\DAFStudio\backend\apps\matchmaking\models\models.py", line 229, in list_stale_game_ids
    async with self.get_db_connection() as connection:
               ~~~~~~~~~~~~~~~~~~~~~~^^
  File "C:\Users\agust\AppData\Roaming\uv\python\cpython-3.14-windows-x86_64-none\Lib\contextlib.py", line 214, in __aenter__
    return await anext(self.gen)
           ^^^^^^^^^^^^^^^^^^^^^
  File "C:\apps\personal\DAFStudio\backend\apps\matchmaking\models\__init__.py", line 16, in get_db_connection
    async with connection_pool.acquire() as connection:
               ~~~~~~~~~~~~~~~~~~~~~~~^^
  File "C:\apps\personal\DAFStudio\backend\.venv\Lib\site-packages\asyncpg\pool.py", line 1056, in __aenter__
    self.connection = await self.pool._acquire(self.timeout)
                      ^^^^^^^^^^^^^^^^^^^^^^^^^^^^^^^^^^^^^^
  File "C:\apps\personal\DAFStudio\backend\.venv\Lib\site-packages\asyncpg\pool.py", line 896, in _acquire
    return await _acquire_impl()
           ^^^^^^^^^^^^^^^^^^^^^
  File "C:\apps\personal\DAFStudio\backend\.venv\Lib\site-packages\asyncpg\pool.py", line 881, in _acquire_impl
    proxy = await ch.acquire()  # type: PoolConnectionProxy
            ^^^^^^^^^^^^^^^^^^
  File "C:\apps\personal\DAFStudio\backend\.venv\Lib\site-packages\asyncpg\pool.py", line 161, in acquire
    await self.connect()
  File "C:\apps\personal\DAFStudio\backend\.venv\Lib\site-packages\asyncpg\pool.py", line 153, in connect
    self._con = await self._pool._get_new_connection()
                ^^^^^^^^^^^^^^^^^^^^^^^^^^^^^^^^^^^^^^
  File "C:\apps\personal\DAFStudio\backend\.venv\Lib\site-packages\asyncpg\pool.py", line 538, in _get_new_connection
    con = await self._connect(
          ^^^^^^^^^^^^^^^^^^^^
    ...<5 lines>...
    )
    ^
  File "C:\apps\personal\DAFStudio\backend\.venv\Lib\site-packages\asyncpg\connection.py", line 2443, in connect
    return await connect_utils._connect(
           ^^^^^^^^^^^^^^^^^^^^^^^^^^^^^
    ...<22 lines>...
    )
    ^
  File "C:\apps\personal\DAFStudio\backend\.venv\Lib\site-packages\asyncpg\connect_utils.py", line 1249, in _connect
    raise last_error or exceptions.TargetServerAttributeNotMatched(
    ...<2 lines>...
    )
  File "C:\apps\personal\DAFStudio\backend\.venv\Lib\site-packages\asyncpg\connect_utils.py", line 1218, in _connect
    conn = await _connect_addr(
           ^^^^^^^^^^^^^^^^^^^^
    ...<6 lines>...
    )
    ^
  File "C:\apps\personal\DAFStudio\backend\.venv\Lib\site-packages\asyncpg\connect_utils.py", line 1054, in _connect_addr
    return await __connect_addr(params, True, *args)
           ^^^^^^^^^^^^^^^^^^^^^^^^^^^^^^^^^^^^^^^^^
  File "C:\apps\personal\DAFStudio\backend\.venv\Lib\site-packages\asyncpg\connect_utils.py", line 1099, in __connect_addr
    tr, pr = await connector
             ^^^^^^^^^^^^^^^
  File "C:\apps\personal\DAFStudio\backend\.venv\Lib\site-packages\asyncpg\connect_utils.py", line 969, in _create_ssl_connection
    tr, pr = await loop.create_connection(
             ^^^^^^^^^^^^^^^^^^^^^^^^^^^^^
    ...<2 lines>...
        host, port)
        ^^^^^^^^^^^
  File "C:\Users\agust\AppData\Roaming\uv\python\cpython-3.14-windows-x86_64-none\Lib\asyncio\base_events.py", line 1176, in create_connection
    raise OSError('Multiple exceptions: {}'.format(
        ', '.join(str(exc) for exc in exceptions)))
OSError: Multiple exceptions: [Errno 10061] Connect call failed ('::1', 5432, 0, 0), [Errno 10061] Connect call failed ('127.0.0.1', 5432)
2026-07-21 22:22:24,754 INFO    apscheduler.executors.default: Job "_run_matcher_job (trigger: interval[0:00:20], next run at: 2026-07-21 22:22:40 CEST)" executed successfully
2026-07-21 22:22:31,961 INFO    apscheduler.executors.default: Running job "_run_matcher_job (trigger: interval[0:00:20], next run at: 2026-07-21 22:22:51 CEST)" (scheduled at 2026-07-21 22:22:31.951514+02:00)
2026-07-21 22:22:36,043 ERROR   dafstudio: [matcher cron] run failed
Traceback (most recent call last):
  File "C:\apps\personal\DAFStudio\backend\loader_app.py", line 58, in _run_matcher_job
    await Matcher().run()
  File "C:\apps\personal\DAFStudio\backend\apps\matchmaking\service\matcher.py", line 138, in run
    await self.expire_stale()
  File "C:\apps\personal\DAFStudio\backend\apps\matchmaking\service\matcher.py", line 149, in expire_stale
    game_ids = await MatchmakingTicketModel().list_stale_game_ids(
               ^^^^^^^^^^^^^^^^^^^^^^^^^^^^^^^^^^^^^^^^^^^^^^^^^^^
        timeout_seconds=ACCEPTANCE_TIMEOUT_SECONDS
        ^^^^^^^^^^^^^^^^^^^^^^^^^^^^^^^^^^^^^^^^^^
    )
    ^
  File "C:\apps\personal\DAFStudio\backend\apps\matchmaking\models\models.py", line 229, in list_stale_game_ids
    async with self.get_db_connection() as connection:
               ~~~~~~~~~~~~~~~~~~~~~~^^
  File "C:\Users\agust\AppData\Roaming\uv\python\cpython-3.14-windows-x86_64-none\Lib\contextlib.py", line 214, in __aenter__
    return await anext(self.gen)
           ^^^^^^^^^^^^^^^^^^^^^
  File "C:\apps\personal\DAFStudio\backend\apps\matchmaking\models\__init__.py", line 16, in get_db_connection
    async with connection_pool.acquire() as connection:
               ~~~~~~~~~~~~~~~~~~~~~~~^^
  File "C:\apps\personal\DAFStudio\backend\.venv\Lib\site-packages\asyncpg\pool.py", line 1056, in __aenter__
    self.connection = await self.pool._acquire(self.timeout)
                      ^^^^^^^^^^^^^^^^^^^^^^^^^^^^^^^^^^^^^^
  File "C:\apps\personal\DAFStudio\backend\.venv\Lib\site-packages\asyncpg\pool.py", line 896, in _acquire
    return await _acquire_impl()
           ^^^^^^^^^^^^^^^^^^^^^
  File "C:\apps\personal\DAFStudio\backend\.venv\Lib\site-packages\asyncpg\pool.py", line 881, in _acquire_impl
    proxy = await ch.acquire()  # type: PoolConnectionProxy
            ^^^^^^^^^^^^^^^^^^
  File "C:\apps\personal\DAFStudio\backend\.venv\Lib\site-packages\asyncpg\pool.py", line 161, in acquire
    await self.connect()
  File "C:\apps\personal\DAFStudio\backend\.venv\Lib\site-packages\asyncpg\pool.py", line 153, in connect
    self._con = await self._pool._get_new_connection()
                ^^^^^^^^^^^^^^^^^^^^^^^^^^^^^^^^^^^^^^
  File "C:\apps\personal\DAFStudio\backend\.venv\Lib\site-packages\asyncpg\pool.py", line 538, in _get_new_connection
    con = await self._connect(
          ^^^^^^^^^^^^^^^^^^^^
    ...<5 lines>...
    )
    ^
  File "C:\apps\personal\DAFStudio\backend\.venv\Lib\site-packages\asyncpg\connection.py", line 2443, in connect
    return await connect_utils._connect(
           ^^^^^^^^^^^^^^^^^^^^^^^^^^^^^
    ...<22 lines>...
    )
    ^
  File "C:\apps\personal\DAFStudio\backend\.venv\Lib\site-packages\asyncpg\connect_utils.py", line 1249, in _connect
    raise last_error or exceptions.TargetServerAttributeNotMatched(
    ...<2 lines>...
    )
  File "C:\apps\personal\DAFStudio\backend\.venv\Lib\site-packages\asyncpg\connect_utils.py", line 1218, in _connect
    conn = await _connect_addr(
           ^^^^^^^^^^^^^^^^^^^^
    ...<6 lines>...
    )
    ^
  File "C:\apps\personal\DAFStudio\backend\.venv\Lib\site-packages\asyncpg\connect_utils.py", line 1054, in _connect_addr
    return await __connect_addr(params, True, *args)
           ^^^^^^^^^^^^^^^^^^^^^^^^^^^^^^^^^^^^^^^^^
  File "C:\apps\personal\DAFStudio\backend\.venv\Lib\site-packages\asyncpg\connect_utils.py", line 1099, in __connect_addr
    tr, pr = await connector
             ^^^^^^^^^^^^^^^
  File "C:\apps\personal\DAFStudio\backend\.venv\Lib\site-packages\asyncpg\connect_utils.py", line 969, in _create_ssl_connection
    tr, pr = await loop.create_connection(
             ^^^^^^^^^^^^^^^^^^^^^^^^^^^^^
    ...<2 lines>...
        host, port)
        ^^^^^^^^^^^
  File "C:\Users\agust\AppData\Roaming\uv\python\cpython-3.14-windows-x86_64-none\Lib\asyncio\base_events.py", line 1176, in create_connection
    raise OSError('Multiple exceptions: {}'.format(
        ', '.join(str(exc) for exc in exceptions)))
OSError: Multiple exceptions: [Errno 10061] Connect call failed ('::1', 5432, 0, 0), [Errno 10061] Connect call failed ('127.0.0.1', 5432)
2026-07-21 22:22:36,045 INFO    apscheduler.executors.default: Job "_run_matcher_job (trigger: interval[0:00:20], next run at: 2026-07-21 22:22:51 CEST)" executed successfully
2026-07-21 22:22:40,697 INFO    apscheduler.executors.default: Running job "_run_matcher_job (trigger: interval[0:00:20], next run at: 2026-07-21 22:23:00 CEST)" (scheduled at 2026-07-21 22:22:40.686898+02:00)
2026-07-21 22:22:44,760 ERROR   dafstudio: [matcher cron] run failed
Traceback (most recent call last):
  File "C:\apps\personal\DAFStudio\backend\loader_app.py", line 58, in _run_matcher_job
    await Matcher().run()
  File "C:\apps\personal\DAFStudio\backend\apps\matchmaking\service\matcher.py", line 138, in run
    await self.expire_stale()
  File "C:\apps\personal\DAFStudio\backend\apps\matchmaking\service\matcher.py", line 149, in expire_stale
    game_ids = await MatchmakingTicketModel().list_stale_game_ids(
               ^^^^^^^^^^^^^^^^^^^^^^^^^^^^^^^^^^^^^^^^^^^^^^^^^^^
        timeout_seconds=ACCEPTANCE_TIMEOUT_SECONDS
        ^^^^^^^^^^^^^^^^^^^^^^^^^^^^^^^^^^^^^^^^^^
    )
    ^
  File "C:\apps\personal\DAFStudio\backend\apps\matchmaking\models\models.py", line 229, in list_stale_game_ids
    async with self.get_db_connection() as connection:
               ~~~~~~~~~~~~~~~~~~~~~~^^
  File "C:\Users\agust\AppData\Roaming\uv\python\cpython-3.14-windows-x86_64-none\Lib\contextlib.py", line 214, in __aenter__
    return await anext(self.gen)
           ^^^^^^^^^^^^^^^^^^^^^
  File "C:\apps\personal\DAFStudio\backend\apps\matchmaking\models\__init__.py", line 16, in get_db_connection
    async with connection_pool.acquire() as connection:
               ~~~~~~~~~~~~~~~~~~~~~~~^^
  File "C:\apps\personal\DAFStudio\backend\.venv\Lib\site-packages\asyncpg\pool.py", line 1056, in __aenter__
    self.connection = await self.pool._acquire(self.timeout)
                      ^^^^^^^^^^^^^^^^^^^^^^^^^^^^^^^^^^^^^^
  File "C:\apps\personal\DAFStudio\backend\.venv\Lib\site-packages\asyncpg\pool.py", line 896, in _acquire
    return await _acquire_impl()
           ^^^^^^^^^^^^^^^^^^^^^
  File "C:\apps\personal\DAFStudio\backend\.venv\Lib\site-packages\asyncpg\pool.py", line 881, in _acquire_impl
    proxy = await ch.acquire()  # type: PoolConnectionProxy
            ^^^^^^^^^^^^^^^^^^
  File "C:\apps\personal\DAFStudio\backend\.venv\Lib\site-packages\asyncpg\pool.py", line 161, in acquire
    await self.connect()
  File "C:\apps\personal\DAFStudio\backend\.venv\Lib\site-packages\asyncpg\pool.py", line 153, in connect
    self._con = await self._pool._get_new_connection()
                ^^^^^^^^^^^^^^^^^^^^^^^^^^^^^^^^^^^^^^
  File "C:\apps\personal\DAFStudio\backend\.venv\Lib\site-packages\asyncpg\pool.py", line 538, in _get_new_connection
    con = await self._connect(
          ^^^^^^^^^^^^^^^^^^^^
    ...<5 lines>...
    )
    ^
  File "C:\apps\personal\DAFStudio\backend\.venv\Lib\site-packages\asyncpg\connection.py", line 2443, in connect
    return await connect_utils._connect(
           ^^^^^^^^^^^^^^^^^^^^^^^^^^^^^
    ...<22 lines>...
    )
    ^
  File "C:\apps\personal\DAFStudio\backend\.venv\Lib\site-packages\asyncpg\connect_utils.py", line 1249, in _connect
    raise last_error or exceptions.TargetServerAttributeNotMatched(
    ...<2 lines>...
    )
  File "C:\apps\personal\DAFStudio\backend\.venv\Lib\site-packages\asyncpg\connect_utils.py", line 1218, in _connect
    conn = await _connect_addr(
           ^^^^^^^^^^^^^^^^^^^^
    ...<6 lines>...
    )
    ^
  File "C:\apps\personal\DAFStudio\backend\.venv\Lib\site-packages\asyncpg\connect_utils.py", line 1054, in _connect_addr
    return await __connect_addr(params, True, *args)
           ^^^^^^^^^^^^^^^^^^^^^^^^^^^^^^^^^^^^^^^^^
  File "C:\apps\personal\DAFStudio\backend\.venv\Lib\site-packages\asyncpg\connect_utils.py", line 1099, in __connect_addr
    tr, pr = await connector
             ^^^^^^^^^^^^^^^
  File "C:\apps\personal\DAFStudio\backend\.venv\Lib\site-packages\asyncpg\connect_utils.py", line 969, in _create_ssl_connection
    tr, pr = await loop.create_connection(
             ^^^^^^^^^^^^^^^^^^^^^^^^^^^^^
    ...<2 lines>...
        host, port)
        ^^^^^^^^^^^
  File "C:\Users\agust\AppData\Roaming\uv\python\cpython-3.14-windows-x86_64-none\Lib\asyncio\base_events.py", line 1176, in create_connection
    raise OSError('Multiple exceptions: {}'.format(
        ', '.join(str(exc) for exc in exceptions)))
OSError: Multiple exceptions: [Errno 10061] Connect call failed ('::1', 5432, 0, 0), [Errno 10061] Connect call failed ('127.0.0.1', 5432)
2026-07-21 22:22:44,762 INFO    apscheduler.executors.default: Job "_run_matcher_job (trigger: interval[0:00:20], next run at: 2026-07-21 22:23:00 CEST)" executed successfully
2026-07-21 22:22:51,966 INFO    apscheduler.executors.default: Running job "_run_matcher_job (trigger: interval[0:00:20], next run at: 2026-07-21 22:23:11 CEST)" (scheduled at 2026-07-21 22:22:51.951514+02:00)
2026-07-21 22:22:56,022 ERROR   dafstudio: [matcher cron] run failed
Traceback (most recent call last):
  File "C:\apps\personal\DAFStudio\backend\loader_app.py", line 58, in _run_matcher_job
    await Matcher().run()
  File "C:\apps\personal\DAFStudio\backend\apps\matchmaking\service\matcher.py", line 138, in run
    await self.expire_stale()
  File "C:\apps\personal\DAFStudio\backend\apps\matchmaking\service\matcher.py", line 149, in expire_stale
    game_ids = await MatchmakingTicketModel().list_stale_game_ids(
               ^^^^^^^^^^^^^^^^^^^^^^^^^^^^^^^^^^^^^^^^^^^^^^^^^^^
        timeout_seconds=ACCEPTANCE_TIMEOUT_SECONDS
        ^^^^^^^^^^^^^^^^^^^^^^^^^^^^^^^^^^^^^^^^^^
    )
    ^
  File "C:\apps\personal\DAFStudio\backend\apps\matchmaking\models\models.py", line 229, in list_stale_game_ids
    async with self.get_db_connection() as connection:
               ~~~~~~~~~~~~~~~~~~~~~~^^
  File "C:\Users\agust\AppData\Roaming\uv\python\cpython-3.14-windows-x86_64-none\Lib\contextlib.py", line 214, in __aenter__
    return await anext(self.gen)
           ^^^^^^^^^^^^^^^^^^^^^
  File "C:\apps\personal\DAFStudio\backend\apps\matchmaking\models\__init__.py", line 16, in get_db_connection
    async with connection_pool.acquire() as connection:
               ~~~~~~~~~~~~~~~~~~~~~~~^^
  File "C:\apps\personal\DAFStudio\backend\.venv\Lib\site-packages\asyncpg\pool.py", line 1056, in __aenter__
    self.connection = await self.pool._acquire(self.timeout)
                      ^^^^^^^^^^^^^^^^^^^^^^^^^^^^^^^^^^^^^^
  File "C:\apps\personal\DAFStudio\backend\.venv\Lib\site-packages\asyncpg\pool.py", line 896, in _acquire
    return await _acquire_impl()
           ^^^^^^^^^^^^^^^^^^^^^
  File "C:\apps\personal\DAFStudio\backend\.venv\Lib\site-packages\asyncpg\pool.py", line 881, in _acquire_impl
    proxy = await ch.acquire()  # type: PoolConnectionProxy
            ^^^^^^^^^^^^^^^^^^
  File "C:\apps\personal\DAFStudio\backend\.venv\Lib\site-packages\asyncpg\pool.py", line 161, in acquire
    await self.connect()
  File "C:\apps\personal\DAFStudio\backend\.venv\Lib\site-packages\asyncpg\pool.py", line 153, in connect
    self._con = await self._pool._get_new_connection()
                ^^^^^^^^^^^^^^^^^^^^^^^^^^^^^^^^^^^^^^
  File "C:\apps\personal\DAFStudio\backend\.venv\Lib\site-packages\asyncpg\pool.py", line 538, in _get_new_connection
    con = await self._connect(
          ^^^^^^^^^^^^^^^^^^^^
    ...<5 lines>...
    )
    ^
  File "C:\apps\personal\DAFStudio\backend\.venv\Lib\site-packages\asyncpg\connection.py", line 2443, in connect
    return await connect_utils._connect(
           ^^^^^^^^^^^^^^^^^^^^^^^^^^^^^
    ...<22 lines>...
    )
    ^
  File "C:\apps\personal\DAFStudio\backend\.venv\Lib\site-packages\asyncpg\connect_utils.py", line 1249, in _connect
    raise last_error or exceptions.TargetServerAttributeNotMatched(
    ...<2 lines>...
    )
  File "C:\apps\personal\DAFStudio\backend\.venv\Lib\site-packages\asyncpg\connect_utils.py", line 1218, in _connect
    conn = await _connect_addr(
           ^^^^^^^^^^^^^^^^^^^^
    ...<6 lines>...
    )
    ^
  File "C:\apps\personal\DAFStudio\backend\.venv\Lib\site-packages\asyncpg\connect_utils.py", line 1054, in _connect_addr
    return await __connect_addr(params, True, *args)
           ^^^^^^^^^^^^^^^^^^^^^^^^^^^^^^^^^^^^^^^^^
  File "C:\apps\personal\DAFStudio\backend\.venv\Lib\site-packages\asyncpg\connect_utils.py", line 1099, in __connect_addr
    tr, pr = await connector
             ^^^^^^^^^^^^^^^
  File "C:\apps\personal\DAFStudio\backend\.venv\Lib\site-packages\asyncpg\connect_utils.py", line 969, in _create_ssl_connection
    tr, pr = await loop.create_connection(
             ^^^^^^^^^^^^^^^^^^^^^^^^^^^^^
    ...<2 lines>...
        host, port)
        ^^^^^^^^^^^
  File "C:\Users\agust\AppData\Roaming\uv\python\cpython-3.14-windows-x86_64-none\Lib\asyncio\base_events.py", line 1176, in create_connection
    raise OSError('Multiple exceptions: {}'.format(
        ', '.join(str(exc) for exc in exceptions)))
OSError: Multiple exceptions: [Errno 10061] Connect call failed ('::1', 5432, 0, 0), [Errno 10061] Connect call failed ('127.0.0.1', 5432)
2026-07-21 22:22:56,024 INFO    apscheduler.executors.default: Job "_run_matcher_job (trigger: interval[0:00:20], next run at: 2026-07-21 22:23:11 CEST)" executed successfully
2026-07-21 22:23:00,694 INFO    apscheduler.executors.default: Running job "_run_matcher_job (trigger: interval[0:00:20], next run at: 2026-07-21 22:23:20 CEST)" (scheduled at 2026-07-21 22:23:00.686898+02:00)
2026-07-21 22:23:04,785 ERROR   dafstudio: [matcher cron] run failed
Traceback (most recent call last):
  File "C:\apps\personal\DAFStudio\backend\loader_app.py", line 58, in _run_matcher_job
    await Matcher().run()
  File "C:\apps\personal\DAFStudio\backend\apps\matchmaking\service\matcher.py", line 138, in run
    await self.expire_stale()
  File "C:\apps\personal\DAFStudio\backend\apps\matchmaking\service\matcher.py", line 149, in expire_stale
    game_ids = await MatchmakingTicketModel().list_stale_game_ids(
               ^^^^^^^^^^^^^^^^^^^^^^^^^^^^^^^^^^^^^^^^^^^^^^^^^^^
        timeout_seconds=ACCEPTANCE_TIMEOUT_SECONDS
        ^^^^^^^^^^^^^^^^^^^^^^^^^^^^^^^^^^^^^^^^^^
    )
    ^
  File "C:\apps\personal\DAFStudio\backend\apps\matchmaking\models\models.py", line 229, in list_stale_game_ids
    async with self.get_db_connection() as connection:
               ~~~~~~~~~~~~~~~~~~~~~~^^
  File "C:\Users\agust\AppData\Roaming\uv\python\cpython-3.14-windows-x86_64-none\Lib\contextlib.py", line 214, in __aenter__
    return await anext(self.gen)
           ^^^^^^^^^^^^^^^^^^^^^
  File "C:\apps\personal\DAFStudio\backend\apps\matchmaking\models\__init__.py", line 16, in get_db_connection
    async with connection_pool.acquire() as connection:
               ~~~~~~~~~~~~~~~~~~~~~~~^^
  File "C:\apps\personal\DAFStudio\backend\.venv\Lib\site-packages\asyncpg\pool.py", line 1056, in __aenter__
    self.connection = await self.pool._acquire(self.timeout)
                      ^^^^^^^^^^^^^^^^^^^^^^^^^^^^^^^^^^^^^^
  File "C:\apps\personal\DAFStudio\backend\.venv\Lib\site-packages\asyncpg\pool.py", line 896, in _acquire
    return await _acquire_impl()
           ^^^^^^^^^^^^^^^^^^^^^
  File "C:\apps\personal\DAFStudio\backend\.venv\Lib\site-packages\asyncpg\pool.py", line 881, in _acquire_impl
    proxy = await ch.acquire()  # type: PoolConnectionProxy
            ^^^^^^^^^^^^^^^^^^
  File "C:\apps\personal\DAFStudio\backend\.venv\Lib\site-packages\asyncpg\pool.py", line 161, in acquire
    await self.connect()
  File "C:\apps\personal\DAFStudio\backend\.venv\Lib\site-packages\asyncpg\pool.py", line 153, in connect
    self._con = await self._pool._get_new_connection()
                ^^^^^^^^^^^^^^^^^^^^^^^^^^^^^^^^^^^^^^
  File "C:\apps\personal\DAFStudio\backend\.venv\Lib\site-packages\asyncpg\pool.py", line 538, in _get_new_connection
    con = await self._connect(
          ^^^^^^^^^^^^^^^^^^^^
    ...<5 lines>...
    )
    ^
  File "C:\apps\personal\DAFStudio\backend\.venv\Lib\site-packages\asyncpg\connection.py", line 2443, in connect
    return await connect_utils._connect(
           ^^^^^^^^^^^^^^^^^^^^^^^^^^^^^
    ...<22 lines>...
    )
    ^
  File "C:\apps\personal\DAFStudio\backend\.venv\Lib\site-packages\asyncpg\connect_utils.py", line 1249, in _connect
    raise last_error or exceptions.TargetServerAttributeNotMatched(
    ...<2 lines>...
    )
  File "C:\apps\personal\DAFStudio\backend\.venv\Lib\site-packages\asyncpg\connect_utils.py", line 1218, in _connect
    conn = await _connect_addr(
           ^^^^^^^^^^^^^^^^^^^^
    ...<6 lines>...
    )
    ^
  File "C:\apps\personal\DAFStudio\backend\.venv\Lib\site-packages\asyncpg\connect_utils.py", line 1054, in _connect_addr
    return await __connect_addr(params, True, *args)
           ^^^^^^^^^^^^^^^^^^^^^^^^^^^^^^^^^^^^^^^^^
  File "C:\apps\personal\DAFStudio\backend\.venv\Lib\site-packages\asyncpg\connect_utils.py", line 1099, in __connect_addr
    tr, pr = await connector
             ^^^^^^^^^^^^^^^
  File "C:\apps\personal\DAFStudio\backend\.venv\Lib\site-packages\asyncpg\connect_utils.py", line 969, in _create_ssl_connection
    tr, pr = await loop.create_connection(
             ^^^^^^^^^^^^^^^^^^^^^^^^^^^^^
    ...<2 lines>...
        host, port)
        ^^^^^^^^^^^
  File "C:\Users\agust\AppData\Roaming\uv\python\cpython-3.14-windows-x86_64-none\Lib\asyncio\base_events.py", line 1176, in create_connection
    raise OSError('Multiple exceptions: {}'.format(
        ', '.join(str(exc) for exc in exceptions)))
OSError: Multiple exceptions: [Errno 10061] Connect call failed ('::1', 5432, 0, 0), [Errno 10061] Connect call failed ('127.0.0.1', 5432)
2026-07-21 22:23:04,786 INFO    apscheduler.executors.default: Job "_run_matcher_job (trigger: interval[0:00:20], next run at: 2026-07-21 22:23:20 CEST)" executed successfully
2026-07-21 22:23:11,952 INFO    apscheduler.executors.default: Running job "_run_matcher_job (trigger: interval[0:00:20], next run at: 2026-07-21 22:23:31 CEST)" (scheduled at 2026-07-21 22:23:11.951514+02:00)
2026-07-21 22:23:16,007 ERROR   dafstudio: [matcher cron] run failed
Traceback (most recent call last):
  File "C:\apps\personal\DAFStudio\backend\loader_app.py", line 58, in _run_matcher_job
    await Matcher().run()
  File "C:\apps\personal\DAFStudio\backend\apps\matchmaking\service\matcher.py", line 138, in run
    await self.expire_stale()
  File "C:\apps\personal\DAFStudio\backend\apps\matchmaking\service\matcher.py", line 149, in expire_stale
    game_ids = await MatchmakingTicketModel().list_stale_game_ids(
               ^^^^^^^^^^^^^^^^^^^^^^^^^^^^^^^^^^^^^^^^^^^^^^^^^^^
        timeout_seconds=ACCEPTANCE_TIMEOUT_SECONDS
        ^^^^^^^^^^^^^^^^^^^^^^^^^^^^^^^^^^^^^^^^^^
    )
    ^
  File "C:\apps\personal\DAFStudio\backend\apps\matchmaking\models\models.py", line 229, in list_stale_game_ids
    async with self.get_db_connection() as connection:
               ~~~~~~~~~~~~~~~~~~~~~~^^
  File "C:\Users\agust\AppData\Roaming\uv\python\cpython-3.14-windows-x86_64-none\Lib\contextlib.py", line 214, in __aenter__
    return await anext(self.gen)
           ^^^^^^^^^^^^^^^^^^^^^
  File "C:\apps\personal\DAFStudio\backend\apps\matchmaking\models\__init__.py", line 16, in get_db_connection
    async with connection_pool.acquire() as connection:
               ~~~~~~~~~~~~~~~~~~~~~~~^^
  File "C:\apps\personal\DAFStudio\backend\.venv\Lib\site-packages\asyncpg\pool.py", line 1056, in __aenter__
    self.connection = await self.pool._acquire(self.timeout)
                      ^^^^^^^^^^^^^^^^^^^^^^^^^^^^^^^^^^^^^^
  File "C:\apps\personal\DAFStudio\backend\.venv\Lib\site-packages\asyncpg\pool.py", line 896, in _acquire
    return await _acquire_impl()
           ^^^^^^^^^^^^^^^^^^^^^
  File "C:\apps\personal\DAFStudio\backend\.venv\Lib\site-packages\asyncpg\pool.py", line 881, in _acquire_impl
    proxy = await ch.acquire()  # type: PoolConnectionProxy
            ^^^^^^^^^^^^^^^^^^
  File "C:\apps\personal\DAFStudio\backend\.venv\Lib\site-packages\asyncpg\pool.py", line 161, in acquire
    await self.connect()
  File "C:\apps\personal\DAFStudio\backend\.venv\Lib\site-packages\asyncpg\pool.py", line 153, in connect
    self._con = await self._pool._get_new_connection()
                ^^^^^^^^^^^^^^^^^^^^^^^^^^^^^^^^^^^^^^
  File "C:\apps\personal\DAFStudio\backend\.venv\Lib\site-packages\asyncpg\pool.py", line 538, in _get_new_connection
    con = await self._connect(
          ^^^^^^^^^^^^^^^^^^^^
    ...<5 lines>...
    )
    ^
  File "C:\apps\personal\DAFStudio\backend\.venv\Lib\site-packages\asyncpg\connection.py", line 2443, in connect
    return await connect_utils._connect(
           ^^^^^^^^^^^^^^^^^^^^^^^^^^^^^
    ...<22 lines>...
    )
    ^
  File "C:\apps\personal\DAFStudio\backend\.venv\Lib\site-packages\asyncpg\connect_utils.py", line 1249, in _connect
    raise last_error or exceptions.TargetServerAttributeNotMatched(
    ...<2 lines>...
    )
  File "C:\apps\personal\DAFStudio\backend\.venv\Lib\site-packages\asyncpg\connect_utils.py", line 1218, in _connect
    conn = await _connect_addr(
           ^^^^^^^^^^^^^^^^^^^^
    ...<6 lines>...
    )
    ^
  File "C:\apps\personal\DAFStudio\backend\.venv\Lib\site-packages\asyncpg\connect_utils.py", line 1054, in _connect_addr
    return await __connect_addr(params, True, *args)
           ^^^^^^^^^^^^^^^^^^^^^^^^^^^^^^^^^^^^^^^^^
  File "C:\apps\personal\DAFStudio\backend\.venv\Lib\site-packages\asyncpg\connect_utils.py", line 1099, in __connect_addr
    tr, pr = await connector
             ^^^^^^^^^^^^^^^
  File "C:\apps\personal\DAFStudio\backend\.venv\Lib\site-packages\asyncpg\connect_utils.py", line 969, in _create_ssl_connection
    tr, pr = await loop.create_connection(
             ^^^^^^^^^^^^^^^^^^^^^^^^^^^^^
    ...<2 lines>...
        host, port)
        ^^^^^^^^^^^
  File "C:\Users\agust\AppData\Roaming\uv\python\cpython-3.14-windows-x86_64-none\Lib\asyncio\base_events.py", line 1176, in create_connection
    raise OSError('Multiple exceptions: {}'.format(
        ', '.join(str(exc) for exc in exceptions)))
OSError: Multiple exceptions: [Errno 10061] Connect call failed ('::1', 5432, 0, 0), [Errno 10061] Connect call failed ('127.0.0.1', 5432)
2026-07-21 22:23:16,008 INFO    apscheduler.executors.default: Job "_run_matcher_job (trigger: interval[0:00:20], next run at: 2026-07-21 22:23:31 CEST)" executed successfully
2026-07-21 22:23:20,689 INFO    apscheduler.executors.default: Running job "_run_matcher_job (trigger: interval[0:00:20], next run at: 2026-07-21 22:23:40 CEST)" (scheduled at 2026-07-21 22:23:20.686898+02:00)
2026-07-21 22:23:24,751 ERROR   dafstudio: [matcher cron] run failed
Traceback (most recent call last):
  File "C:\apps\personal\DAFStudio\backend\loader_app.py", line 58, in _run_matcher_job
    await Matcher().run()
  File "C:\apps\personal\DAFStudio\backend\apps\matchmaking\service\matcher.py", line 138, in run
    await self.expire_stale()
  File "C:\apps\personal\DAFStudio\backend\apps\matchmaking\service\matcher.py", line 149, in expire_stale
    game_ids = await MatchmakingTicketModel().list_stale_game_ids(
               ^^^^^^^^^^^^^^^^^^^^^^^^^^^^^^^^^^^^^^^^^^^^^^^^^^^
        timeout_seconds=ACCEPTANCE_TIMEOUT_SECONDS
        ^^^^^^^^^^^^^^^^^^^^^^^^^^^^^^^^^^^^^^^^^^
    )
    ^
  File "C:\apps\personal\DAFStudio\backend\apps\matchmaking\models\models.py", line 229, in list_stale_game_ids
    async with self.get_db_connection() as connection:
               ~~~~~~~~~~~~~~~~~~~~~~^^
  File "C:\Users\agust\AppData\Roaming\uv\python\cpython-3.14-windows-x86_64-none\Lib\contextlib.py", line 214, in __aenter__
    return await anext(self.gen)
           ^^^^^^^^^^^^^^^^^^^^^
  File "C:\apps\personal\DAFStudio\backend\apps\matchmaking\models\__init__.py", line 16, in get_db_connection
    async with connection_pool.acquire() as connection:
               ~~~~~~~~~~~~~~~~~~~~~~~^^
  File "C:\apps\personal\DAFStudio\backend\.venv\Lib\site-packages\asyncpg\pool.py", line 1056, in __aenter__
    self.connection = await self.pool._acquire(self.timeout)
                      ^^^^^^^^^^^^^^^^^^^^^^^^^^^^^^^^^^^^^^
  File "C:\apps\personal\DAFStudio\backend\.venv\Lib\site-packages\asyncpg\pool.py", line 896, in _acquire
    return await _acquire_impl()
           ^^^^^^^^^^^^^^^^^^^^^
  File "C:\apps\personal\DAFStudio\backend\.venv\Lib\site-packages\asyncpg\pool.py", line 881, in _acquire_impl
    proxy = await ch.acquire()  # type: PoolConnectionProxy
            ^^^^^^^^^^^^^^^^^^
  File "C:\apps\personal\DAFStudio\backend\.venv\Lib\site-packages\asyncpg\pool.py", line 161, in acquire
    await self.connect()
  File "C:\apps\personal\DAFStudio\backend\.venv\Lib\site-packages\asyncpg\pool.py", line 153, in connect
    self._con = await self._pool._get_new_connection()
                ^^^^^^^^^^^^^^^^^^^^^^^^^^^^^^^^^^^^^^
  File "C:\apps\personal\DAFStudio\backend\.venv\Lib\site-packages\asyncpg\pool.py", line 538, in _get_new_connection
    con = await self._connect(
          ^^^^^^^^^^^^^^^^^^^^
    ...<5 lines>...
    )
    ^
  File "C:\apps\personal\DAFStudio\backend\.venv\Lib\site-packages\asyncpg\connection.py", line 2443, in connect
    return await connect_utils._connect(
           ^^^^^^^^^^^^^^^^^^^^^^^^^^^^^
    ...<22 lines>...
    )
    ^
  File "C:\apps\personal\DAFStudio\backend\.venv\Lib\site-packages\asyncpg\connect_utils.py", line 1249, in _connect
    raise last_error or exceptions.TargetServerAttributeNotMatched(
    ...<2 lines>...
    )
  File "C:\apps\personal\DAFStudio\backend\.venv\Lib\site-packages\asyncpg\connect_utils.py", line 1218, in _connect
    conn = await _connect_addr(
           ^^^^^^^^^^^^^^^^^^^^
    ...<6 lines>...
    )
    ^
  File "C:\apps\personal\DAFStudio\backend\.venv\Lib\site-packages\asyncpg\connect_utils.py", line 1054, in _connect_addr
    return await __connect_addr(params, True, *args)
           ^^^^^^^^^^^^^^^^^^^^^^^^^^^^^^^^^^^^^^^^^
  File "C:\apps\personal\DAFStudio\backend\.venv\Lib\site-packages\asyncpg\connect_utils.py", line 1099, in __connect_addr
    tr, pr = await connector
             ^^^^^^^^^^^^^^^
  File "C:\apps\personal\DAFStudio\backend\.venv\Lib\site-packages\asyncpg\connect_utils.py", line 969, in _create_ssl_connection
    tr, pr = await loop.create_connection(
             ^^^^^^^^^^^^^^^^^^^^^^^^^^^^^
    ...<2 lines>...
        host, port)
        ^^^^^^^^^^^
  File "C:\Users\agust\AppData\Roaming\uv\python\cpython-3.14-windows-x86_64-none\Lib\asyncio\base_events.py", line 1176, in create_connection
    raise OSError('Multiple exceptions: {}'.format(
        ', '.join(str(exc) for exc in exceptions)))
OSError: Multiple exceptions: [Errno 10061] Connect call failed ('::1', 5432, 0, 0), [Errno 10061] Connect call failed ('127.0.0.1', 5432)
2026-07-21 22:23:24,753 INFO    apscheduler.executors.default: Job "_run_matcher_job (trigger: interval[0:00:20], next run at: 2026-07-21 22:23:40 CEST)" executed successfully
2026-07-21 22:23:31,953 INFO    apscheduler.executors.default: Running job "_run_matcher_job (trigger: interval[0:00:20], next run at: 2026-07-21 22:23:51 CEST)" (scheduled at 2026-07-21 22:23:31.951514+02:00)
2026-07-21 22:23:36,019 ERROR   dafstudio: [matcher cron] run failed
Traceback (most recent call last):
  File "C:\apps\personal\DAFStudio\backend\loader_app.py", line 58, in _run_matcher_job
    await Matcher().run()
  File "C:\apps\personal\DAFStudio\backend\apps\matchmaking\service\matcher.py", line 138, in run
    await self.expire_stale()
  File "C:\apps\personal\DAFStudio\backend\apps\matchmaking\service\matcher.py", line 149, in expire_stale
    game_ids = await MatchmakingTicketModel().list_stale_game_ids(
               ^^^^^^^^^^^^^^^^^^^^^^^^^^^^^^^^^^^^^^^^^^^^^^^^^^^
        timeout_seconds=ACCEPTANCE_TIMEOUT_SECONDS
        ^^^^^^^^^^^^^^^^^^^^^^^^^^^^^^^^^^^^^^^^^^
    )
    ^
  File "C:\apps\personal\DAFStudio\backend\apps\matchmaking\models\models.py", line 229, in list_stale_game_ids
    async with self.get_db_connection() as connection:
               ~~~~~~~~~~~~~~~~~~~~~~^^
  File "C:\Users\agust\AppData\Roaming\uv\python\cpython-3.14-windows-x86_64-none\Lib\contextlib.py", line 214, in __aenter__
    return await anext(self.gen)
           ^^^^^^^^^^^^^^^^^^^^^
  File "C:\apps\personal\DAFStudio\backend\apps\matchmaking\models\__init__.py", line 16, in get_db_connection
    async with connection_pool.acquire() as connection:
               ~~~~~~~~~~~~~~~~~~~~~~~^^
  File "C:\apps\personal\DAFStudio\backend\.venv\Lib\site-packages\asyncpg\pool.py", line 1056, in __aenter__
    self.connection = await self.pool._acquire(self.timeout)
                      ^^^^^^^^^^^^^^^^^^^^^^^^^^^^^^^^^^^^^^
  File "C:\apps\personal\DAFStudio\backend\.venv\Lib\site-packages\asyncpg\pool.py", line 896, in _acquire
    return await _acquire_impl()
           ^^^^^^^^^^^^^^^^^^^^^
  File "C:\apps\personal\DAFStudio\backend\.venv\Lib\site-packages\asyncpg\pool.py", line 881, in _acquire_impl
    proxy = await ch.acquire()  # type: PoolConnectionProxy
            ^^^^^^^^^^^^^^^^^^
  File "C:\apps\personal\DAFStudio\backend\.venv\Lib\site-packages\asyncpg\pool.py", line 161, in acquire
    await self.connect()
  File "C:\apps\personal\DAFStudio\backend\.venv\Lib\site-packages\asyncpg\pool.py", line 153, in connect
    self._con = await self._pool._get_new_connection()
                ^^^^^^^^^^^^^^^^^^^^^^^^^^^^^^^^^^^^^^
  File "C:\apps\personal\DAFStudio\backend\.venv\Lib\site-packages\asyncpg\pool.py", line 538, in _get_new_connection
    con = await self._connect(
          ^^^^^^^^^^^^^^^^^^^^
    ...<5 lines>...
    )
    ^
  File "C:\apps\personal\DAFStudio\backend\.venv\Lib\site-packages\asyncpg\connection.py", line 2443, in connect
    return await connect_utils._connect(
           ^^^^^^^^^^^^^^^^^^^^^^^^^^^^^
    ...<22 lines>...
    )
    ^
  File "C:\apps\personal\DAFStudio\backend\.venv\Lib\site-packages\asyncpg\connect_utils.py", line 1249, in _connect
    raise last_error or exceptions.TargetServerAttributeNotMatched(
    ...<2 lines>...
    )
  File "C:\apps\personal\DAFStudio\backend\.venv\Lib\site-packages\asyncpg\connect_utils.py", line 1218, in _connect
    conn = await _connect_addr(
           ^^^^^^^^^^^^^^^^^^^^
    ...<6 lines>...
    )
    ^
  File "C:\apps\personal\DAFStudio\backend\.venv\Lib\site-packages\asyncpg\connect_utils.py", line 1054, in _connect_addr
    return await __connect_addr(params, True, *args)
           ^^^^^^^^^^^^^^^^^^^^^^^^^^^^^^^^^^^^^^^^^
  File "C:\apps\personal\DAFStudio\backend\.venv\Lib\site-packages\asyncpg\connect_utils.py", line 1099, in __connect_addr
    tr, pr = await connector
             ^^^^^^^^^^^^^^^
  File "C:\apps\personal\DAFStudio\backend\.venv\Lib\site-packages\asyncpg\connect_utils.py", line 969, in _create_ssl_connection
    tr, pr = await loop.create_connection(
             ^^^^^^^^^^^^^^^^^^^^^^^^^^^^^
    ...<2 lines>...
        host, port)
        ^^^^^^^^^^^
  File "C:\Users\agust\AppData\Roaming\uv\python\cpython-3.14-windows-x86_64-none\Lib\asyncio\base_events.py", line 1176, in create_connection
    raise OSError('Multiple exceptions: {}'.format(
        ', '.join(str(exc) for exc in exceptions)))
OSError: Multiple exceptions: [Errno 10061] Connect call failed ('::1', 5432, 0, 0), [Errno 10061] Connect call failed ('127.0.0.1', 5432)
2026-07-21 22:23:36,020 INFO    apscheduler.executors.default: Job "_run_matcher_job (trigger: interval[0:00:20], next run at: 2026-07-21 22:23:51 CEST)" executed successfully
2026-07-21 22:23:40,696 INFO    apscheduler.executors.default: Running job "_run_matcher_job (trigger: interval[0:00:20], next run at: 2026-07-21 22:24:00 CEST)" (scheduled at 2026-07-21 22:23:40.686898+02:00)
2026-07-21 22:23:44,738 ERROR   dafstudio: [matcher cron] run failed
Traceback (most recent call last):
  File "C:\apps\personal\DAFStudio\backend\loader_app.py", line 58, in _run_matcher_job
    await Matcher().run()
  File "C:\apps\personal\DAFStudio\backend\apps\matchmaking\service\matcher.py", line 138, in run
    await self.expire_stale()
  File "C:\apps\personal\DAFStudio\backend\apps\matchmaking\service\matcher.py", line 149, in expire_stale
    game_ids = await MatchmakingTicketModel().list_stale_game_ids(
               ^^^^^^^^^^^^^^^^^^^^^^^^^^^^^^^^^^^^^^^^^^^^^^^^^^^
        timeout_seconds=ACCEPTANCE_TIMEOUT_SECONDS
        ^^^^^^^^^^^^^^^^^^^^^^^^^^^^^^^^^^^^^^^^^^
    )
    ^
  File "C:\apps\personal\DAFStudio\backend\apps\matchmaking\models\models.py", line 229, in list_stale_game_ids
    async with self.get_db_connection() as connection:
               ~~~~~~~~~~~~~~~~~~~~~~^^
  File "C:\Users\agust\AppData\Roaming\uv\python\cpython-3.14-windows-x86_64-none\Lib\contextlib.py", line 214, in __aenter__
    return await anext(self.gen)
           ^^^^^^^^^^^^^^^^^^^^^
  File "C:\apps\personal\DAFStudio\backend\apps\matchmaking\models\__init__.py", line 16, in get_db_connection
    async with connection_pool.acquire() as connection:
               ~~~~~~~~~~~~~~~~~~~~~~~^^
  File "C:\apps\personal\DAFStudio\backend\.venv\Lib\site-packages\asyncpg\pool.py", line 1056, in __aenter__
    self.connection = await self.pool._acquire(self.timeout)
                      ^^^^^^^^^^^^^^^^^^^^^^^^^^^^^^^^^^^^^^
  File "C:\apps\personal\DAFStudio\backend\.venv\Lib\site-packages\asyncpg\pool.py", line 896, in _acquire
    return await _acquire_impl()
           ^^^^^^^^^^^^^^^^^^^^^
  File "C:\apps\personal\DAFStudio\backend\.venv\Lib\site-packages\asyncpg\pool.py", line 881, in _acquire_impl
    proxy = await ch.acquire()  # type: PoolConnectionProxy
            ^^^^^^^^^^^^^^^^^^
  File "C:\apps\personal\DAFStudio\backend\.venv\Lib\site-packages\asyncpg\pool.py", line 161, in acquire
    await self.connect()
  File "C:\apps\personal\DAFStudio\backend\.venv\Lib\site-packages\asyncpg\pool.py", line 153, in connect
    self._con = await self._pool._get_new_connection()
                ^^^^^^^^^^^^^^^^^^^^^^^^^^^^^^^^^^^^^^
  File "C:\apps\personal\DAFStudio\backend\.venv\Lib\site-packages\asyncpg\pool.py", line 538, in _get_new_connection
    con = await self._connect(
          ^^^^^^^^^^^^^^^^^^^^
    ...<5 lines>...
    )
    ^
  File "C:\apps\personal\DAFStudio\backend\.venv\Lib\site-packages\asyncpg\connection.py", line 2443, in connect
    return await connect_utils._connect(
           ^^^^^^^^^^^^^^^^^^^^^^^^^^^^^
    ...<22 lines>...
    )
    ^
  File "C:\apps\personal\DAFStudio\backend\.venv\Lib\site-packages\asyncpg\connect_utils.py", line 1249, in _connect
    raise last_error or exceptions.TargetServerAttributeNotMatched(
    ...<2 lines>...
    )
  File "C:\apps\personal\DAFStudio\backend\.venv\Lib\site-packages\asyncpg\connect_utils.py", line 1218, in _connect
    conn = await _connect_addr(
           ^^^^^^^^^^^^^^^^^^^^
    ...<6 lines>...
    )
    ^
  File "C:\apps\personal\DAFStudio\backend\.venv\Lib\site-packages\asyncpg\connect_utils.py", line 1054, in _connect_addr
    return await __connect_addr(params, True, *args)
           ^^^^^^^^^^^^^^^^^^^^^^^^^^^^^^^^^^^^^^^^^
  File "C:\apps\personal\DAFStudio\backend\.venv\Lib\site-packages\asyncpg\connect_utils.py", line 1099, in __connect_addr
    tr, pr = await connector
             ^^^^^^^^^^^^^^^
  File "C:\apps\personal\DAFStudio\backend\.venv\Lib\site-packages\asyncpg\connect_utils.py", line 969, in _create_ssl_connection
    tr, pr = await loop.create_connection(
             ^^^^^^^^^^^^^^^^^^^^^^^^^^^^^
    ...<2 lines>...
        host, port)
        ^^^^^^^^^^^
  File "C:\Users\agust\AppData\Roaming\uv\python\cpython-3.14-windows-x86_64-none\Lib\asyncio\base_events.py", line 1176, in create_connection
    raise OSError('Multiple exceptions: {}'.format(
        ', '.join(str(exc) for exc in exceptions)))
OSError: Multiple exceptions: [Errno 10061] Connect call failed ('::1', 5432, 0, 0), [Errno 10061] Connect call failed ('127.0.0.1', 5432)
2026-07-21 22:23:44,740 INFO    apscheduler.executors.default: Job "_run_matcher_job (trigger: interval[0:00:20], next run at: 2026-07-21 22:24:00 CEST)" executed successfully
2026-07-21 22:23:51,965 INFO    apscheduler.executors.default: Running job "_run_matcher_job (trigger: interval[0:00:20], next run at: 2026-07-21 22:24:11 CEST)" (scheduled at 2026-07-21 22:23:51.951514+02:00)
2026-07-21 22:23:56,021 ERROR   dafstudio: [matcher cron] run failed
Traceback (most recent call last):
  File "C:\apps\personal\DAFStudio\backend\loader_app.py", line 58, in _run_matcher_job
    await Matcher().run()
  File "C:\apps\personal\DAFStudio\backend\apps\matchmaking\service\matcher.py", line 138, in run
    await self.expire_stale()
  File "C:\apps\personal\DAFStudio\backend\apps\matchmaking\service\matcher.py", line 149, in expire_stale
    game_ids = await MatchmakingTicketModel().list_stale_game_ids(
               ^^^^^^^^^^^^^^^^^^^^^^^^^^^^^^^^^^^^^^^^^^^^^^^^^^^
        timeout_seconds=ACCEPTANCE_TIMEOUT_SECONDS
        ^^^^^^^^^^^^^^^^^^^^^^^^^^^^^^^^^^^^^^^^^^
    )
    ^
  File "C:\apps\personal\DAFStudio\backend\apps\matchmaking\models\models.py", line 229, in list_stale_game_ids
    async with self.get_db_connection() as connection:
               ~~~~~~~~~~~~~~~~~~~~~~^^
  File "C:\Users\agust\AppData\Roaming\uv\python\cpython-3.14-windows-x86_64-none\Lib\contextlib.py", line 214, in __aenter__
    return await anext(self.gen)
           ^^^^^^^^^^^^^^^^^^^^^
  File "C:\apps\personal\DAFStudio\backend\apps\matchmaking\models\__init__.py", line 16, in get_db_connection
    async with connection_pool.acquire() as connection:
               ~~~~~~~~~~~~~~~~~~~~~~~^^
  File "C:\apps\personal\DAFStudio\backend\.venv\Lib\site-packages\asyncpg\pool.py", line 1056, in __aenter__
    self.connection = await self.pool._acquire(self.timeout)
                      ^^^^^^^^^^^^^^^^^^^^^^^^^^^^^^^^^^^^^^
  File "C:\apps\personal\DAFStudio\backend\.venv\Lib\site-packages\asyncpg\pool.py", line 896, in _acquire
    return await _acquire_impl()
           ^^^^^^^^^^^^^^^^^^^^^
  File "C:\apps\personal\DAFStudio\backend\.venv\Lib\site-packages\asyncpg\pool.py", line 881, in _acquire_impl
    proxy = await ch.acquire()  # type: PoolConnectionProxy
            ^^^^^^^^^^^^^^^^^^
  File "C:\apps\personal\DAFStudio\backend\.venv\Lib\site-packages\asyncpg\pool.py", line 161, in acquire
    await self.connect()
  File "C:\apps\personal\DAFStudio\backend\.venv\Lib\site-packages\asyncpg\pool.py", line 153, in connect
    self._con = await self._pool._get_new_connection()
                ^^^^^^^^^^^^^^^^^^^^^^^^^^^^^^^^^^^^^^
  File "C:\apps\personal\DAFStudio\backend\.venv\Lib\site-packages\asyncpg\pool.py", line 538, in _get_new_connection
    con = await self._connect(
          ^^^^^^^^^^^^^^^^^^^^
    ...<5 lines>...
    )
    ^
  File "C:\apps\personal\DAFStudio\backend\.venv\Lib\site-packages\asyncpg\connection.py", line 2443, in connect
    return await connect_utils._connect(
           ^^^^^^^^^^^^^^^^^^^^^^^^^^^^^
    ...<22 lines>...
    )
    ^
  File "C:\apps\personal\DAFStudio\backend\.venv\Lib\site-packages\asyncpg\connect_utils.py", line 1249, in _connect
    raise last_error or exceptions.TargetServerAttributeNotMatched(
    ...<2 lines>...
    )
  File "C:\apps\personal\DAFStudio\backend\.venv\Lib\site-packages\asyncpg\connect_utils.py", line 1218, in _connect
    conn = await _connect_addr(
           ^^^^^^^^^^^^^^^^^^^^
    ...<6 lines>...
    )
    ^
  File "C:\apps\personal\DAFStudio\backend\.venv\Lib\site-packages\asyncpg\connect_utils.py", line 1054, in _connect_addr
    return await __connect_addr(params, True, *args)
           ^^^^^^^^^^^^^^^^^^^^^^^^^^^^^^^^^^^^^^^^^
  File "C:\apps\personal\DAFStudio\backend\.venv\Lib\site-packages\asyncpg\connect_utils.py", line 1099, in __connect_addr
    tr, pr = await connector
             ^^^^^^^^^^^^^^^
  File "C:\apps\personal\DAFStudio\backend\.venv\Lib\site-packages\asyncpg\connect_utils.py", line 969, in _create_ssl_connection
    tr, pr = await loop.create_connection(
             ^^^^^^^^^^^^^^^^^^^^^^^^^^^^^
    ...<2 lines>...
        host, port)
        ^^^^^^^^^^^
  File "C:\Users\agust\AppData\Roaming\uv\python\cpython-3.14-windows-x86_64-none\Lib\asyncio\base_events.py", line 1176, in create_connection
    raise OSError('Multiple exceptions: {}'.format(
        ', '.join(str(exc) for exc in exceptions)))
OSError: Multiple exceptions: [Errno 10061] Connect call failed ('::1', 5432, 0, 0), [Errno 10061] Connect call failed ('127.0.0.1', 5432)
2026-07-21 22:23:56,022 INFO    apscheduler.executors.default: Job "_run_matcher_job (trigger: interval[0:00:20], next run at: 2026-07-21 22:24:11 CEST)" executed successfully
2026-07-21 22:24:00,700 INFO    apscheduler.executors.default: Running job "_run_matcher_job (trigger: interval[0:00:20], next run at: 2026-07-21 22:24:20 CEST)" (scheduled at 2026-07-21 22:24:00.686898+02:00)
2026-07-21 22:24:04,752 ERROR   dafstudio: [matcher cron] run failed
Traceback (most recent call last):
  File "C:\apps\personal\DAFStudio\backend\loader_app.py", line 58, in _run_matcher_job
    await Matcher().run()
  File "C:\apps\personal\DAFStudio\backend\apps\matchmaking\service\matcher.py", line 138, in run
    await self.expire_stale()
  File "C:\apps\personal\DAFStudio\backend\apps\matchmaking\service\matcher.py", line 149, in expire_stale
    game_ids = await MatchmakingTicketModel().list_stale_game_ids(
               ^^^^^^^^^^^^^^^^^^^^^^^^^^^^^^^^^^^^^^^^^^^^^^^^^^^
        timeout_seconds=ACCEPTANCE_TIMEOUT_SECONDS
        ^^^^^^^^^^^^^^^^^^^^^^^^^^^^^^^^^^^^^^^^^^
    )
    ^
  File "C:\apps\personal\DAFStudio\backend\apps\matchmaking\models\models.py", line 229, in list_stale_game_ids
    async with self.get_db_connection() as connection:
               ~~~~~~~~~~~~~~~~~~~~~~^^
  File "C:\Users\agust\AppData\Roaming\uv\python\cpython-3.14-windows-x86_64-none\Lib\contextlib.py", line 214, in __aenter__
    return await anext(self.gen)
           ^^^^^^^^^^^^^^^^^^^^^
  File "C:\apps\personal\DAFStudio\backend\apps\matchmaking\models\__init__.py", line 16, in get_db_connection
    async with connection_pool.acquire() as connection:
               ~~~~~~~~~~~~~~~~~~~~~~~^^
  File "C:\apps\personal\DAFStudio\backend\.venv\Lib\site-packages\asyncpg\pool.py", line 1056, in __aenter__
    self.connection = await self.pool._acquire(self.timeout)
                      ^^^^^^^^^^^^^^^^^^^^^^^^^^^^^^^^^^^^^^
  File "C:\apps\personal\DAFStudio\backend\.venv\Lib\site-packages\asyncpg\pool.py", line 896, in _acquire
    return await _acquire_impl()
           ^^^^^^^^^^^^^^^^^^^^^
  File "C:\apps\personal\DAFStudio\backend\.venv\Lib\site-packages\asyncpg\pool.py", line 881, in _acquire_impl
    proxy = await ch.acquire()  # type: PoolConnectionProxy
            ^^^^^^^^^^^^^^^^^^
  File "C:\apps\personal\DAFStudio\backend\.venv\Lib\site-packages\asyncpg\pool.py", line 161, in acquire
    await self.connect()
  File "C:\apps\personal\DAFStudio\backend\.venv\Lib\site-packages\asyncpg\pool.py", line 153, in connect
    self._con = await self._pool._get_new_connection()
                ^^^^^^^^^^^^^^^^^^^^^^^^^^^^^^^^^^^^^^
  File "C:\apps\personal\DAFStudio\backend\.venv\Lib\site-packages\asyncpg\pool.py", line 538, in _get_new_connection
    con = await self._connect(
          ^^^^^^^^^^^^^^^^^^^^
    ...<5 lines>...
    )
    ^
  File "C:\apps\personal\DAFStudio\backend\.venv\Lib\site-packages\asyncpg\connection.py", line 2443, in connect
    return await connect_utils._connect(
           ^^^^^^^^^^^^^^^^^^^^^^^^^^^^^
    ...<22 lines>...
    )
    ^
  File "C:\apps\personal\DAFStudio\backend\.venv\Lib\site-packages\asyncpg\connect_utils.py", line 1249, in _connect
    raise last_error or exceptions.TargetServerAttributeNotMatched(
    ...<2 lines>...
    )
  File "C:\apps\personal\DAFStudio\backend\.venv\Lib\site-packages\asyncpg\connect_utils.py", line 1218, in _connect
    conn = await _connect_addr(
           ^^^^^^^^^^^^^^^^^^^^
    ...<6 lines>...
    )
    ^
  File "C:\apps\personal\DAFStudio\backend\.venv\Lib\site-packages\asyncpg\connect_utils.py", line 1054, in _connect_addr
    return await __connect_addr(params, True, *args)
           ^^^^^^^^^^^^^^^^^^^^^^^^^^^^^^^^^^^^^^^^^
  File "C:\apps\personal\DAFStudio\backend\.venv\Lib\site-packages\asyncpg\connect_utils.py", line 1099, in __connect_addr
    tr, pr = await connector
             ^^^^^^^^^^^^^^^
  File "C:\apps\personal\DAFStudio\backend\.venv\Lib\site-packages\asyncpg\connect_utils.py", line 969, in _create_ssl_connection
    tr, pr = await loop.create_connection(
             ^^^^^^^^^^^^^^^^^^^^^^^^^^^^^
    ...<2 lines>...
        host, port)
        ^^^^^^^^^^^
  File "C:\Users\agust\AppData\Roaming\uv\python\cpython-3.14-windows-x86_64-none\Lib\asyncio\base_events.py", line 1176, in create_connection
    raise OSError('Multiple exceptions: {}'.format(
        ', '.join(str(exc) for exc in exceptions)))
OSError: Multiple exceptions: [Errno 10061] Connect call failed ('::1', 5432, 0, 0), [Errno 10061] Connect call failed ('127.0.0.1', 5432)
2026-07-21 22:24:04,753 INFO    apscheduler.executors.default: Job "_run_matcher_job (trigger: interval[0:00:20], next run at: 2026-07-21 22:24:20 CEST)" executed successfully
2026-07-21 22:24:11,966 INFO    apscheduler.executors.default: Running job "_run_matcher_job (trigger: interval[0:00:20], next run at: 2026-07-21 22:24:31 CEST)" (scheduled at 2026-07-21 22:24:11.951514+02:00)
2026-07-21 22:24:16,021 ERROR   dafstudio: [matcher cron] run failed
Traceback (most recent call last):
  File "C:\apps\personal\DAFStudio\backend\loader_app.py", line 58, in _run_matcher_job
    await Matcher().run()
  File "C:\apps\personal\DAFStudio\backend\apps\matchmaking\service\matcher.py", line 138, in run
    await self.expire_stale()
  File "C:\apps\personal\DAFStudio\backend\apps\matchmaking\service\matcher.py", line 149, in expire_stale
    game_ids = await MatchmakingTicketModel().list_stale_game_ids(
               ^^^^^^^^^^^^^^^^^^^^^^^^^^^^^^^^^^^^^^^^^^^^^^^^^^^
        timeout_seconds=ACCEPTANCE_TIMEOUT_SECONDS
        ^^^^^^^^^^^^^^^^^^^^^^^^^^^^^^^^^^^^^^^^^^
    )
    ^
  File "C:\apps\personal\DAFStudio\backend\apps\matchmaking\models\models.py", line 229, in list_stale_game_ids
    async with self.get_db_connection() as connection:
               ~~~~~~~~~~~~~~~~~~~~~~^^
  File "C:\Users\agust\AppData\Roaming\uv\python\cpython-3.14-windows-x86_64-none\Lib\contextlib.py", line 214, in __aenter__
    return await anext(self.gen)
           ^^^^^^^^^^^^^^^^^^^^^
  File "C:\apps\personal\DAFStudio\backend\apps\matchmaking\models\__init__.py", line 16, in get_db_connection
    async with connection_pool.acquire() as connection:
               ~~~~~~~~~~~~~~~~~~~~~~~^^
  File "C:\apps\personal\DAFStudio\backend\.venv\Lib\site-packages\asyncpg\pool.py", line 1056, in __aenter__
    self.connection = await self.pool._acquire(self.timeout)
                      ^^^^^^^^^^^^^^^^^^^^^^^^^^^^^^^^^^^^^^
  File "C:\apps\personal\DAFStudio\backend\.venv\Lib\site-packages\asyncpg\pool.py", line 896, in _acquire
    return await _acquire_impl()
           ^^^^^^^^^^^^^^^^^^^^^
  File "C:\apps\personal\DAFStudio\backend\.venv\Lib\site-packages\asyncpg\pool.py", line 881, in _acquire_impl
    proxy = await ch.acquire()  # type: PoolConnectionProxy
            ^^^^^^^^^^^^^^^^^^
  File "C:\apps\personal\DAFStudio\backend\.venv\Lib\site-packages\asyncpg\pool.py", line 161, in acquire
    await self.connect()
  File "C:\apps\personal\DAFStudio\backend\.venv\Lib\site-packages\asyncpg\pool.py", line 153, in connect
    self._con = await self._pool._get_new_connection()
                ^^^^^^^^^^^^^^^^^^^^^^^^^^^^^^^^^^^^^^
  File "C:\apps\personal\DAFStudio\backend\.venv\Lib\site-packages\asyncpg\pool.py", line 538, in _get_new_connection
    con = await self._connect(
          ^^^^^^^^^^^^^^^^^^^^
    ...<5 lines>...
    )
    ^
  File "C:\apps\personal\DAFStudio\backend\.venv\Lib\site-packages\asyncpg\connection.py", line 2443, in connect
    return await connect_utils._connect(
           ^^^^^^^^^^^^^^^^^^^^^^^^^^^^^
    ...<22 lines>...
    )
    ^
  File "C:\apps\personal\DAFStudio\backend\.venv\Lib\site-packages\asyncpg\connect_utils.py", line 1249, in _connect
    raise last_error or exceptions.TargetServerAttributeNotMatched(
    ...<2 lines>...
    )
  File "C:\apps\personal\DAFStudio\backend\.venv\Lib\site-packages\asyncpg\connect_utils.py", line 1218, in _connect
    conn = await _connect_addr(
           ^^^^^^^^^^^^^^^^^^^^
    ...<6 lines>...
    )
    ^
  File "C:\apps\personal\DAFStudio\backend\.venv\Lib\site-packages\asyncpg\connect_utils.py", line 1054, in _connect_addr
    return await __connect_addr(params, True, *args)
           ^^^^^^^^^^^^^^^^^^^^^^^^^^^^^^^^^^^^^^^^^
  File "C:\apps\personal\DAFStudio\backend\.venv\Lib\site-packages\asyncpg\connect_utils.py", line 1099, in __connect_addr
    tr, pr = await connector
             ^^^^^^^^^^^^^^^
  File "C:\apps\personal\DAFStudio\backend\.venv\Lib\site-packages\asyncpg\connect_utils.py", line 969, in _create_ssl_connection
    tr, pr = await loop.create_connection(
             ^^^^^^^^^^^^^^^^^^^^^^^^^^^^^
    ...<2 lines>...
        host, port)
        ^^^^^^^^^^^
  File "C:\Users\agust\AppData\Roaming\uv\python\cpython-3.14-windows-x86_64-none\Lib\asyncio\base_events.py", line 1176, in create_connection
    raise OSError('Multiple exceptions: {}'.format(
        ', '.join(str(exc) for exc in exceptions)))
OSError: Multiple exceptions: [Errno 10061] Connect call failed ('::1', 5432, 0, 0), [Errno 10061] Connect call failed ('127.0.0.1', 5432)
2026-07-21 22:24:16,022 INFO    apscheduler.executors.default: Job "_run_matcher_job (trigger: interval[0:00:20], next run at: 2026-07-21 22:24:31 CEST)" executed successfully
2026-07-21 22:24:20,689 INFO    apscheduler.executors.default: Running job "_run_matcher_job (trigger: interval[0:00:20], next run at: 2026-07-21 22:24:40 CEST)" (scheduled at 2026-07-21 22:24:20.686898+02:00)
2026-07-21 22:24:24,742 ERROR   dafstudio: [matcher cron] run failed
Traceback (most recent call last):
  File "C:\apps\personal\DAFStudio\backend\loader_app.py", line 58, in _run_matcher_job
    await Matcher().run()
  File "C:\apps\personal\DAFStudio\backend\apps\matchmaking\service\matcher.py", line 138, in run
    await self.expire_stale()
  File "C:\apps\personal\DAFStudio\backend\apps\matchmaking\service\matcher.py", line 149, in expire_stale
    game_ids = await MatchmakingTicketModel().list_stale_game_ids(
               ^^^^^^^^^^^^^^^^^^^^^^^^^^^^^^^^^^^^^^^^^^^^^^^^^^^
        timeout_seconds=ACCEPTANCE_TIMEOUT_SECONDS
        ^^^^^^^^^^^^^^^^^^^^^^^^^^^^^^^^^^^^^^^^^^
    )
    ^
  File "C:\apps\personal\DAFStudio\backend\apps\matchmaking\models\models.py", line 229, in list_stale_game_ids
    async with self.get_db_connection() as connection:
               ~~~~~~~~~~~~~~~~~~~~~~^^
  File "C:\Users\agust\AppData\Roaming\uv\python\cpython-3.14-windows-x86_64-none\Lib\contextlib.py", line 214, in __aenter__
    return await anext(self.gen)
           ^^^^^^^^^^^^^^^^^^^^^
  File "C:\apps\personal\DAFStudio\backend\apps\matchmaking\models\__init__.py", line 16, in get_db_connection
    async with connection_pool.acquire() as connection:
               ~~~~~~~~~~~~~~~~~~~~~~~^^
  File "C:\apps\personal\DAFStudio\backend\.venv\Lib\site-packages\asyncpg\pool.py", line 1056, in __aenter__
    self.connection = await self.pool._acquire(self.timeout)
                      ^^^^^^^^^^^^^^^^^^^^^^^^^^^^^^^^^^^^^^
  File "C:\apps\personal\DAFStudio\backend\.venv\Lib\site-packages\asyncpg\pool.py", line 896, in _acquire
    return await _acquire_impl()
           ^^^^^^^^^^^^^^^^^^^^^
  File "C:\apps\personal\DAFStudio\backend\.venv\Lib\site-packages\asyncpg\pool.py", line 881, in _acquire_impl
    proxy = await ch.acquire()  # type: PoolConnectionProxy
            ^^^^^^^^^^^^^^^^^^
  File "C:\apps\personal\DAFStudio\backend\.venv\Lib\site-packages\asyncpg\pool.py", line 161, in acquire
    await self.connect()
  File "C:\apps\personal\DAFStudio\backend\.venv\Lib\site-packages\asyncpg\pool.py", line 153, in connect
    self._con = await self._pool._get_new_connection()
                ^^^^^^^^^^^^^^^^^^^^^^^^^^^^^^^^^^^^^^
  File "C:\apps\personal\DAFStudio\backend\.venv\Lib\site-packages\asyncpg\pool.py", line 538, in _get_new_connection
    con = await self._connect(
          ^^^^^^^^^^^^^^^^^^^^
    ...<5 lines>...
    )
    ^
  File "C:\apps\personal\DAFStudio\backend\.venv\Lib\site-packages\asyncpg\connection.py", line 2443, in connect
    return await connect_utils._connect(
           ^^^^^^^^^^^^^^^^^^^^^^^^^^^^^
    ...<22 lines>...
    )
    ^
  File "C:\apps\personal\DAFStudio\backend\.venv\Lib\site-packages\asyncpg\connect_utils.py", line 1249, in _connect
    raise last_error or exceptions.TargetServerAttributeNotMatched(
    ...<2 lines>...
    )
  File "C:\apps\personal\DAFStudio\backend\.venv\Lib\site-packages\asyncpg\connect_utils.py", line 1218, in _connect
    conn = await _connect_addr(
           ^^^^^^^^^^^^^^^^^^^^
    ...<6 lines>...
    )
    ^
  File "C:\apps\personal\DAFStudio\backend\.venv\Lib\site-packages\asyncpg\connect_utils.py", line 1054, in _connect_addr
    return await __connect_addr(params, True, *args)
           ^^^^^^^^^^^^^^^^^^^^^^^^^^^^^^^^^^^^^^^^^
  File "C:\apps\personal\DAFStudio\backend\.venv\Lib\site-packages\asyncpg\connect_utils.py", line 1099, in __connect_addr
    tr, pr = await connector
             ^^^^^^^^^^^^^^^
  File "C:\apps\personal\DAFStudio\backend\.venv\Lib\site-packages\asyncpg\connect_utils.py", line 969, in _create_ssl_connection
    tr, pr = await loop.create_connection(
             ^^^^^^^^^^^^^^^^^^^^^^^^^^^^^
    ...<2 lines>...
        host, port)
        ^^^^^^^^^^^
  File "C:\Users\agust\AppData\Roaming\uv\python\cpython-3.14-windows-x86_64-none\Lib\asyncio\base_events.py", line 1176, in create_connection
    raise OSError('Multiple exceptions: {}'.format(
        ', '.join(str(exc) for exc in exceptions)))
OSError: Multiple exceptions: [Errno 10061] Connect call failed ('::1', 5432, 0, 0), [Errno 10061] Connect call failed ('127.0.0.1', 5432)
2026-07-21 22:24:24,743 INFO    apscheduler.executors.default: Job "_run_matcher_job (trigger: interval[0:00:20], next run at: 2026-07-21 22:24:40 CEST)" executed successfully
2026-07-21 22:24:31,952 INFO    apscheduler.executors.default: Running job "_run_matcher_job (trigger: interval[0:00:20], next run at: 2026-07-21 22:24:51 CEST)" (scheduled at 2026-07-21 22:24:31.951514+02:00)
2026-07-21 22:24:36,014 ERROR   dafstudio: [matcher cron] run failed
Traceback (most recent call last):
  File "C:\apps\personal\DAFStudio\backend\loader_app.py", line 58, in _run_matcher_job
    await Matcher().run()
  File "C:\apps\personal\DAFStudio\backend\apps\matchmaking\service\matcher.py", line 138, in run
    await self.expire_stale()
  File "C:\apps\personal\DAFStudio\backend\apps\matchmaking\service\matcher.py", line 149, in expire_stale
    game_ids = await MatchmakingTicketModel().list_stale_game_ids(
               ^^^^^^^^^^^^^^^^^^^^^^^^^^^^^^^^^^^^^^^^^^^^^^^^^^^
        timeout_seconds=ACCEPTANCE_TIMEOUT_SECONDS
        ^^^^^^^^^^^^^^^^^^^^^^^^^^^^^^^^^^^^^^^^^^
    )
    ^
  File "C:\apps\personal\DAFStudio\backend\apps\matchmaking\models\models.py", line 229, in list_stale_game_ids
    async with self.get_db_connection() as connection:
               ~~~~~~~~~~~~~~~~~~~~~~^^
  File "C:\Users\agust\AppData\Roaming\uv\python\cpython-3.14-windows-x86_64-none\Lib\contextlib.py", line 214, in __aenter__
    return await anext(self.gen)
           ^^^^^^^^^^^^^^^^^^^^^
  File "C:\apps\personal\DAFStudio\backend\apps\matchmaking\models\__init__.py", line 16, in get_db_connection
    async with connection_pool.acquire() as connection:
               ~~~~~~~~~~~~~~~~~~~~~~~^^
  File "C:\apps\personal\DAFStudio\backend\.venv\Lib\site-packages\asyncpg\pool.py", line 1056, in __aenter__
    self.connection = await self.pool._acquire(self.timeout)
                      ^^^^^^^^^^^^^^^^^^^^^^^^^^^^^^^^^^^^^^
  File "C:\apps\personal\DAFStudio\backend\.venv\Lib\site-packages\asyncpg\pool.py", line 896, in _acquire
    return await _acquire_impl()
           ^^^^^^^^^^^^^^^^^^^^^
  File "C:\apps\personal\DAFStudio\backend\.venv\Lib\site-packages\asyncpg\pool.py", line 881, in _acquire_impl
    proxy = await ch.acquire()  # type: PoolConnectionProxy
            ^^^^^^^^^^^^^^^^^^
  File "C:\apps\personal\DAFStudio\backend\.venv\Lib\site-packages\asyncpg\pool.py", line 161, in acquire
    await self.connect()
  File "C:\apps\personal\DAFStudio\backend\.venv\Lib\site-packages\asyncpg\pool.py", line 153, in connect
    self._con = await self._pool._get_new_connection()
                ^^^^^^^^^^^^^^^^^^^^^^^^^^^^^^^^^^^^^^
  File "C:\apps\personal\DAFStudio\backend\.venv\Lib\site-packages\asyncpg\pool.py", line 538, in _get_new_connection
    con = await self._connect(
          ^^^^^^^^^^^^^^^^^^^^
    ...<5 lines>...
    )
    ^
  File "C:\apps\personal\DAFStudio\backend\.venv\Lib\site-packages\asyncpg\connection.py", line 2443, in connect
    return await connect_utils._connect(
           ^^^^^^^^^^^^^^^^^^^^^^^^^^^^^
    ...<22 lines>...
    )
    ^
  File "C:\apps\personal\DAFStudio\backend\.venv\Lib\site-packages\asyncpg\connect_utils.py", line 1249, in _connect
    raise last_error or exceptions.TargetServerAttributeNotMatched(
    ...<2 lines>...
    )
  File "C:\apps\personal\DAFStudio\backend\.venv\Lib\site-packages\asyncpg\connect_utils.py", line 1218, in _connect
    conn = await _connect_addr(
           ^^^^^^^^^^^^^^^^^^^^
    ...<6 lines>...
    )
    ^
  File "C:\apps\personal\DAFStudio\backend\.venv\Lib\site-packages\asyncpg\connect_utils.py", line 1054, in _connect_addr
    return await __connect_addr(params, True, *args)
           ^^^^^^^^^^^^^^^^^^^^^^^^^^^^^^^^^^^^^^^^^
  File "C:\apps\personal\DAFStudio\backend\.venv\Lib\site-packages\asyncpg\connect_utils.py", line 1099, in __connect_addr
    tr, pr = await connector
             ^^^^^^^^^^^^^^^
  File "C:\apps\personal\DAFStudio\backend\.venv\Lib\site-packages\asyncpg\connect_utils.py", line 969, in _create_ssl_connection
    tr, pr = await loop.create_connection(
             ^^^^^^^^^^^^^^^^^^^^^^^^^^^^^
    ...<2 lines>...
        host, port)
        ^^^^^^^^^^^
  File "C:\Users\agust\AppData\Roaming\uv\python\cpython-3.14-windows-x86_64-none\Lib\asyncio\base_events.py", line 1176, in create_connection
    raise OSError('Multiple exceptions: {}'.format(
        ', '.join(str(exc) for exc in exceptions)))
OSError: Multiple exceptions: [Errno 10061] Connect call failed ('::1', 5432, 0, 0), [Errno 10061] Connect call failed ('127.0.0.1', 5432)
2026-07-21 22:24:36,016 INFO    apscheduler.executors.default: Job "_run_matcher_job (trigger: interval[0:00:20], next run at: 2026-07-21 22:24:51 CEST)" executed successfully
2026-07-21 22:24:40,694 INFO    apscheduler.executors.default: Running job "_run_matcher_job (trigger: interval[0:00:20], next run at: 2026-07-21 22:25:00 CEST)" (scheduled at 2026-07-21 22:24:40.686898+02:00)
2026-07-21 22:24:44,763 ERROR   dafstudio: [matcher cron] run failed
Traceback (most recent call last):
  File "C:\apps\personal\DAFStudio\backend\loader_app.py", line 58, in _run_matcher_job
    await Matcher().run()
  File "C:\apps\personal\DAFStudio\backend\apps\matchmaking\service\matcher.py", line 138, in run
    await self.expire_stale()
  File "C:\apps\personal\DAFStudio\backend\apps\matchmaking\service\matcher.py", line 149, in expire_stale
    game_ids = await MatchmakingTicketModel().list_stale_game_ids(
               ^^^^^^^^^^^^^^^^^^^^^^^^^^^^^^^^^^^^^^^^^^^^^^^^^^^
        timeout_seconds=ACCEPTANCE_TIMEOUT_SECONDS
        ^^^^^^^^^^^^^^^^^^^^^^^^^^^^^^^^^^^^^^^^^^
    )
    ^
  File "C:\apps\personal\DAFStudio\backend\apps\matchmaking\models\models.py", line 229, in list_stale_game_ids
    async with self.get_db_connection() as connection:
               ~~~~~~~~~~~~~~~~~~~~~~^^
  File "C:\Users\agust\AppData\Roaming\uv\python\cpython-3.14-windows-x86_64-none\Lib\contextlib.py", line 214, in __aenter__
    return await anext(self.gen)
           ^^^^^^^^^^^^^^^^^^^^^
  File "C:\apps\personal\DAFStudio\backend\apps\matchmaking\models\__init__.py", line 16, in get_db_connection
    async with connection_pool.acquire() as connection:
               ~~~~~~~~~~~~~~~~~~~~~~~^^
  File "C:\apps\personal\DAFStudio\backend\.venv\Lib\site-packages\asyncpg\pool.py", line 1056, in __aenter__
    self.connection = await self.pool._acquire(self.timeout)
                      ^^^^^^^^^^^^^^^^^^^^^^^^^^^^^^^^^^^^^^
  File "C:\apps\personal\DAFStudio\backend\.venv\Lib\site-packages\asyncpg\pool.py", line 896, in _acquire
    return await _acquire_impl()
           ^^^^^^^^^^^^^^^^^^^^^
  File "C:\apps\personal\DAFStudio\backend\.venv\Lib\site-packages\asyncpg\pool.py", line 881, in _acquire_impl
    proxy = await ch.acquire()  # type: PoolConnectionProxy
            ^^^^^^^^^^^^^^^^^^
  File "C:\apps\personal\DAFStudio\backend\.venv\Lib\site-packages\asyncpg\pool.py", line 161, in acquire
    await self.connect()
  File "C:\apps\personal\DAFStudio\backend\.venv\Lib\site-packages\asyncpg\pool.py", line 153, in connect
    self._con = await self._pool._get_new_connection()
                ^^^^^^^^^^^^^^^^^^^^^^^^^^^^^^^^^^^^^^
  File "C:\apps\personal\DAFStudio\backend\.venv\Lib\site-packages\asyncpg\pool.py", line 538, in _get_new_connection
    con = await self._connect(
          ^^^^^^^^^^^^^^^^^^^^
    ...<5 lines>...
    )
    ^
  File "C:\apps\personal\DAFStudio\backend\.venv\Lib\site-packages\asyncpg\connection.py", line 2443, in connect
    return await connect_utils._connect(
           ^^^^^^^^^^^^^^^^^^^^^^^^^^^^^
    ...<22 lines>...
    )
    ^
  File "C:\apps\personal\DAFStudio\backend\.venv\Lib\site-packages\asyncpg\connect_utils.py", line 1249, in _connect
    raise last_error or exceptions.TargetServerAttributeNotMatched(
    ...<2 lines>...
    )
  File "C:\apps\personal\DAFStudio\backend\.venv\Lib\site-packages\asyncpg\connect_utils.py", line 1218, in _connect
    conn = await _connect_addr(
           ^^^^^^^^^^^^^^^^^^^^
    ...<6 lines>...
    )
    ^
  File "C:\apps\personal\DAFStudio\backend\.venv\Lib\site-packages\asyncpg\connect_utils.py", line 1054, in _connect_addr
    return await __connect_addr(params, True, *args)
           ^^^^^^^^^^^^^^^^^^^^^^^^^^^^^^^^^^^^^^^^^
  File "C:\apps\personal\DAFStudio\backend\.venv\Lib\site-packages\asyncpg\connect_utils.py", line 1099, in __connect_addr
    tr, pr = await connector
             ^^^^^^^^^^^^^^^
  File "C:\apps\personal\DAFStudio\backend\.venv\Lib\site-packages\asyncpg\connect_utils.py", line 969, in _create_ssl_connection
    tr, pr = await loop.create_connection(
             ^^^^^^^^^^^^^^^^^^^^^^^^^^^^^
    ...<2 lines>...
        host, port)
        ^^^^^^^^^^^
  File "C:\Users\agust\AppData\Roaming\uv\python\cpython-3.14-windows-x86_64-none\Lib\asyncio\base_events.py", line 1176, in create_connection
    raise OSError('Multiple exceptions: {}'.format(
        ', '.join(str(exc) for exc in exceptions)))
OSError: Multiple exceptions: [Errno 10061] Connect call failed ('::1', 5432, 0, 0), [Errno 10061] Connect call failed ('127.0.0.1', 5432)
2026-07-21 22:24:44,765 INFO    apscheduler.executors.default: Job "_run_matcher_job (trigger: interval[0:00:20], next run at: 2026-07-21 22:25:00 CEST)" executed successfully
2026-07-21 22:24:51,959 INFO    apscheduler.executors.default: Running job "_run_matcher_job (trigger: interval[0:00:20], next run at: 2026-07-21 22:25:11 CEST)" (scheduled at 2026-07-21 22:24:51.951514+02:00)
2026-07-21 22:24:56,028 ERROR   dafstudio: [matcher cron] run failed
Traceback (most recent call last):
  File "C:\apps\personal\DAFStudio\backend\loader_app.py", line 58, in _run_matcher_job
    await Matcher().run()
  File "C:\apps\personal\DAFStudio\backend\apps\matchmaking\service\matcher.py", line 138, in run
    await self.expire_stale()
  File "C:\apps\personal\DAFStudio\backend\apps\matchmaking\service\matcher.py", line 149, in expire_stale
    game_ids = await MatchmakingTicketModel().list_stale_game_ids(
               ^^^^^^^^^^^^^^^^^^^^^^^^^^^^^^^^^^^^^^^^^^^^^^^^^^^
        timeout_seconds=ACCEPTANCE_TIMEOUT_SECONDS
        ^^^^^^^^^^^^^^^^^^^^^^^^^^^^^^^^^^^^^^^^^^
    )
    ^
  File "C:\apps\personal\DAFStudio\backend\apps\matchmaking\models\models.py", line 229, in list_stale_game_ids
    async with self.get_db_connection() as connection:
               ~~~~~~~~~~~~~~~~~~~~~~^^
  File "C:\Users\agust\AppData\Roaming\uv\python\cpython-3.14-windows-x86_64-none\Lib\contextlib.py", line 214, in __aenter__
    return await anext(self.gen)
           ^^^^^^^^^^^^^^^^^^^^^
  File "C:\apps\personal\DAFStudio\backend\apps\matchmaking\models\__init__.py", line 16, in get_db_connection
    async with connection_pool.acquire() as connection:
               ~~~~~~~~~~~~~~~~~~~~~~~^^
  File "C:\apps\personal\DAFStudio\backend\.venv\Lib\site-packages\asyncpg\pool.py", line 1056, in __aenter__
    self.connection = await self.pool._acquire(self.timeout)
                      ^^^^^^^^^^^^^^^^^^^^^^^^^^^^^^^^^^^^^^
  File "C:\apps\personal\DAFStudio\backend\.venv\Lib\site-packages\asyncpg\pool.py", line 896, in _acquire
    return await _acquire_impl()
           ^^^^^^^^^^^^^^^^^^^^^
  File "C:\apps\personal\DAFStudio\backend\.venv\Lib\site-packages\asyncpg\pool.py", line 881, in _acquire_impl
    proxy = await ch.acquire()  # type: PoolConnectionProxy
            ^^^^^^^^^^^^^^^^^^
  File "C:\apps\personal\DAFStudio\backend\.venv\Lib\site-packages\asyncpg\pool.py", line 161, in acquire
    await self.connect()
  File "C:\apps\personal\DAFStudio\backend\.venv\Lib\site-packages\asyncpg\pool.py", line 153, in connect
    self._con = await self._pool._get_new_connection()
                ^^^^^^^^^^^^^^^^^^^^^^^^^^^^^^^^^^^^^^
  File "C:\apps\personal\DAFStudio\backend\.venv\Lib\site-packages\asyncpg\pool.py", line 538, in _get_new_connection
    con = await self._connect(
          ^^^^^^^^^^^^^^^^^^^^
    ...<5 lines>...
    )
    ^
  File "C:\apps\personal\DAFStudio\backend\.venv\Lib\site-packages\asyncpg\connection.py", line 2443, in connect
    return await connect_utils._connect(
           ^^^^^^^^^^^^^^^^^^^^^^^^^^^^^
    ...<22 lines>...
    )
    ^
  File "C:\apps\personal\DAFStudio\backend\.venv\Lib\site-packages\asyncpg\connect_utils.py", line 1249, in _connect
    raise last_error or exceptions.TargetServerAttributeNotMatched(
    ...<2 lines>...
    )
  File "C:\apps\personal\DAFStudio\backend\.venv\Lib\site-packages\asyncpg\connect_utils.py", line 1218, in _connect
    conn = await _connect_addr(
           ^^^^^^^^^^^^^^^^^^^^
    ...<6 lines>...
    )
    ^
  File "C:\apps\personal\DAFStudio\backend\.venv\Lib\site-packages\asyncpg\connect_utils.py", line 1054, in _connect_addr
    return await __connect_addr(params, True, *args)
           ^^^^^^^^^^^^^^^^^^^^^^^^^^^^^^^^^^^^^^^^^
  File "C:\apps\personal\DAFStudio\backend\.venv\Lib\site-packages\asyncpg\connect_utils.py", line 1099, in __connect_addr
    tr, pr = await connector
             ^^^^^^^^^^^^^^^
  File "C:\apps\personal\DAFStudio\backend\.venv\Lib\site-packages\asyncpg\connect_utils.py", line 969, in _create_ssl_connection
    tr, pr = await loop.create_connection(
             ^^^^^^^^^^^^^^^^^^^^^^^^^^^^^
    ...<2 lines>...
        host, port)
        ^^^^^^^^^^^
  File "C:\Users\agust\AppData\Roaming\uv\python\cpython-3.14-windows-x86_64-none\Lib\asyncio\base_events.py", line 1176, in create_connection
    raise OSError('Multiple exceptions: {}'.format(
        ', '.join(str(exc) for exc in exceptions)))
OSError: Multiple exceptions: [Errno 10061] Connect call failed ('::1', 5432, 0, 0), [Errno 10061] Connect call failed ('127.0.0.1', 5432)
2026-07-21 22:24:56,029 INFO    apscheduler.executors.default: Job "_run_matcher_job (trigger: interval[0:00:20], next run at: 2026-07-21 22:25:11 CEST)" executed successfully
2026-07-21 22:25:00,700 INFO    apscheduler.executors.default: Running job "_run_matcher_job (trigger: interval[0:00:20], next run at: 2026-07-21 22:25:20 CEST)" (scheduled at 2026-07-21 22:25:00.686898+02:00)
2026-07-21 22:25:04,764 ERROR   dafstudio: [matcher cron] run failed
Traceback (most recent call last):
  File "C:\apps\personal\DAFStudio\backend\loader_app.py", line 58, in _run_matcher_job
    await Matcher().run()
  File "C:\apps\personal\DAFStudio\backend\apps\matchmaking\service\matcher.py", line 138, in run
    await self.expire_stale()
  File "C:\apps\personal\DAFStudio\backend\apps\matchmaking\service\matcher.py", line 149, in expire_stale
    game_ids = await MatchmakingTicketModel().list_stale_game_ids(
               ^^^^^^^^^^^^^^^^^^^^^^^^^^^^^^^^^^^^^^^^^^^^^^^^^^^
        timeout_seconds=ACCEPTANCE_TIMEOUT_SECONDS
        ^^^^^^^^^^^^^^^^^^^^^^^^^^^^^^^^^^^^^^^^^^
    )
    ^
  File "C:\apps\personal\DAFStudio\backend\apps\matchmaking\models\models.py", line 229, in list_stale_game_ids
    async with self.get_db_connection() as connection:
               ~~~~~~~~~~~~~~~~~~~~~~^^
  File "C:\Users\agust\AppData\Roaming\uv\python\cpython-3.14-windows-x86_64-none\Lib\contextlib.py", line 214, in __aenter__
    return await anext(self.gen)
           ^^^^^^^^^^^^^^^^^^^^^
  File "C:\apps\personal\DAFStudio\backend\apps\matchmaking\models\__init__.py", line 16, in get_db_connection
    async with connection_pool.acquire() as connection:
               ~~~~~~~~~~~~~~~~~~~~~~~^^
  File "C:\apps\personal\DAFStudio\backend\.venv\Lib\site-packages\asyncpg\pool.py", line 1056, in __aenter__
    self.connection = await self.pool._acquire(self.timeout)
                      ^^^^^^^^^^^^^^^^^^^^^^^^^^^^^^^^^^^^^^
  File "C:\apps\personal\DAFStudio\backend\.venv\Lib\site-packages\asyncpg\pool.py", line 896, in _acquire
    return await _acquire_impl()
           ^^^^^^^^^^^^^^^^^^^^^
  File "C:\apps\personal\DAFStudio\backend\.venv\Lib\site-packages\asyncpg\pool.py", line 881, in _acquire_impl
    proxy = await ch.acquire()  # type: PoolConnectionProxy
            ^^^^^^^^^^^^^^^^^^
  File "C:\apps\personal\DAFStudio\backend\.venv\Lib\site-packages\asyncpg\pool.py", line 161, in acquire
    await self.connect()
  File "C:\apps\personal\DAFStudio\backend\.venv\Lib\site-packages\asyncpg\pool.py", line 153, in connect
    self._con = await self._pool._get_new_connection()
                ^^^^^^^^^^^^^^^^^^^^^^^^^^^^^^^^^^^^^^
  File "C:\apps\personal\DAFStudio\backend\.venv\Lib\site-packages\asyncpg\pool.py", line 538, in _get_new_connection
    con = await self._connect(
          ^^^^^^^^^^^^^^^^^^^^
    ...<5 lines>...
    )
    ^
  File "C:\apps\personal\DAFStudio\backend\.venv\Lib\site-packages\asyncpg\connection.py", line 2443, in connect
    return await connect_utils._connect(
           ^^^^^^^^^^^^^^^^^^^^^^^^^^^^^
    ...<22 lines>...
    )
    ^
  File "C:\apps\personal\DAFStudio\backend\.venv\Lib\site-packages\asyncpg\connect_utils.py", line 1249, in _connect
    raise last_error or exceptions.TargetServerAttributeNotMatched(
    ...<2 lines>...
    )
  File "C:\apps\personal\DAFStudio\backend\.venv\Lib\site-packages\asyncpg\connect_utils.py", line 1218, in _connect
    conn = await _connect_addr(
           ^^^^^^^^^^^^^^^^^^^^
    ...<6 lines>...
    )
    ^
  File "C:\apps\personal\DAFStudio\backend\.venv\Lib\site-packages\asyncpg\connect_utils.py", line 1054, in _connect_addr
    return await __connect_addr(params, True, *args)
           ^^^^^^^^^^^^^^^^^^^^^^^^^^^^^^^^^^^^^^^^^
  File "C:\apps\personal\DAFStudio\backend\.venv\Lib\site-packages\asyncpg\connect_utils.py", line 1099, in __connect_addr
    tr, pr = await connector
             ^^^^^^^^^^^^^^^
  File "C:\apps\personal\DAFStudio\backend\.venv\Lib\site-packages\asyncpg\connect_utils.py", line 969, in _create_ssl_connection
    tr, pr = await loop.create_connection(
             ^^^^^^^^^^^^^^^^^^^^^^^^^^^^^
    ...<2 lines>...
        host, port)
        ^^^^^^^^^^^
  File "C:\Users\agust\AppData\Roaming\uv\python\cpython-3.14-windows-x86_64-none\Lib\asyncio\base_events.py", line 1176, in create_connection
    raise OSError('Multiple exceptions: {}'.format(
        ', '.join(str(exc) for exc in exceptions)))
OSError: Multiple exceptions: [Errno 10061] Connect call failed ('::1', 5432, 0, 0), [Errno 10061] Connect call failed ('127.0.0.1', 5432)
2026-07-21 22:25:04,765 INFO    apscheduler.executors.default: Job "_run_matcher_job (trigger: interval[0:00:20], next run at: 2026-07-21 22:25:20 CEST)" executed successfully
2026-07-21 22:25:11,955 INFO    apscheduler.executors.default: Running job "_run_matcher_job (trigger: interval[0:00:20], next run at: 2026-07-21 22:25:31 CEST)" (scheduled at 2026-07-21 22:25:11.951514+02:00)
2026-07-21 22:25:16,006 ERROR   dafstudio: [matcher cron] run failed
Traceback (most recent call last):
  File "C:\apps\personal\DAFStudio\backend\loader_app.py", line 58, in _run_matcher_job
    await Matcher().run()
  File "C:\apps\personal\DAFStudio\backend\apps\matchmaking\service\matcher.py", line 138, in run
    await self.expire_stale()
  File "C:\apps\personal\DAFStudio\backend\apps\matchmaking\service\matcher.py", line 149, in expire_stale
    game_ids = await MatchmakingTicketModel().list_stale_game_ids(
               ^^^^^^^^^^^^^^^^^^^^^^^^^^^^^^^^^^^^^^^^^^^^^^^^^^^
        timeout_seconds=ACCEPTANCE_TIMEOUT_SECONDS
        ^^^^^^^^^^^^^^^^^^^^^^^^^^^^^^^^^^^^^^^^^^
    )
    ^
  File "C:\apps\personal\DAFStudio\backend\apps\matchmaking\models\models.py", line 229, in list_stale_game_ids
    async with self.get_db_connection() as connection:
               ~~~~~~~~~~~~~~~~~~~~~~^^
  File "C:\Users\agust\AppData\Roaming\uv\python\cpython-3.14-windows-x86_64-none\Lib\contextlib.py", line 214, in __aenter__
    return await anext(self.gen)
           ^^^^^^^^^^^^^^^^^^^^^
  File "C:\apps\personal\DAFStudio\backend\apps\matchmaking\models\__init__.py", line 16, in get_db_connection
    async with connection_pool.acquire() as connection:
               ~~~~~~~~~~~~~~~~~~~~~~~^^
  File "C:\apps\personal\DAFStudio\backend\.venv\Lib\site-packages\asyncpg\pool.py", line 1056, in __aenter__
    self.connection = await self.pool._acquire(self.timeout)
                      ^^^^^^^^^^^^^^^^^^^^^^^^^^^^^^^^^^^^^^
  File "C:\apps\personal\DAFStudio\backend\.venv\Lib\site-packages\asyncpg\pool.py", line 896, in _acquire
    return await _acquire_impl()
           ^^^^^^^^^^^^^^^^^^^^^
  File "C:\apps\personal\DAFStudio\backend\.venv\Lib\site-packages\asyncpg\pool.py", line 881, in _acquire_impl
    proxy = await ch.acquire()  # type: PoolConnectionProxy
            ^^^^^^^^^^^^^^^^^^
  File "C:\apps\personal\DAFStudio\backend\.venv\Lib\site-packages\asyncpg\pool.py", line 161, in acquire
    await self.connect()
  File "C:\apps\personal\DAFStudio\backend\.venv\Lib\site-packages\asyncpg\pool.py", line 153, in connect
    self._con = await self._pool._get_new_connection()
                ^^^^^^^^^^^^^^^^^^^^^^^^^^^^^^^^^^^^^^
  File "C:\apps\personal\DAFStudio\backend\.venv\Lib\site-packages\asyncpg\pool.py", line 538, in _get_new_connection
    con = await self._connect(
          ^^^^^^^^^^^^^^^^^^^^
    ...<5 lines>...
    )
    ^
  File "C:\apps\personal\DAFStudio\backend\.venv\Lib\site-packages\asyncpg\connection.py", line 2443, in connect
    return await connect_utils._connect(
           ^^^^^^^^^^^^^^^^^^^^^^^^^^^^^
    ...<22 lines>...
    )
    ^
  File "C:\apps\personal\DAFStudio\backend\.venv\Lib\site-packages\asyncpg\connect_utils.py", line 1249, in _connect
    raise last_error or exceptions.TargetServerAttributeNotMatched(
    ...<2 lines>...
    )
  File "C:\apps\personal\DAFStudio\backend\.venv\Lib\site-packages\asyncpg\connect_utils.py", line 1218, in _connect
    conn = await _connect_addr(
           ^^^^^^^^^^^^^^^^^^^^
    ...<6 lines>...
    )
    ^
  File "C:\apps\personal\DAFStudio\backend\.venv\Lib\site-packages\asyncpg\connect_utils.py", line 1054, in _connect_addr
    return await __connect_addr(params, True, *args)
           ^^^^^^^^^^^^^^^^^^^^^^^^^^^^^^^^^^^^^^^^^
  File "C:\apps\personal\DAFStudio\backend\.venv\Lib\site-packages\asyncpg\connect_utils.py", line 1099, in __connect_addr
    tr, pr = await connector
             ^^^^^^^^^^^^^^^
  File "C:\apps\personal\DAFStudio\backend\.venv\Lib\site-packages\asyncpg\connect_utils.py", line 969, in _create_ssl_connection
    tr, pr = await loop.create_connection(
             ^^^^^^^^^^^^^^^^^^^^^^^^^^^^^
    ...<2 lines>...
        host, port)
        ^^^^^^^^^^^
  File "C:\Users\agust\AppData\Roaming\uv\python\cpython-3.14-windows-x86_64-none\Lib\asyncio\base_events.py", line 1176, in create_connection
    raise OSError('Multiple exceptions: {}'.format(
        ', '.join(str(exc) for exc in exceptions)))
OSError: Multiple exceptions: [Errno 10061] Connect call failed ('::1', 5432, 0, 0), [Errno 10061] Connect call failed ('127.0.0.1', 5432)
2026-07-21 22:25:16,007 INFO    apscheduler.executors.default: Job "_run_matcher_job (trigger: interval[0:00:20], next run at: 2026-07-21 22:25:31 CEST)" executed successfully
2026-07-21 22:25:20,698 INFO    apscheduler.executors.default: Running job "_run_matcher_job (trigger: interval[0:00:20], next run at: 2026-07-21 22:25:40 CEST)" (scheduled at 2026-07-21 22:25:20.686898+02:00)
2026-07-21 22:25:24,728 ERROR   dafstudio: [matcher cron] run failed
Traceback (most recent call last):
  File "C:\apps\personal\DAFStudio\backend\loader_app.py", line 58, in _run_matcher_job
    await Matcher().run()
  File "C:\apps\personal\DAFStudio\backend\apps\matchmaking\service\matcher.py", line 138, in run
    await self.expire_stale()
  File "C:\apps\personal\DAFStudio\backend\apps\matchmaking\service\matcher.py", line 149, in expire_stale
    game_ids = await MatchmakingTicketModel().list_stale_game_ids(
               ^^^^^^^^^^^^^^^^^^^^^^^^^^^^^^^^^^^^^^^^^^^^^^^^^^^
        timeout_seconds=ACCEPTANCE_TIMEOUT_SECONDS
        ^^^^^^^^^^^^^^^^^^^^^^^^^^^^^^^^^^^^^^^^^^
    )
    ^
  File "C:\apps\personal\DAFStudio\backend\apps\matchmaking\models\models.py", line 229, in list_stale_game_ids
    async with self.get_db_connection() as connection:
               ~~~~~~~~~~~~~~~~~~~~~~^^
  File "C:\Users\agust\AppData\Roaming\uv\python\cpython-3.14-windows-x86_64-none\Lib\contextlib.py", line 214, in __aenter__
    return await anext(self.gen)
           ^^^^^^^^^^^^^^^^^^^^^
  File "C:\apps\personal\DAFStudio\backend\apps\matchmaking\models\__init__.py", line 16, in get_db_connection
    async with connection_pool.acquire() as connection:
               ~~~~~~~~~~~~~~~~~~~~~~~^^
  File "C:\apps\personal\DAFStudio\backend\.venv\Lib\site-packages\asyncpg\pool.py", line 1056, in __aenter__
    self.connection = await self.pool._acquire(self.timeout)
                      ^^^^^^^^^^^^^^^^^^^^^^^^^^^^^^^^^^^^^^
  File "C:\apps\personal\DAFStudio\backend\.venv\Lib\site-packages\asyncpg\pool.py", line 896, in _acquire
    return await _acquire_impl()
           ^^^^^^^^^^^^^^^^^^^^^
  File "C:\apps\personal\DAFStudio\backend\.venv\Lib\site-packages\asyncpg\pool.py", line 881, in _acquire_impl
    proxy = await ch.acquire()  # type: PoolConnectionProxy
            ^^^^^^^^^^^^^^^^^^
  File "C:\apps\personal\DAFStudio\backend\.venv\Lib\site-packages\asyncpg\pool.py", line 161, in acquire
    await self.connect()
  File "C:\apps\personal\DAFStudio\backend\.venv\Lib\site-packages\asyncpg\pool.py", line 153, in connect
    self._con = await self._pool._get_new_connection()
                ^^^^^^^^^^^^^^^^^^^^^^^^^^^^^^^^^^^^^^
  File "C:\apps\personal\DAFStudio\backend\.venv\Lib\site-packages\asyncpg\pool.py", line 538, in _get_new_connection
    con = await self._connect(
          ^^^^^^^^^^^^^^^^^^^^
    ...<5 lines>...
    )
    ^
  File "C:\apps\personal\DAFStudio\backend\.venv\Lib\site-packages\asyncpg\connection.py", line 2443, in connect
    return await connect_utils._connect(
           ^^^^^^^^^^^^^^^^^^^^^^^^^^^^^
    ...<22 lines>...
    )
    ^
  File "C:\apps\personal\DAFStudio\backend\.venv\Lib\site-packages\asyncpg\connect_utils.py", line 1249, in _connect
    raise last_error or exceptions.TargetServerAttributeNotMatched(
    ...<2 lines>...
    )
  File "C:\apps\personal\DAFStudio\backend\.venv\Lib\site-packages\asyncpg\connect_utils.py", line 1218, in _connect
    conn = await _connect_addr(
           ^^^^^^^^^^^^^^^^^^^^
    ...<6 lines>...
    )
    ^
  File "C:\apps\personal\DAFStudio\backend\.venv\Lib\site-packages\asyncpg\connect_utils.py", line 1054, in _connect_addr
    return await __connect_addr(params, True, *args)
           ^^^^^^^^^^^^^^^^^^^^^^^^^^^^^^^^^^^^^^^^^
  File "C:\apps\personal\DAFStudio\backend\.venv\Lib\site-packages\asyncpg\connect_utils.py", line 1099, in __connect_addr
    tr, pr = await connector
             ^^^^^^^^^^^^^^^
  File "C:\apps\personal\DAFStudio\backend\.venv\Lib\site-packages\asyncpg\connect_utils.py", line 969, in _create_ssl_connection
    tr, pr = await loop.create_connection(
             ^^^^^^^^^^^^^^^^^^^^^^^^^^^^^
    ...<2 lines>...
        host, port)
        ^^^^^^^^^^^
  File "C:\Users\agust\AppData\Roaming\uv\python\cpython-3.14-windows-x86_64-none\Lib\asyncio\base_events.py", line 1176, in create_connection
    raise OSError('Multiple exceptions: {}'.format(
        ', '.join(str(exc) for exc in exceptions)))
OSError: Multiple exceptions: [Errno 10061] Connect call failed ('::1', 5432, 0, 0), [Errno 10061] Connect call failed ('127.0.0.1', 5432)
2026-07-21 22:25:24,730 INFO    apscheduler.executors.default: Job "_run_matcher_job (trigger: interval[0:00:20], next run at: 2026-07-21 22:25:40 CEST)" executed successfully
2026-07-21 22:25:31,960 INFO    apscheduler.executors.default: Running job "_run_matcher_job (trigger: interval[0:00:20], next run at: 2026-07-21 22:25:51 CEST)" (scheduled at 2026-07-21 22:25:31.951514+02:00)
2026-07-21 22:25:36,005 ERROR   dafstudio: [matcher cron] run failed
Traceback (most recent call last):
  File "C:\apps\personal\DAFStudio\backend\loader_app.py", line 58, in _run_matcher_job
    await Matcher().run()
  File "C:\apps\personal\DAFStudio\backend\apps\matchmaking\service\matcher.py", line 138, in run
    await self.expire_stale()
  File "C:\apps\personal\DAFStudio\backend\apps\matchmaking\service\matcher.py", line 149, in expire_stale
    game_ids = await MatchmakingTicketModel().list_stale_game_ids(
               ^^^^^^^^^^^^^^^^^^^^^^^^^^^^^^^^^^^^^^^^^^^^^^^^^^^
        timeout_seconds=ACCEPTANCE_TIMEOUT_SECONDS
        ^^^^^^^^^^^^^^^^^^^^^^^^^^^^^^^^^^^^^^^^^^
    )
    ^
  File "C:\apps\personal\DAFStudio\backend\apps\matchmaking\models\models.py", line 229, in list_stale_game_ids
    async with self.get_db_connection() as connection:
               ~~~~~~~~~~~~~~~~~~~~~~^^
  File "C:\Users\agust\AppData\Roaming\uv\python\cpython-3.14-windows-x86_64-none\Lib\contextlib.py", line 214, in __aenter__
    return await anext(self.gen)
           ^^^^^^^^^^^^^^^^^^^^^
  File "C:\apps\personal\DAFStudio\backend\apps\matchmaking\models\__init__.py", line 16, in get_db_connection
    async with connection_pool.acquire() as connection:
               ~~~~~~~~~~~~~~~~~~~~~~~^^
  File "C:\apps\personal\DAFStudio\backend\.venv\Lib\site-packages\asyncpg\pool.py", line 1056, in __aenter__
    self.connection = await self.pool._acquire(self.timeout)
                      ^^^^^^^^^^^^^^^^^^^^^^^^^^^^^^^^^^^^^^
  File "C:\apps\personal\DAFStudio\backend\.venv\Lib\site-packages\asyncpg\pool.py", line 896, in _acquire
    return await _acquire_impl()
           ^^^^^^^^^^^^^^^^^^^^^
  File "C:\apps\personal\DAFStudio\backend\.venv\Lib\site-packages\asyncpg\pool.py", line 881, in _acquire_impl
    proxy = await ch.acquire()  # type: PoolConnectionProxy
            ^^^^^^^^^^^^^^^^^^
  File "C:\apps\personal\DAFStudio\backend\.venv\Lib\site-packages\asyncpg\pool.py", line 161, in acquire
    await self.connect()
  File "C:\apps\personal\DAFStudio\backend\.venv\Lib\site-packages\asyncpg\pool.py", line 153, in connect
    self._con = await self._pool._get_new_connection()
                ^^^^^^^^^^^^^^^^^^^^^^^^^^^^^^^^^^^^^^
  File "C:\apps\personal\DAFStudio\backend\.venv\Lib\site-packages\asyncpg\pool.py", line 538, in _get_new_connection
    con = await self._connect(
          ^^^^^^^^^^^^^^^^^^^^
    ...<5 lines>...
    )
    ^
  File "C:\apps\personal\DAFStudio\backend\.venv\Lib\site-packages\asyncpg\connection.py", line 2443, in connect
    return await connect_utils._connect(
           ^^^^^^^^^^^^^^^^^^^^^^^^^^^^^
    ...<22 lines>...
    )
    ^
  File "C:\apps\personal\DAFStudio\backend\.venv\Lib\site-packages\asyncpg\connect_utils.py", line 1249, in _connect
    raise last_error or exceptions.TargetServerAttributeNotMatched(
    ...<2 lines>...
    )
  File "C:\apps\personal\DAFStudio\backend\.venv\Lib\site-packages\asyncpg\connect_utils.py", line 1218, in _connect
    conn = await _connect_addr(
           ^^^^^^^^^^^^^^^^^^^^
    ...<6 lines>...
    )
    ^
  File "C:\apps\personal\DAFStudio\backend\.venv\Lib\site-packages\asyncpg\connect_utils.py", line 1054, in _connect_addr
    return await __connect_addr(params, True, *args)
           ^^^^^^^^^^^^^^^^^^^^^^^^^^^^^^^^^^^^^^^^^
  File "C:\apps\personal\DAFStudio\backend\.venv\Lib\site-packages\asyncpg\connect_utils.py", line 1099, in __connect_addr
    tr, pr = await connector
             ^^^^^^^^^^^^^^^
  File "C:\apps\personal\DAFStudio\backend\.venv\Lib\site-packages\asyncpg\connect_utils.py", line 969, in _create_ssl_connection
    tr, pr = await loop.create_connection(
             ^^^^^^^^^^^^^^^^^^^^^^^^^^^^^
    ...<2 lines>...
        host, port)
        ^^^^^^^^^^^
  File "C:\Users\agust\AppData\Roaming\uv\python\cpython-3.14-windows-x86_64-none\Lib\asyncio\base_events.py", line 1176, in create_connection
    raise OSError('Multiple exceptions: {}'.format(
        ', '.join(str(exc) for exc in exceptions)))
OSError: Multiple exceptions: [Errno 10061] Connect call failed ('::1', 5432, 0, 0), [Errno 10061] Connect call failed ('127.0.0.1', 5432)
2026-07-21 22:25:36,006 INFO    apscheduler.executors.default: Job "_run_matcher_job (trigger: interval[0:00:20], next run at: 2026-07-21 22:25:51 CEST)" executed successfully
2026-07-21 22:25:40,702 INFO    apscheduler.executors.default: Running job "_run_matcher_job (trigger: interval[0:00:20], next run at: 2026-07-21 22:26:00 CEST)" (scheduled at 2026-07-21 22:25:40.686898+02:00)
2026-07-21 22:25:44,775 ERROR   dafstudio: [matcher cron] run failed
Traceback (most recent call last):
  File "C:\apps\personal\DAFStudio\backend\loader_app.py", line 58, in _run_matcher_job
    await Matcher().run()
  File "C:\apps\personal\DAFStudio\backend\apps\matchmaking\service\matcher.py", line 138, in run
    await self.expire_stale()
  File "C:\apps\personal\DAFStudio\backend\apps\matchmaking\service\matcher.py", line 149, in expire_stale
    game_ids = await MatchmakingTicketModel().list_stale_game_ids(
               ^^^^^^^^^^^^^^^^^^^^^^^^^^^^^^^^^^^^^^^^^^^^^^^^^^^
        timeout_seconds=ACCEPTANCE_TIMEOUT_SECONDS
        ^^^^^^^^^^^^^^^^^^^^^^^^^^^^^^^^^^^^^^^^^^
    )
    ^
  File "C:\apps\personal\DAFStudio\backend\apps\matchmaking\models\models.py", line 229, in list_stale_game_ids
    async with self.get_db_connection() as connection:
               ~~~~~~~~~~~~~~~~~~~~~~^^
  File "C:\Users\agust\AppData\Roaming\uv\python\cpython-3.14-windows-x86_64-none\Lib\contextlib.py", line 214, in __aenter__
    return await anext(self.gen)
           ^^^^^^^^^^^^^^^^^^^^^
  File "C:\apps\personal\DAFStudio\backend\apps\matchmaking\models\__init__.py", line 16, in get_db_connection
    async with connection_pool.acquire() as connection:
               ~~~~~~~~~~~~~~~~~~~~~~~^^
  File "C:\apps\personal\DAFStudio\backend\.venv\Lib\site-packages\asyncpg\pool.py", line 1056, in __aenter__
    self.connection = await self.pool._acquire(self.timeout)
                      ^^^^^^^^^^^^^^^^^^^^^^^^^^^^^^^^^^^^^^
  File "C:\apps\personal\DAFStudio\backend\.venv\Lib\site-packages\asyncpg\pool.py", line 896, in _acquire
    return await _acquire_impl()
           ^^^^^^^^^^^^^^^^^^^^^
  File "C:\apps\personal\DAFStudio\backend\.venv\Lib\site-packages\asyncpg\pool.py", line 881, in _acquire_impl
    proxy = await ch.acquire()  # type: PoolConnectionProxy
            ^^^^^^^^^^^^^^^^^^
  File "C:\apps\personal\DAFStudio\backend\.venv\Lib\site-packages\asyncpg\pool.py", line 161, in acquire
    await self.connect()
  File "C:\apps\personal\DAFStudio\backend\.venv\Lib\site-packages\asyncpg\pool.py", line 153, in connect
    self._con = await self._pool._get_new_connection()
                ^^^^^^^^^^^^^^^^^^^^^^^^^^^^^^^^^^^^^^
  File "C:\apps\personal\DAFStudio\backend\.venv\Lib\site-packages\asyncpg\pool.py", line 538, in _get_new_connection
    con = await self._connect(
          ^^^^^^^^^^^^^^^^^^^^
    ...<5 lines>...
    )
    ^
  File "C:\apps\personal\DAFStudio\backend\.venv\Lib\site-packages\asyncpg\connection.py", line 2443, in connect
    return await connect_utils._connect(
           ^^^^^^^^^^^^^^^^^^^^^^^^^^^^^
    ...<22 lines>...
    )
    ^
  File "C:\apps\personal\DAFStudio\backend\.venv\Lib\site-packages\asyncpg\connect_utils.py", line 1249, in _connect
    raise last_error or exceptions.TargetServerAttributeNotMatched(
    ...<2 lines>...
    )
  File "C:\apps\personal\DAFStudio\backend\.venv\Lib\site-packages\asyncpg\connect_utils.py", line 1218, in _connect
    conn = await _connect_addr(
           ^^^^^^^^^^^^^^^^^^^^
    ...<6 lines>...
    )
    ^
  File "C:\apps\personal\DAFStudio\backend\.venv\Lib\site-packages\asyncpg\connect_utils.py", line 1054, in _connect_addr
    return await __connect_addr(params, True, *args)
           ^^^^^^^^^^^^^^^^^^^^^^^^^^^^^^^^^^^^^^^^^
  File "C:\apps\personal\DAFStudio\backend\.venv\Lib\site-packages\asyncpg\connect_utils.py", line 1099, in __connect_addr
    tr, pr = await connector
             ^^^^^^^^^^^^^^^
  File "C:\apps\personal\DAFStudio\backend\.venv\Lib\site-packages\asyncpg\connect_utils.py", line 969, in _create_ssl_connection
    tr, pr = await loop.create_connection(
             ^^^^^^^^^^^^^^^^^^^^^^^^^^^^^
    ...<2 lines>...
        host, port)
        ^^^^^^^^^^^
  File "C:\Users\agust\AppData\Roaming\uv\python\cpython-3.14-windows-x86_64-none\Lib\asyncio\base_events.py", line 1176, in create_connection
    raise OSError('Multiple exceptions: {}'.format(
        ', '.join(str(exc) for exc in exceptions)))
OSError: Multiple exceptions: [Errno 10061] Connect call failed ('::1', 5432, 0, 0), [Errno 10061] Connect call failed ('127.0.0.1', 5432)
2026-07-21 22:25:44,776 INFO    apscheduler.executors.default: Job "_run_matcher_job (trigger: interval[0:00:20], next run at: 2026-07-21 22:26:00 CEST)" executed successfully
2026-07-21 22:25:51,967 INFO    apscheduler.executors.default: Running job "_run_matcher_job (trigger: interval[0:00:20], next run at: 2026-07-21 22:26:11 CEST)" (scheduled at 2026-07-21 22:25:51.951514+02:00)
2026-07-21 22:25:56,029 ERROR   dafstudio: [matcher cron] run failed
Traceback (most recent call last):
  File "C:\apps\personal\DAFStudio\backend\loader_app.py", line 58, in _run_matcher_job
    await Matcher().run()
  File "C:\apps\personal\DAFStudio\backend\apps\matchmaking\service\matcher.py", line 138, in run
    await self.expire_stale()
  File "C:\apps\personal\DAFStudio\backend\apps\matchmaking\service\matcher.py", line 149, in expire_stale
    game_ids = await MatchmakingTicketModel().list_stale_game_ids(
               ^^^^^^^^^^^^^^^^^^^^^^^^^^^^^^^^^^^^^^^^^^^^^^^^^^^
        timeout_seconds=ACCEPTANCE_TIMEOUT_SECONDS
        ^^^^^^^^^^^^^^^^^^^^^^^^^^^^^^^^^^^^^^^^^^
    )
    ^
  File "C:\apps\personal\DAFStudio\backend\apps\matchmaking\models\models.py", line 229, in list_stale_game_ids
    async with self.get_db_connection() as connection:
               ~~~~~~~~~~~~~~~~~~~~~~^^
  File "C:\Users\agust\AppData\Roaming\uv\python\cpython-3.14-windows-x86_64-none\Lib\contextlib.py", line 214, in __aenter__
    return await anext(self.gen)
           ^^^^^^^^^^^^^^^^^^^^^
  File "C:\apps\personal\DAFStudio\backend\apps\matchmaking\models\__init__.py", line 16, in get_db_connection
    async with connection_pool.acquire() as connection:
               ~~~~~~~~~~~~~~~~~~~~~~~^^
  File "C:\apps\personal\DAFStudio\backend\.venv\Lib\site-packages\asyncpg\pool.py", line 1056, in __aenter__
    self.connection = await self.pool._acquire(self.timeout)
                      ^^^^^^^^^^^^^^^^^^^^^^^^^^^^^^^^^^^^^^
  File "C:\apps\personal\DAFStudio\backend\.venv\Lib\site-packages\asyncpg\pool.py", line 896, in _acquire
    return await _acquire_impl()
           ^^^^^^^^^^^^^^^^^^^^^
  File "C:\apps\personal\DAFStudio\backend\.venv\Lib\site-packages\asyncpg\pool.py", line 881, in _acquire_impl
    proxy = await ch.acquire()  # type: PoolConnectionProxy
            ^^^^^^^^^^^^^^^^^^
  File "C:\apps\personal\DAFStudio\backend\.venv\Lib\site-packages\asyncpg\pool.py", line 161, in acquire
    await self.connect()
  File "C:\apps\personal\DAFStudio\backend\.venv\Lib\site-packages\asyncpg\pool.py", line 153, in connect
    self._con = await self._pool._get_new_connection()
                ^^^^^^^^^^^^^^^^^^^^^^^^^^^^^^^^^^^^^^
  File "C:\apps\personal\DAFStudio\backend\.venv\Lib\site-packages\asyncpg\pool.py", line 538, in _get_new_connection
    con = await self._connect(
          ^^^^^^^^^^^^^^^^^^^^
    ...<5 lines>...
    )
    ^
  File "C:\apps\personal\DAFStudio\backend\.venv\Lib\site-packages\asyncpg\connection.py", line 2443, in connect
    return await connect_utils._connect(
           ^^^^^^^^^^^^^^^^^^^^^^^^^^^^^
    ...<22 lines>...
    )
    ^
  File "C:\apps\personal\DAFStudio\backend\.venv\Lib\site-packages\asyncpg\connect_utils.py", line 1249, in _connect
    raise last_error or exceptions.TargetServerAttributeNotMatched(
    ...<2 lines>...
    )
  File "C:\apps\personal\DAFStudio\backend\.venv\Lib\site-packages\asyncpg\connect_utils.py", line 1218, in _connect
    conn = await _connect_addr(
           ^^^^^^^^^^^^^^^^^^^^
    ...<6 lines>...
    )
    ^
  File "C:\apps\personal\DAFStudio\backend\.venv\Lib\site-packages\asyncpg\connect_utils.py", line 1054, in _connect_addr
    return await __connect_addr(params, True, *args)
           ^^^^^^^^^^^^^^^^^^^^^^^^^^^^^^^^^^^^^^^^^
  File "C:\apps\personal\DAFStudio\backend\.venv\Lib\site-packages\asyncpg\connect_utils.py", line 1099, in __connect_addr
    tr, pr = await connector
             ^^^^^^^^^^^^^^^
  File "C:\apps\personal\DAFStudio\backend\.venv\Lib\site-packages\asyncpg\connect_utils.py", line 969, in _create_ssl_connection
    tr, pr = await loop.create_connection(
             ^^^^^^^^^^^^^^^^^^^^^^^^^^^^^
    ...<2 lines>...
        host, port)
        ^^^^^^^^^^^
  File "C:\Users\agust\AppData\Roaming\uv\python\cpython-3.14-windows-x86_64-none\Lib\asyncio\base_events.py", line 1176, in create_connection
    raise OSError('Multiple exceptions: {}'.format(
        ', '.join(str(exc) for exc in exceptions)))
OSError: Multiple exceptions: [Errno 10061] Connect call failed ('::1', 5432, 0, 0), [Errno 10061] Connect call failed ('127.0.0.1', 5432)
2026-07-21 22:25:56,030 INFO    apscheduler.executors.default: Job "_run_matcher_job (trigger: interval[0:00:20], next run at: 2026-07-21 22:26:11 CEST)" executed successfully
2026-07-21 22:26:00,688 INFO    apscheduler.executors.default: Running job "_run_matcher_job (trigger: interval[0:00:20], next run at: 2026-07-21 22:26:20 CEST)" (scheduled at 2026-07-21 22:26:00.686898+02:00)
2026-07-21 22:26:04,737 ERROR   dafstudio: [matcher cron] run failed
Traceback (most recent call last):
  File "C:\apps\personal\DAFStudio\backend\loader_app.py", line 58, in _run_matcher_job
    await Matcher().run()
  File "C:\apps\personal\DAFStudio\backend\apps\matchmaking\service\matcher.py", line 138, in run
    await self.expire_stale()
  File "C:\apps\personal\DAFStudio\backend\apps\matchmaking\service\matcher.py", line 149, in expire_stale
    game_ids = await MatchmakingTicketModel().list_stale_game_ids(
               ^^^^^^^^^^^^^^^^^^^^^^^^^^^^^^^^^^^^^^^^^^^^^^^^^^^
        timeout_seconds=ACCEPTANCE_TIMEOUT_SECONDS
        ^^^^^^^^^^^^^^^^^^^^^^^^^^^^^^^^^^^^^^^^^^
    )
    ^
  File "C:\apps\personal\DAFStudio\backend\apps\matchmaking\models\models.py", line 229, in list_stale_game_ids
    async with self.get_db_connection() as connection:
               ~~~~~~~~~~~~~~~~~~~~~~^^
  File "C:\Users\agust\AppData\Roaming\uv\python\cpython-3.14-windows-x86_64-none\Lib\contextlib.py", line 214, in __aenter__
    return await anext(self.gen)
           ^^^^^^^^^^^^^^^^^^^^^
  File "C:\apps\personal\DAFStudio\backend\apps\matchmaking\models\__init__.py", line 16, in get_db_connection
    async with connection_pool.acquire() as connection:
               ~~~~~~~~~~~~~~~~~~~~~~~^^
  File "C:\apps\personal\DAFStudio\backend\.venv\Lib\site-packages\asyncpg\pool.py", line 1056, in __aenter__
    self.connection = await self.pool._acquire(self.timeout)
                      ^^^^^^^^^^^^^^^^^^^^^^^^^^^^^^^^^^^^^^
  File "C:\apps\personal\DAFStudio\backend\.venv\Lib\site-packages\asyncpg\pool.py", line 896, in _acquire
    return await _acquire_impl()
           ^^^^^^^^^^^^^^^^^^^^^
  File "C:\apps\personal\DAFStudio\backend\.venv\Lib\site-packages\asyncpg\pool.py", line 881, in _acquire_impl
    proxy = await ch.acquire()  # type: PoolConnectionProxy
            ^^^^^^^^^^^^^^^^^^
  File "C:\apps\personal\DAFStudio\backend\.venv\Lib\site-packages\asyncpg\pool.py", line 161, in acquire
    await self.connect()
  File "C:\apps\personal\DAFStudio\backend\.venv\Lib\site-packages\asyncpg\pool.py", line 153, in connect
    self._con = await self._pool._get_new_connection()
                ^^^^^^^^^^^^^^^^^^^^^^^^^^^^^^^^^^^^^^
  File "C:\apps\personal\DAFStudio\backend\.venv\Lib\site-packages\asyncpg\pool.py", line 538, in _get_new_connection
    con = await self._connect(
          ^^^^^^^^^^^^^^^^^^^^
    ...<5 lines>...
    )
    ^
  File "C:\apps\personal\DAFStudio\backend\.venv\Lib\site-packages\asyncpg\connection.py", line 2443, in connect
    return await connect_utils._connect(
           ^^^^^^^^^^^^^^^^^^^^^^^^^^^^^
    ...<22 lines>...
    )
    ^
  File "C:\apps\personal\DAFStudio\backend\.venv\Lib\site-packages\asyncpg\connect_utils.py", line 1249, in _connect
    raise last_error or exceptions.TargetServerAttributeNotMatched(
    ...<2 lines>...
    )
  File "C:\apps\personal\DAFStudio\backend\.venv\Lib\site-packages\asyncpg\connect_utils.py", line 1218, in _connect
    conn = await _connect_addr(
           ^^^^^^^^^^^^^^^^^^^^
    ...<6 lines>...
    )
    ^
  File "C:\apps\personal\DAFStudio\backend\.venv\Lib\site-packages\asyncpg\connect_utils.py", line 1054, in _connect_addr
    return await __connect_addr(params, True, *args)
           ^^^^^^^^^^^^^^^^^^^^^^^^^^^^^^^^^^^^^^^^^
  File "C:\apps\personal\DAFStudio\backend\.venv\Lib\site-packages\asyncpg\connect_utils.py", line 1099, in __connect_addr
    tr, pr = await connector
             ^^^^^^^^^^^^^^^
  File "C:\apps\personal\DAFStudio\backend\.venv\Lib\site-packages\asyncpg\connect_utils.py", line 969, in _create_ssl_connection
    tr, pr = await loop.create_connection(
             ^^^^^^^^^^^^^^^^^^^^^^^^^^^^^
    ...<2 lines>...
        host, port)
        ^^^^^^^^^^^
  File "C:\Users\agust\AppData\Roaming\uv\python\cpython-3.14-windows-x86_64-none\Lib\asyncio\base_events.py", line 1176, in create_connection
    raise OSError('Multiple exceptions: {}'.format(
        ', '.join(str(exc) for exc in exceptions)))
OSError: Multiple exceptions: [Errno 10061] Connect call failed ('::1', 5432, 0, 0), [Errno 10061] Connect call failed ('127.0.0.1', 5432)
2026-07-21 22:26:04,739 INFO    apscheduler.executors.default: Job "_run_matcher_job (trigger: interval[0:00:20], next run at: 2026-07-21 22:26:20 CEST)" executed successfully
2026-07-21 22:26:11,952 INFO    apscheduler.executors.default: Running job "_run_matcher_job (trigger: interval[0:00:20], next run at: 2026-07-21 22:26:31 CEST)" (scheduled at 2026-07-21 22:26:11.951514+02:00)
2026-07-21 22:26:16,010 ERROR   dafstudio: [matcher cron] run failed
Traceback (most recent call last):
  File "C:\apps\personal\DAFStudio\backend\loader_app.py", line 58, in _run_matcher_job
    await Matcher().run()
  File "C:\apps\personal\DAFStudio\backend\apps\matchmaking\service\matcher.py", line 138, in run
    await self.expire_stale()
  File "C:\apps\personal\DAFStudio\backend\apps\matchmaking\service\matcher.py", line 149, in expire_stale
    game_ids = await MatchmakingTicketModel().list_stale_game_ids(
               ^^^^^^^^^^^^^^^^^^^^^^^^^^^^^^^^^^^^^^^^^^^^^^^^^^^
        timeout_seconds=ACCEPTANCE_TIMEOUT_SECONDS
        ^^^^^^^^^^^^^^^^^^^^^^^^^^^^^^^^^^^^^^^^^^
    )
    ^
  File "C:\apps\personal\DAFStudio\backend\apps\matchmaking\models\models.py", line 229, in list_stale_game_ids
    async with self.get_db_connection() as connection:
               ~~~~~~~~~~~~~~~~~~~~~~^^
  File "C:\Users\agust\AppData\Roaming\uv\python\cpython-3.14-windows-x86_64-none\Lib\contextlib.py", line 214, in __aenter__
    return await anext(self.gen)
           ^^^^^^^^^^^^^^^^^^^^^
  File "C:\apps\personal\DAFStudio\backend\apps\matchmaking\models\__init__.py", line 16, in get_db_connection
    async with connection_pool.acquire() as connection:
               ~~~~~~~~~~~~~~~~~~~~~~~^^
  File "C:\apps\personal\DAFStudio\backend\.venv\Lib\site-packages\asyncpg\pool.py", line 1056, in __aenter__
    self.connection = await self.pool._acquire(self.timeout)
                      ^^^^^^^^^^^^^^^^^^^^^^^^^^^^^^^^^^^^^^
  File "C:\apps\personal\DAFStudio\backend\.venv\Lib\site-packages\asyncpg\pool.py", line 896, in _acquire
    return await _acquire_impl()
           ^^^^^^^^^^^^^^^^^^^^^
  File "C:\apps\personal\DAFStudio\backend\.venv\Lib\site-packages\asyncpg\pool.py", line 881, in _acquire_impl
    proxy = await ch.acquire()  # type: PoolConnectionProxy
            ^^^^^^^^^^^^^^^^^^
  File "C:\apps\personal\DAFStudio\backend\.venv\Lib\site-packages\asyncpg\pool.py", line 161, in acquire
    await self.connect()
  File "C:\apps\personal\DAFStudio\backend\.venv\Lib\site-packages\asyncpg\pool.py", line 153, in connect
    self._con = await self._pool._get_new_connection()
                ^^^^^^^^^^^^^^^^^^^^^^^^^^^^^^^^^^^^^^
  File "C:\apps\personal\DAFStudio\backend\.venv\Lib\site-packages\asyncpg\pool.py", line 538, in _get_new_connection
    con = await self._connect(
          ^^^^^^^^^^^^^^^^^^^^
    ...<5 lines>...
    )
    ^
  File "C:\apps\personal\DAFStudio\backend\.venv\Lib\site-packages\asyncpg\connection.py", line 2443, in connect
    return await connect_utils._connect(
           ^^^^^^^^^^^^^^^^^^^^^^^^^^^^^
    ...<22 lines>...
    )
    ^
  File "C:\apps\personal\DAFStudio\backend\.venv\Lib\site-packages\asyncpg\connect_utils.py", line 1249, in _connect
    raise last_error or exceptions.TargetServerAttributeNotMatched(
    ...<2 lines>...
    )
  File "C:\apps\personal\DAFStudio\backend\.venv\Lib\site-packages\asyncpg\connect_utils.py", line 1218, in _connect
    conn = await _connect_addr(
           ^^^^^^^^^^^^^^^^^^^^
    ...<6 lines>...
    )
    ^
  File "C:\apps\personal\DAFStudio\backend\.venv\Lib\site-packages\asyncpg\connect_utils.py", line 1054, in _connect_addr
    return await __connect_addr(params, True, *args)
           ^^^^^^^^^^^^^^^^^^^^^^^^^^^^^^^^^^^^^^^^^
  File "C:\apps\personal\DAFStudio\backend\.venv\Lib\site-packages\asyncpg\connect_utils.py", line 1099, in __connect_addr
    tr, pr = await connector
             ^^^^^^^^^^^^^^^
  File "C:\apps\personal\DAFStudio\backend\.venv\Lib\site-packages\asyncpg\connect_utils.py", line 969, in _create_ssl_connection
    tr, pr = await loop.create_connection(
             ^^^^^^^^^^^^^^^^^^^^^^^^^^^^^
    ...<2 lines>...
        host, port)
        ^^^^^^^^^^^
  File "C:\Users\agust\AppData\Roaming\uv\python\cpython-3.14-windows-x86_64-none\Lib\asyncio\base_events.py", line 1176, in create_connection
    raise OSError('Multiple exceptions: {}'.format(
        ', '.join(str(exc) for exc in exceptions)))
OSError: Multiple exceptions: [Errno 10061] Connect call failed ('::1', 5432, 0, 0), [Errno 10061] Connect call failed ('127.0.0.1', 5432)
2026-07-21 22:26:16,011 INFO    apscheduler.executors.default: Job "_run_matcher_job (trigger: interval[0:00:20], next run at: 2026-07-21 22:26:31 CEST)" executed successfully
2026-07-21 22:26:20,697 INFO    apscheduler.executors.default: Running job "_run_matcher_job (trigger: interval[0:00:20], next run at: 2026-07-21 22:26:40 CEST)" (scheduled at 2026-07-21 22:26:20.686898+02:00)
2026-07-21 22:26:24,776 ERROR   dafstudio: [matcher cron] run failed
Traceback (most recent call last):
  File "C:\apps\personal\DAFStudio\backend\loader_app.py", line 58, in _run_matcher_job
    await Matcher().run()
  File "C:\apps\personal\DAFStudio\backend\apps\matchmaking\service\matcher.py", line 138, in run
    await self.expire_stale()
  File "C:\apps\personal\DAFStudio\backend\apps\matchmaking\service\matcher.py", line 149, in expire_stale
    game_ids = await MatchmakingTicketModel().list_stale_game_ids(
               ^^^^^^^^^^^^^^^^^^^^^^^^^^^^^^^^^^^^^^^^^^^^^^^^^^^
        timeout_seconds=ACCEPTANCE_TIMEOUT_SECONDS
        ^^^^^^^^^^^^^^^^^^^^^^^^^^^^^^^^^^^^^^^^^^
    )
    ^
  File "C:\apps\personal\DAFStudio\backend\apps\matchmaking\models\models.py", line 229, in list_stale_game_ids
    async with self.get_db_connection() as connection:
               ~~~~~~~~~~~~~~~~~~~~~~^^
  File "C:\Users\agust\AppData\Roaming\uv\python\cpython-3.14-windows-x86_64-none\Lib\contextlib.py", line 214, in __aenter__
    return await anext(self.gen)
           ^^^^^^^^^^^^^^^^^^^^^
  File "C:\apps\personal\DAFStudio\backend\apps\matchmaking\models\__init__.py", line 16, in get_db_connection
    async with connection_pool.acquire() as connection:
               ~~~~~~~~~~~~~~~~~~~~~~~^^
  File "C:\apps\personal\DAFStudio\backend\.venv\Lib\site-packages\asyncpg\pool.py", line 1056, in __aenter__
    self.connection = await self.pool._acquire(self.timeout)
                      ^^^^^^^^^^^^^^^^^^^^^^^^^^^^^^^^^^^^^^
  File "C:\apps\personal\DAFStudio\backend\.venv\Lib\site-packages\asyncpg\pool.py", line 896, in _acquire
    return await _acquire_impl()
           ^^^^^^^^^^^^^^^^^^^^^
  File "C:\apps\personal\DAFStudio\backend\.venv\Lib\site-packages\asyncpg\pool.py", line 881, in _acquire_impl
    proxy = await ch.acquire()  # type: PoolConnectionProxy
            ^^^^^^^^^^^^^^^^^^
  File "C:\apps\personal\DAFStudio\backend\.venv\Lib\site-packages\asyncpg\pool.py", line 161, in acquire
    await self.connect()
  File "C:\apps\personal\DAFStudio\backend\.venv\Lib\site-packages\asyncpg\pool.py", line 153, in connect
    self._con = await self._pool._get_new_connection()
                ^^^^^^^^^^^^^^^^^^^^^^^^^^^^^^^^^^^^^^
  File "C:\apps\personal\DAFStudio\backend\.venv\Lib\site-packages\asyncpg\pool.py", line 538, in _get_new_connection
    con = await self._connect(
          ^^^^^^^^^^^^^^^^^^^^
    ...<5 lines>...
    )
    ^
  File "C:\apps\personal\DAFStudio\backend\.venv\Lib\site-packages\asyncpg\connection.py", line 2443, in connect
    return await connect_utils._connect(
           ^^^^^^^^^^^^^^^^^^^^^^^^^^^^^
    ...<22 lines>...
    )
    ^
  File "C:\apps\personal\DAFStudio\backend\.venv\Lib\site-packages\asyncpg\connect_utils.py", line 1249, in _connect
    raise last_error or exceptions.TargetServerAttributeNotMatched(
    ...<2 lines>...
    )
  File "C:\apps\personal\DAFStudio\backend\.venv\Lib\site-packages\asyncpg\connect_utils.py", line 1218, in _connect
    conn = await _connect_addr(
           ^^^^^^^^^^^^^^^^^^^^
    ...<6 lines>...
    )
    ^
  File "C:\apps\personal\DAFStudio\backend\.venv\Lib\site-packages\asyncpg\connect_utils.py", line 1054, in _connect_addr
    return await __connect_addr(params, True, *args)
           ^^^^^^^^^^^^^^^^^^^^^^^^^^^^^^^^^^^^^^^^^
  File "C:\apps\personal\DAFStudio\backend\.venv\Lib\site-packages\asyncpg\connect_utils.py", line 1099, in __connect_addr
    tr, pr = await connector
             ^^^^^^^^^^^^^^^
  File "C:\apps\personal\DAFStudio\backend\.venv\Lib\site-packages\asyncpg\connect_utils.py", line 969, in _create_ssl_connection
    tr, pr = await loop.create_connection(
             ^^^^^^^^^^^^^^^^^^^^^^^^^^^^^
    ...<2 lines>...
        host, port)
        ^^^^^^^^^^^
  File "C:\Users\agust\AppData\Roaming\uv\python\cpython-3.14-windows-x86_64-none\Lib\asyncio\base_events.py", line 1176, in create_connection
    raise OSError('Multiple exceptions: {}'.format(
        ', '.join(str(exc) for exc in exceptions)))
OSError: Multiple exceptions: [Errno 10061] Connect call failed ('::1', 5432, 0, 0), [Errno 10061] Connect call failed ('127.0.0.1', 5432)
2026-07-21 22:26:24,777 INFO    apscheduler.executors.default: Job "_run_matcher_job (trigger: interval[0:00:20], next run at: 2026-07-21 22:26:40 CEST)" executed successfully
2026-07-21 22:26:31,953 INFO    apscheduler.executors.default: Running job "_run_matcher_job (trigger: interval[0:00:20], next run at: 2026-07-21 22:26:51 CEST)" (scheduled at 2026-07-21 22:26:31.951514+02:00)
2026-07-21 22:26:36,024 ERROR   dafstudio: [matcher cron] run failed
Traceback (most recent call last):
  File "C:\apps\personal\DAFStudio\backend\loader_app.py", line 58, in _run_matcher_job
    await Matcher().run()
  File "C:\apps\personal\DAFStudio\backend\apps\matchmaking\service\matcher.py", line 138, in run
    await self.expire_stale()
  File "C:\apps\personal\DAFStudio\backend\apps\matchmaking\service\matcher.py", line 149, in expire_stale
    game_ids = await MatchmakingTicketModel().list_stale_game_ids(
               ^^^^^^^^^^^^^^^^^^^^^^^^^^^^^^^^^^^^^^^^^^^^^^^^^^^
        timeout_seconds=ACCEPTANCE_TIMEOUT_SECONDS
        ^^^^^^^^^^^^^^^^^^^^^^^^^^^^^^^^^^^^^^^^^^
    )
    ^
  File "C:\apps\personal\DAFStudio\backend\apps\matchmaking\models\models.py", line 229, in list_stale_game_ids
    async with self.get_db_connection() as connection:
               ~~~~~~~~~~~~~~~~~~~~~~^^
  File "C:\Users\agust\AppData\Roaming\uv\python\cpython-3.14-windows-x86_64-none\Lib\contextlib.py", line 214, in __aenter__
    return await anext(self.gen)
           ^^^^^^^^^^^^^^^^^^^^^
  File "C:\apps\personal\DAFStudio\backend\apps\matchmaking\models\__init__.py", line 16, in get_db_connection
    async with connection_pool.acquire() as connection:
               ~~~~~~~~~~~~~~~~~~~~~~~^^
  File "C:\apps\personal\DAFStudio\backend\.venv\Lib\site-packages\asyncpg\pool.py", line 1056, in __aenter__
    self.connection = await self.pool._acquire(self.timeout)
                      ^^^^^^^^^^^^^^^^^^^^^^^^^^^^^^^^^^^^^^
  File "C:\apps\personal\DAFStudio\backend\.venv\Lib\site-packages\asyncpg\pool.py", line 896, in _acquire
    return await _acquire_impl()
           ^^^^^^^^^^^^^^^^^^^^^
  File "C:\apps\personal\DAFStudio\backend\.venv\Lib\site-packages\asyncpg\pool.py", line 881, in _acquire_impl
    proxy = await ch.acquire()  # type: PoolConnectionProxy
            ^^^^^^^^^^^^^^^^^^
  File "C:\apps\personal\DAFStudio\backend\.venv\Lib\site-packages\asyncpg\pool.py", line 161, in acquire
    await self.connect()
  File "C:\apps\personal\DAFStudio\backend\.venv\Lib\site-packages\asyncpg\pool.py", line 153, in connect
    self._con = await self._pool._get_new_connection()
                ^^^^^^^^^^^^^^^^^^^^^^^^^^^^^^^^^^^^^^
  File "C:\apps\personal\DAFStudio\backend\.venv\Lib\site-packages\asyncpg\pool.py", line 538, in _get_new_connection
    con = await self._connect(
          ^^^^^^^^^^^^^^^^^^^^
    ...<5 lines>...
    )
    ^
  File "C:\apps\personal\DAFStudio\backend\.venv\Lib\site-packages\asyncpg\connection.py", line 2443, in connect
    return await connect_utils._connect(
           ^^^^^^^^^^^^^^^^^^^^^^^^^^^^^
    ...<22 lines>...
    )
    ^
  File "C:\apps\personal\DAFStudio\backend\.venv\Lib\site-packages\asyncpg\connect_utils.py", line 1249, in _connect
    raise last_error or exceptions.TargetServerAttributeNotMatched(
    ...<2 lines>...
    )
  File "C:\apps\personal\DAFStudio\backend\.venv\Lib\site-packages\asyncpg\connect_utils.py", line 1218, in _connect
    conn = await _connect_addr(
           ^^^^^^^^^^^^^^^^^^^^
    ...<6 lines>...
    )
    ^
  File "C:\apps\personal\DAFStudio\backend\.venv\Lib\site-packages\asyncpg\connect_utils.py", line 1054, in _connect_addr
    return await __connect_addr(params, True, *args)
           ^^^^^^^^^^^^^^^^^^^^^^^^^^^^^^^^^^^^^^^^^
  File "C:\apps\personal\DAFStudio\backend\.venv\Lib\site-packages\asyncpg\connect_utils.py", line 1099, in __connect_addr
    tr, pr = await connector
             ^^^^^^^^^^^^^^^
  File "C:\apps\personal\DAFStudio\backend\.venv\Lib\site-packages\asyncpg\connect_utils.py", line 969, in _create_ssl_connection
    tr, pr = await loop.create_connection(
             ^^^^^^^^^^^^^^^^^^^^^^^^^^^^^
    ...<2 lines>...
        host, port)
        ^^^^^^^^^^^
  File "C:\Users\agust\AppData\Roaming\uv\python\cpython-3.14-windows-x86_64-none\Lib\asyncio\base_events.py", line 1176, in create_connection
    raise OSError('Multiple exceptions: {}'.format(
        ', '.join(str(exc) for exc in exceptions)))
OSError: Multiple exceptions: [Errno 10061] Connect call failed ('::1', 5432, 0, 0), [Errno 10061] Connect call failed ('127.0.0.1', 5432)
2026-07-21 22:26:36,026 INFO    apscheduler.executors.default: Job "_run_matcher_job (trigger: interval[0:00:20], next run at: 2026-07-21 22:26:51 CEST)" executed successfully
2026-07-21 22:26:40,702 INFO    apscheduler.executors.default: Running job "_run_matcher_job (trigger: interval[0:00:20], next run at: 2026-07-21 22:27:00 CEST)" (scheduled at 2026-07-21 22:26:40.686898+02:00)
2026-07-21 22:26:44,767 ERROR   dafstudio: [matcher cron] run failed
Traceback (most recent call last):
  File "C:\apps\personal\DAFStudio\backend\loader_app.py", line 58, in _run_matcher_job
    await Matcher().run()
  File "C:\apps\personal\DAFStudio\backend\apps\matchmaking\service\matcher.py", line 138, in run
    await self.expire_stale()
  File "C:\apps\personal\DAFStudio\backend\apps\matchmaking\service\matcher.py", line 149, in expire_stale
    game_ids = await MatchmakingTicketModel().list_stale_game_ids(
               ^^^^^^^^^^^^^^^^^^^^^^^^^^^^^^^^^^^^^^^^^^^^^^^^^^^
        timeout_seconds=ACCEPTANCE_TIMEOUT_SECONDS
        ^^^^^^^^^^^^^^^^^^^^^^^^^^^^^^^^^^^^^^^^^^
    )
    ^
  File "C:\apps\personal\DAFStudio\backend\apps\matchmaking\models\models.py", line 229, in list_stale_game_ids
    async with self.get_db_connection() as connection:
               ~~~~~~~~~~~~~~~~~~~~~~^^
  File "C:\Users\agust\AppData\Roaming\uv\python\cpython-3.14-windows-x86_64-none\Lib\contextlib.py", line 214, in __aenter__
    return await anext(self.gen)
           ^^^^^^^^^^^^^^^^^^^^^
  File "C:\apps\personal\DAFStudio\backend\apps\matchmaking\models\__init__.py", line 16, in get_db_connection
    async with connection_pool.acquire() as connection:
               ~~~~~~~~~~~~~~~~~~~~~~~^^
  File "C:\apps\personal\DAFStudio\backend\.venv\Lib\site-packages\asyncpg\pool.py", line 1056, in __aenter__
    self.connection = await self.pool._acquire(self.timeout)
                      ^^^^^^^^^^^^^^^^^^^^^^^^^^^^^^^^^^^^^^
  File "C:\apps\personal\DAFStudio\backend\.venv\Lib\site-packages\asyncpg\pool.py", line 896, in _acquire
    return await _acquire_impl()
           ^^^^^^^^^^^^^^^^^^^^^
  File "C:\apps\personal\DAFStudio\backend\.venv\Lib\site-packages\asyncpg\pool.py", line 881, in _acquire_impl
    proxy = await ch.acquire()  # type: PoolConnectionProxy
            ^^^^^^^^^^^^^^^^^^
  File "C:\apps\personal\DAFStudio\backend\.venv\Lib\site-packages\asyncpg\pool.py", line 161, in acquire
    await self.connect()
  File "C:\apps\personal\DAFStudio\backend\.venv\Lib\site-packages\asyncpg\pool.py", line 153, in connect
    self._con = await self._pool._get_new_connection()
                ^^^^^^^^^^^^^^^^^^^^^^^^^^^^^^^^^^^^^^
  File "C:\apps\personal\DAFStudio\backend\.venv\Lib\site-packages\asyncpg\pool.py", line 538, in _get_new_connection
    con = await self._connect(
          ^^^^^^^^^^^^^^^^^^^^
    ...<5 lines>...
    )
    ^
  File "C:\apps\personal\DAFStudio\backend\.venv\Lib\site-packages\asyncpg\connection.py", line 2443, in connect
    return await connect_utils._connect(
           ^^^^^^^^^^^^^^^^^^^^^^^^^^^^^
    ...<22 lines>...
    )
    ^
  File "C:\apps\personal\DAFStudio\backend\.venv\Lib\site-packages\asyncpg\connect_utils.py", line 1249, in _connect
    raise last_error or exceptions.TargetServerAttributeNotMatched(
    ...<2 lines>...
    )
  File "C:\apps\personal\DAFStudio\backend\.venv\Lib\site-packages\asyncpg\connect_utils.py", line 1218, in _connect
    conn = await _connect_addr(
           ^^^^^^^^^^^^^^^^^^^^
    ...<6 lines>...
    )
    ^
  File "C:\apps\personal\DAFStudio\backend\.venv\Lib\site-packages\asyncpg\connect_utils.py", line 1054, in _connect_addr
    return await __connect_addr(params, True, *args)
           ^^^^^^^^^^^^^^^^^^^^^^^^^^^^^^^^^^^^^^^^^
  File "C:\apps\personal\DAFStudio\backend\.venv\Lib\site-packages\asyncpg\connect_utils.py", line 1099, in __connect_addr
    tr, pr = await connector
             ^^^^^^^^^^^^^^^
  File "C:\apps\personal\DAFStudio\backend\.venv\Lib\site-packages\asyncpg\connect_utils.py", line 969, in _create_ssl_connection
    tr, pr = await loop.create_connection(
             ^^^^^^^^^^^^^^^^^^^^^^^^^^^^^
    ...<2 lines>...
        host, port)
        ^^^^^^^^^^^
  File "C:\Users\agust\AppData\Roaming\uv\python\cpython-3.14-windows-x86_64-none\Lib\asyncio\base_events.py", line 1176, in create_connection
    raise OSError('Multiple exceptions: {}'.format(
        ', '.join(str(exc) for exc in exceptions)))
OSError: Multiple exceptions: [Errno 10061] Connect call failed ('::1', 5432, 0, 0), [Errno 10061] Connect call failed ('127.0.0.1', 5432)
2026-07-21 22:26:44,769 INFO    apscheduler.executors.default: Job "_run_matcher_job (trigger: interval[0:00:20], next run at: 2026-07-21 22:27:00 CEST)" executed successfully
2026-07-21 22:26:51,956 INFO    apscheduler.executors.default: Running job "_run_matcher_job (trigger: interval[0:00:20], next run at: 2026-07-21 22:27:11 CEST)" (scheduled at 2026-07-21 22:26:51.951514+02:00)
2026-07-21 22:26:56,010 ERROR   dafstudio: [matcher cron] run failed
Traceback (most recent call last):
  File "C:\apps\personal\DAFStudio\backend\loader_app.py", line 58, in _run_matcher_job
    await Matcher().run()
  File "C:\apps\personal\DAFStudio\backend\apps\matchmaking\service\matcher.py", line 138, in run
    await self.expire_stale()
  File "C:\apps\personal\DAFStudio\backend\apps\matchmaking\service\matcher.py", line 149, in expire_stale
    game_ids = await MatchmakingTicketModel().list_stale_game_ids(
               ^^^^^^^^^^^^^^^^^^^^^^^^^^^^^^^^^^^^^^^^^^^^^^^^^^^
        timeout_seconds=ACCEPTANCE_TIMEOUT_SECONDS
        ^^^^^^^^^^^^^^^^^^^^^^^^^^^^^^^^^^^^^^^^^^
    )
    ^
  File "C:\apps\personal\DAFStudio\backend\apps\matchmaking\models\models.py", line 229, in list_stale_game_ids
    async with self.get_db_connection() as connection:
               ~~~~~~~~~~~~~~~~~~~~~~^^
  File "C:\Users\agust\AppData\Roaming\uv\python\cpython-3.14-windows-x86_64-none\Lib\contextlib.py", line 214, in __aenter__
    return await anext(self.gen)
           ^^^^^^^^^^^^^^^^^^^^^
  File "C:\apps\personal\DAFStudio\backend\apps\matchmaking\models\__init__.py", line 16, in get_db_connection
    async with connection_pool.acquire() as connection:
               ~~~~~~~~~~~~~~~~~~~~~~~^^
  File "C:\apps\personal\DAFStudio\backend\.venv\Lib\site-packages\asyncpg\pool.py", line 1056, in __aenter__
    self.connection = await self.pool._acquire(self.timeout)
                      ^^^^^^^^^^^^^^^^^^^^^^^^^^^^^^^^^^^^^^
  File "C:\apps\personal\DAFStudio\backend\.venv\Lib\site-packages\asyncpg\pool.py", line 896, in _acquire
    return await _acquire_impl()
           ^^^^^^^^^^^^^^^^^^^^^
  File "C:\apps\personal\DAFStudio\backend\.venv\Lib\site-packages\asyncpg\pool.py", line 881, in _acquire_impl
    proxy = await ch.acquire()  # type: PoolConnectionProxy
            ^^^^^^^^^^^^^^^^^^
  File "C:\apps\personal\DAFStudio\backend\.venv\Lib\site-packages\asyncpg\pool.py", line 161, in acquire
    await self.connect()
  File "C:\apps\personal\DAFStudio\backend\.venv\Lib\site-packages\asyncpg\pool.py", line 153, in connect
    self._con = await self._pool._get_new_connection()
                ^^^^^^^^^^^^^^^^^^^^^^^^^^^^^^^^^^^^^^
  File "C:\apps\personal\DAFStudio\backend\.venv\Lib\site-packages\asyncpg\pool.py", line 538, in _get_new_connection
    con = await self._connect(
          ^^^^^^^^^^^^^^^^^^^^
    ...<5 lines>...
    )
    ^
  File "C:\apps\personal\DAFStudio\backend\.venv\Lib\site-packages\asyncpg\connection.py", line 2443, in connect
    return await connect_utils._connect(
           ^^^^^^^^^^^^^^^^^^^^^^^^^^^^^
    ...<22 lines>...
    )
    ^
  File "C:\apps\personal\DAFStudio\backend\.venv\Lib\site-packages\asyncpg\connect_utils.py", line 1249, in _connect
    raise last_error or exceptions.TargetServerAttributeNotMatched(
    ...<2 lines>...
    )
  File "C:\apps\personal\DAFStudio\backend\.venv\Lib\site-packages\asyncpg\connect_utils.py", line 1218, in _connect
    conn = await _connect_addr(
           ^^^^^^^^^^^^^^^^^^^^
    ...<6 lines>...
    )
    ^
  File "C:\apps\personal\DAFStudio\backend\.venv\Lib\site-packages\asyncpg\connect_utils.py", line 1054, in _connect_addr
    return await __connect_addr(params, True, *args)
           ^^^^^^^^^^^^^^^^^^^^^^^^^^^^^^^^^^^^^^^^^
  File "C:\apps\personal\DAFStudio\backend\.venv\Lib\site-packages\asyncpg\connect_utils.py", line 1099, in __connect_addr
    tr, pr = await connector
             ^^^^^^^^^^^^^^^
  File "C:\apps\personal\DAFStudio\backend\.venv\Lib\site-packages\asyncpg\connect_utils.py", line 969, in _create_ssl_connection
    tr, pr = await loop.create_connection(
             ^^^^^^^^^^^^^^^^^^^^^^^^^^^^^
    ...<2 lines>...
        host, port)
        ^^^^^^^^^^^
  File "C:\Users\agust\AppData\Roaming\uv\python\cpython-3.14-windows-x86_64-none\Lib\asyncio\base_events.py", line 1176, in create_connection
    raise OSError('Multiple exceptions: {}'.format(
        ', '.join(str(exc) for exc in exceptions)))
OSError: Multiple exceptions: [Errno 10061] Connect call failed ('::1', 5432, 0, 0), [Errno 10061] Connect call failed ('127.0.0.1', 5432)
2026-07-21 22:26:56,012 INFO    apscheduler.executors.default: Job "_run_matcher_job (trigger: interval[0:00:20], next run at: 2026-07-21 22:27:11 CEST)" executed successfully
2026-07-21 22:27:00,689 INFO    apscheduler.executors.default: Running job "_run_matcher_job (trigger: interval[0:00:20], next run at: 2026-07-21 22:27:20 CEST)" (scheduled at 2026-07-21 22:27:00.686898+02:00)
2026-07-21 22:27:04,746 ERROR   dafstudio: [matcher cron] run failed
Traceback (most recent call last):
  File "C:\apps\personal\DAFStudio\backend\loader_app.py", line 58, in _run_matcher_job
    await Matcher().run()
  File "C:\apps\personal\DAFStudio\backend\apps\matchmaking\service\matcher.py", line 138, in run
    await self.expire_stale()
  File "C:\apps\personal\DAFStudio\backend\apps\matchmaking\service\matcher.py", line 149, in expire_stale
    game_ids = await MatchmakingTicketModel().list_stale_game_ids(
               ^^^^^^^^^^^^^^^^^^^^^^^^^^^^^^^^^^^^^^^^^^^^^^^^^^^
        timeout_seconds=ACCEPTANCE_TIMEOUT_SECONDS
        ^^^^^^^^^^^^^^^^^^^^^^^^^^^^^^^^^^^^^^^^^^
    )
    ^
  File "C:\apps\personal\DAFStudio\backend\apps\matchmaking\models\models.py", line 229, in list_stale_game_ids
    async with self.get_db_connection() as connection:
               ~~~~~~~~~~~~~~~~~~~~~~^^
  File "C:\Users\agust\AppData\Roaming\uv\python\cpython-3.14-windows-x86_64-none\Lib\contextlib.py", line 214, in __aenter__
    return await anext(self.gen)
           ^^^^^^^^^^^^^^^^^^^^^
  File "C:\apps\personal\DAFStudio\backend\apps\matchmaking\models\__init__.py", line 16, in get_db_connection
    async with connection_pool.acquire() as connection:
               ~~~~~~~~~~~~~~~~~~~~~~~^^
  File "C:\apps\personal\DAFStudio\backend\.venv\Lib\site-packages\asyncpg\pool.py", line 1056, in __aenter__
    self.connection = await self.pool._acquire(self.timeout)
                      ^^^^^^^^^^^^^^^^^^^^^^^^^^^^^^^^^^^^^^
  File "C:\apps\personal\DAFStudio\backend\.venv\Lib\site-packages\asyncpg\pool.py", line 896, in _acquire
    return await _acquire_impl()
           ^^^^^^^^^^^^^^^^^^^^^
  File "C:\apps\personal\DAFStudio\backend\.venv\Lib\site-packages\asyncpg\pool.py", line 881, in _acquire_impl
    proxy = await ch.acquire()  # type: PoolConnectionProxy
            ^^^^^^^^^^^^^^^^^^
  File "C:\apps\personal\DAFStudio\backend\.venv\Lib\site-packages\asyncpg\pool.py", line 161, in acquire
    await self.connect()
  File "C:\apps\personal\DAFStudio\backend\.venv\Lib\site-packages\asyncpg\pool.py", line 153, in connect
    self._con = await self._pool._get_new_connection()
                ^^^^^^^^^^^^^^^^^^^^^^^^^^^^^^^^^^^^^^
  File "C:\apps\personal\DAFStudio\backend\.venv\Lib\site-packages\asyncpg\pool.py", line 538, in _get_new_connection
    con = await self._connect(
          ^^^^^^^^^^^^^^^^^^^^
    ...<5 lines>...
    )
    ^
  File "C:\apps\personal\DAFStudio\backend\.venv\Lib\site-packages\asyncpg\connection.py", line 2443, in connect
    return await connect_utils._connect(
           ^^^^^^^^^^^^^^^^^^^^^^^^^^^^^
    ...<22 lines>...
    )
    ^
  File "C:\apps\personal\DAFStudio\backend\.venv\Lib\site-packages\asyncpg\connect_utils.py", line 1249, in _connect
    raise last_error or exceptions.TargetServerAttributeNotMatched(
    ...<2 lines>...
    )
  File "C:\apps\personal\DAFStudio\backend\.venv\Lib\site-packages\asyncpg\connect_utils.py", line 1218, in _connect
    conn = await _connect_addr(
           ^^^^^^^^^^^^^^^^^^^^
    ...<6 lines>...
    )
    ^
  File "C:\apps\personal\DAFStudio\backend\.venv\Lib\site-packages\asyncpg\connect_utils.py", line 1054, in _connect_addr
    return await __connect_addr(params, True, *args)
           ^^^^^^^^^^^^^^^^^^^^^^^^^^^^^^^^^^^^^^^^^
  File "C:\apps\personal\DAFStudio\backend\.venv\Lib\site-packages\asyncpg\connect_utils.py", line 1099, in __connect_addr
    tr, pr = await connector
             ^^^^^^^^^^^^^^^
  File "C:\apps\personal\DAFStudio\backend\.venv\Lib\site-packages\asyncpg\connect_utils.py", line 969, in _create_ssl_connection
    tr, pr = await loop.create_connection(
             ^^^^^^^^^^^^^^^^^^^^^^^^^^^^^
    ...<2 lines>...
        host, port)
        ^^^^^^^^^^^
  File "C:\Users\agust\AppData\Roaming\uv\python\cpython-3.14-windows-x86_64-none\Lib\asyncio\base_events.py", line 1176, in create_connection
    raise OSError('Multiple exceptions: {}'.format(
        ', '.join(str(exc) for exc in exceptions)))
OSError: Multiple exceptions: [Errno 10061] Connect call failed ('::1', 5432, 0, 0), [Errno 10061] Connect call failed ('127.0.0.1', 5432)
2026-07-21 22:27:04,748 INFO    apscheduler.executors.default: Job "_run_matcher_job (trigger: interval[0:00:20], next run at: 2026-07-21 22:27:20 CEST)" executed successfully
2026-07-21 22:27:11,964 INFO    apscheduler.executors.default: Running job "_run_matcher_job (trigger: interval[0:00:20], next run at: 2026-07-21 22:27:31 CEST)" (scheduled at 2026-07-21 22:27:11.951514+02:00)
2026-07-21 22:27:16,038 ERROR   dafstudio: [matcher cron] run failed
Traceback (most recent call last):
  File "C:\apps\personal\DAFStudio\backend\loader_app.py", line 58, in _run_matcher_job
    await Matcher().run()
  File "C:\apps\personal\DAFStudio\backend\apps\matchmaking\service\matcher.py", line 138, in run
    await self.expire_stale()
  File "C:\apps\personal\DAFStudio\backend\apps\matchmaking\service\matcher.py", line 149, in expire_stale
    game_ids = await MatchmakingTicketModel().list_stale_game_ids(
               ^^^^^^^^^^^^^^^^^^^^^^^^^^^^^^^^^^^^^^^^^^^^^^^^^^^
        timeout_seconds=ACCEPTANCE_TIMEOUT_SECONDS
        ^^^^^^^^^^^^^^^^^^^^^^^^^^^^^^^^^^^^^^^^^^
    )
    ^
  File "C:\apps\personal\DAFStudio\backend\apps\matchmaking\models\models.py", line 229, in list_stale_game_ids
    async with self.get_db_connection() as connection:
               ~~~~~~~~~~~~~~~~~~~~~~^^
  File "C:\Users\agust\AppData\Roaming\uv\python\cpython-3.14-windows-x86_64-none\Lib\contextlib.py", line 214, in __aenter__
    return await anext(self.gen)
           ^^^^^^^^^^^^^^^^^^^^^
  File "C:\apps\personal\DAFStudio\backend\apps\matchmaking\models\__init__.py", line 16, in get_db_connection
    async with connection_pool.acquire() as connection:
               ~~~~~~~~~~~~~~~~~~~~~~~^^
  File "C:\apps\personal\DAFStudio\backend\.venv\Lib\site-packages\asyncpg\pool.py", line 1056, in __aenter__
    self.connection = await self.pool._acquire(self.timeout)
                      ^^^^^^^^^^^^^^^^^^^^^^^^^^^^^^^^^^^^^^
  File "C:\apps\personal\DAFStudio\backend\.venv\Lib\site-packages\asyncpg\pool.py", line 896, in _acquire
    return await _acquire_impl()
           ^^^^^^^^^^^^^^^^^^^^^
  File "C:\apps\personal\DAFStudio\backend\.venv\Lib\site-packages\asyncpg\pool.py", line 881, in _acquire_impl
    proxy = await ch.acquire()  # type: PoolConnectionProxy
            ^^^^^^^^^^^^^^^^^^
  File "C:\apps\personal\DAFStudio\backend\.venv\Lib\site-packages\asyncpg\pool.py", line 161, in acquire
    await self.connect()
  File "C:\apps\personal\DAFStudio\backend\.venv\Lib\site-packages\asyncpg\pool.py", line 153, in connect
    self._con = await self._pool._get_new_connection()
                ^^^^^^^^^^^^^^^^^^^^^^^^^^^^^^^^^^^^^^
  File "C:\apps\personal\DAFStudio\backend\.venv\Lib\site-packages\asyncpg\pool.py", line 538, in _get_new_connection
    con = await self._connect(
          ^^^^^^^^^^^^^^^^^^^^
    ...<5 lines>...
    )
    ^
  File "C:\apps\personal\DAFStudio\backend\.venv\Lib\site-packages\asyncpg\connection.py", line 2443, in connect
    return await connect_utils._connect(
           ^^^^^^^^^^^^^^^^^^^^^^^^^^^^^
    ...<22 lines>...
    )
    ^
  File "C:\apps\personal\DAFStudio\backend\.venv\Lib\site-packages\asyncpg\connect_utils.py", line 1249, in _connect
    raise last_error or exceptions.TargetServerAttributeNotMatched(
    ...<2 lines>...
    )
  File "C:\apps\personal\DAFStudio\backend\.venv\Lib\site-packages\asyncpg\connect_utils.py", line 1218, in _connect
    conn = await _connect_addr(
           ^^^^^^^^^^^^^^^^^^^^
    ...<6 lines>...
    )
    ^
  File "C:\apps\personal\DAFStudio\backend\.venv\Lib\site-packages\asyncpg\connect_utils.py", line 1054, in _connect_addr
    return await __connect_addr(params, True, *args)
           ^^^^^^^^^^^^^^^^^^^^^^^^^^^^^^^^^^^^^^^^^
  File "C:\apps\personal\DAFStudio\backend\.venv\Lib\site-packages\asyncpg\connect_utils.py", line 1099, in __connect_addr
    tr, pr = await connector
             ^^^^^^^^^^^^^^^
  File "C:\apps\personal\DAFStudio\backend\.venv\Lib\site-packages\asyncpg\connect_utils.py", line 969, in _create_ssl_connection
    tr, pr = await loop.create_connection(
             ^^^^^^^^^^^^^^^^^^^^^^^^^^^^^
    ...<2 lines>...
        host, port)
        ^^^^^^^^^^^
  File "C:\Users\agust\AppData\Roaming\uv\python\cpython-3.14-windows-x86_64-none\Lib\asyncio\base_events.py", line 1176, in create_connection
    raise OSError('Multiple exceptions: {}'.format(
        ', '.join(str(exc) for exc in exceptions)))
OSError: Multiple exceptions: [Errno 10061] Connect call failed ('::1', 5432, 0, 0), [Errno 10061] Connect call failed ('127.0.0.1', 5432)
2026-07-21 22:27:16,040 INFO    apscheduler.executors.default: Job "_run_matcher_job (trigger: interval[0:00:20], next run at: 2026-07-21 22:27:31 CEST)" executed successfully
2026-07-21 22:27:20,689 INFO    apscheduler.executors.default: Running job "_run_matcher_job (trigger: interval[0:00:20], next run at: 2026-07-21 22:27:40 CEST)" (scheduled at 2026-07-21 22:27:20.686898+02:00)
2026-07-21 22:27:24,741 ERROR   dafstudio: [matcher cron] run failed
Traceback (most recent call last):
  File "C:\apps\personal\DAFStudio\backend\loader_app.py", line 58, in _run_matcher_job
    await Matcher().run()
  File "C:\apps\personal\DAFStudio\backend\apps\matchmaking\service\matcher.py", line 138, in run
    await self.expire_stale()
  File "C:\apps\personal\DAFStudio\backend\apps\matchmaking\service\matcher.py", line 149, in expire_stale
    game_ids = await MatchmakingTicketModel().list_stale_game_ids(
               ^^^^^^^^^^^^^^^^^^^^^^^^^^^^^^^^^^^^^^^^^^^^^^^^^^^
        timeout_seconds=ACCEPTANCE_TIMEOUT_SECONDS
        ^^^^^^^^^^^^^^^^^^^^^^^^^^^^^^^^^^^^^^^^^^
    )
    ^
  File "C:\apps\personal\DAFStudio\backend\apps\matchmaking\models\models.py", line 229, in list_stale_game_ids
    async with self.get_db_connection() as connection:
               ~~~~~~~~~~~~~~~~~~~~~~^^
  File "C:\Users\agust\AppData\Roaming\uv\python\cpython-3.14-windows-x86_64-none\Lib\contextlib.py", line 214, in __aenter__
    return await anext(self.gen)
           ^^^^^^^^^^^^^^^^^^^^^
  File "C:\apps\personal\DAFStudio\backend\apps\matchmaking\models\__init__.py", line 16, in get_db_connection
    async with connection_pool.acquire() as connection:
               ~~~~~~~~~~~~~~~~~~~~~~~^^
  File "C:\apps\personal\DAFStudio\backend\.venv\Lib\site-packages\asyncpg\pool.py", line 1056, in __aenter__
    self.connection = await self.pool._acquire(self.timeout)
                      ^^^^^^^^^^^^^^^^^^^^^^^^^^^^^^^^^^^^^^
  File "C:\apps\personal\DAFStudio\backend\.venv\Lib\site-packages\asyncpg\pool.py", line 896, in _acquire
    return await _acquire_impl()
           ^^^^^^^^^^^^^^^^^^^^^
  File "C:\apps\personal\DAFStudio\backend\.venv\Lib\site-packages\asyncpg\pool.py", line 881, in _acquire_impl
    proxy = await ch.acquire()  # type: PoolConnectionProxy
            ^^^^^^^^^^^^^^^^^^
  File "C:\apps\personal\DAFStudio\backend\.venv\Lib\site-packages\asyncpg\pool.py", line 161, in acquire
    await self.connect()
  File "C:\apps\personal\DAFStudio\backend\.venv\Lib\site-packages\asyncpg\pool.py", line 153, in connect
    self._con = await self._pool._get_new_connection()
                ^^^^^^^^^^^^^^^^^^^^^^^^^^^^^^^^^^^^^^
  File "C:\apps\personal\DAFStudio\backend\.venv\Lib\site-packages\asyncpg\pool.py", line 538, in _get_new_connection
    con = await self._connect(
          ^^^^^^^^^^^^^^^^^^^^
    ...<5 lines>...
    )
    ^
  File "C:\apps\personal\DAFStudio\backend\.venv\Lib\site-packages\asyncpg\connection.py", line 2443, in connect
    return await connect_utils._connect(
           ^^^^^^^^^^^^^^^^^^^^^^^^^^^^^
    ...<22 lines>...
    )
    ^
  File "C:\apps\personal\DAFStudio\backend\.venv\Lib\site-packages\asyncpg\connect_utils.py", line 1249, in _connect
    raise last_error or exceptions.TargetServerAttributeNotMatched(
    ...<2 lines>...
    )
  File "C:\apps\personal\DAFStudio\backend\.venv\Lib\site-packages\asyncpg\connect_utils.py", line 1218, in _connect
    conn = await _connect_addr(
           ^^^^^^^^^^^^^^^^^^^^
    ...<6 lines>...
    )
    ^
  File "C:\apps\personal\DAFStudio\backend\.venv\Lib\site-packages\asyncpg\connect_utils.py", line 1054, in _connect_addr
    return await __connect_addr(params, True, *args)
           ^^^^^^^^^^^^^^^^^^^^^^^^^^^^^^^^^^^^^^^^^
  File "C:\apps\personal\DAFStudio\backend\.venv\Lib\site-packages\asyncpg\connect_utils.py", line 1099, in __connect_addr
    tr, pr = await connector
             ^^^^^^^^^^^^^^^
  File "C:\apps\personal\DAFStudio\backend\.venv\Lib\site-packages\asyncpg\connect_utils.py", line 969, in _create_ssl_connection
    tr, pr = await loop.create_connection(
             ^^^^^^^^^^^^^^^^^^^^^^^^^^^^^
    ...<2 lines>...
        host, port)
        ^^^^^^^^^^^
  File "C:\Users\agust\AppData\Roaming\uv\python\cpython-3.14-windows-x86_64-none\Lib\asyncio\base_events.py", line 1176, in create_connection
    raise OSError('Multiple exceptions: {}'.format(
        ', '.join(str(exc) for exc in exceptions)))
OSError: Multiple exceptions: [Errno 10061] Connect call failed ('::1', 5432, 0, 0), [Errno 10061] Connect call failed ('127.0.0.1', 5432)
2026-07-21 22:27:24,743 INFO    apscheduler.executors.default: Job "_run_matcher_job (trigger: interval[0:00:20], next run at: 2026-07-21 22:27:40 CEST)" executed successfully
2026-07-21 22:27:31,964 INFO    apscheduler.executors.default: Running job "_run_matcher_job (trigger: interval[0:00:20], next run at: 2026-07-21 22:27:51 CEST)" (scheduled at 2026-07-21 22:27:31.951514+02:00)
2026-07-21 22:27:36,064 ERROR   dafstudio: [matcher cron] run failed
Traceback (most recent call last):
  File "C:\apps\personal\DAFStudio\backend\loader_app.py", line 58, in _run_matcher_job
    await Matcher().run()
  File "C:\apps\personal\DAFStudio\backend\apps\matchmaking\service\matcher.py", line 138, in run
    await self.expire_stale()
  File "C:\apps\personal\DAFStudio\backend\apps\matchmaking\service\matcher.py", line 149, in expire_stale
    game_ids = await MatchmakingTicketModel().list_stale_game_ids(
               ^^^^^^^^^^^^^^^^^^^^^^^^^^^^^^^^^^^^^^^^^^^^^^^^^^^
        timeout_seconds=ACCEPTANCE_TIMEOUT_SECONDS
        ^^^^^^^^^^^^^^^^^^^^^^^^^^^^^^^^^^^^^^^^^^
    )
    ^
  File "C:\apps\personal\DAFStudio\backend\apps\matchmaking\models\models.py", line 229, in list_stale_game_ids
    async with self.get_db_connection() as connection:
               ~~~~~~~~~~~~~~~~~~~~~~^^
  File "C:\Users\agust\AppData\Roaming\uv\python\cpython-3.14-windows-x86_64-none\Lib\contextlib.py", line 214, in __aenter__
    return await anext(self.gen)
           ^^^^^^^^^^^^^^^^^^^^^
  File "C:\apps\personal\DAFStudio\backend\apps\matchmaking\models\__init__.py", line 16, in get_db_connection
    async with connection_pool.acquire() as connection:
               ~~~~~~~~~~~~~~~~~~~~~~~^^
  File "C:\apps\personal\DAFStudio\backend\.venv\Lib\site-packages\asyncpg\pool.py", line 1056, in __aenter__
    self.connection = await self.pool._acquire(self.timeout)
                      ^^^^^^^^^^^^^^^^^^^^^^^^^^^^^^^^^^^^^^
  File "C:\apps\personal\DAFStudio\backend\.venv\Lib\site-packages\asyncpg\pool.py", line 896, in _acquire
    return await _acquire_impl()
           ^^^^^^^^^^^^^^^^^^^^^
  File "C:\apps\personal\DAFStudio\backend\.venv\Lib\site-packages\asyncpg\pool.py", line 881, in _acquire_impl
    proxy = await ch.acquire()  # type: PoolConnectionProxy
            ^^^^^^^^^^^^^^^^^^
  File "C:\apps\personal\DAFStudio\backend\.venv\Lib\site-packages\asyncpg\pool.py", line 161, in acquire
    await self.connect()
  File "C:\apps\personal\DAFStudio\backend\.venv\Lib\site-packages\asyncpg\pool.py", line 153, in connect
    self._con = await self._pool._get_new_connection()
                ^^^^^^^^^^^^^^^^^^^^^^^^^^^^^^^^^^^^^^
  File "C:\apps\personal\DAFStudio\backend\.venv\Lib\site-packages\asyncpg\pool.py", line 538, in _get_new_connection
    con = await self._connect(
          ^^^^^^^^^^^^^^^^^^^^
    ...<5 lines>...
    )
    ^
  File "C:\apps\personal\DAFStudio\backend\.venv\Lib\site-packages\asyncpg\connection.py", line 2443, in connect
    return await connect_utils._connect(
           ^^^^^^^^^^^^^^^^^^^^^^^^^^^^^
    ...<22 lines>...
    )
    ^
  File "C:\apps\personal\DAFStudio\backend\.venv\Lib\site-packages\asyncpg\connect_utils.py", line 1249, in _connect
    raise last_error or exceptions.TargetServerAttributeNotMatched(
    ...<2 lines>...
    )
  File "C:\apps\personal\DAFStudio\backend\.venv\Lib\site-packages\asyncpg\connect_utils.py", line 1218, in _connect
    conn = await _connect_addr(
           ^^^^^^^^^^^^^^^^^^^^
    ...<6 lines>...
    )
    ^
  File "C:\apps\personal\DAFStudio\backend\.venv\Lib\site-packages\asyncpg\connect_utils.py", line 1054, in _connect_addr
    return await __connect_addr(params, True, *args)
           ^^^^^^^^^^^^^^^^^^^^^^^^^^^^^^^^^^^^^^^^^
  File "C:\apps\personal\DAFStudio\backend\.venv\Lib\site-packages\asyncpg\connect_utils.py", line 1099, in __connect_addr
    tr, pr = await connector
             ^^^^^^^^^^^^^^^
  File "C:\apps\personal\DAFStudio\backend\.venv\Lib\site-packages\asyncpg\connect_utils.py", line 969, in _create_ssl_connection
    tr, pr = await loop.create_connection(
             ^^^^^^^^^^^^^^^^^^^^^^^^^^^^^
    ...<2 lines>...
        host, port)
        ^^^^^^^^^^^
  File "C:\Users\agust\AppData\Roaming\uv\python\cpython-3.14-windows-x86_64-none\Lib\asyncio\base_events.py", line 1176, in create_connection
    raise OSError('Multiple exceptions: {}'.format(
        ', '.join(str(exc) for exc in exceptions)))
OSError: Multiple exceptions: [Errno 10061] Connect call failed ('::1', 5432, 0, 0), [Errno 10061] Connect call failed ('127.0.0.1', 5432)
2026-07-21 22:27:36,065 INFO    apscheduler.executors.default: Job "_run_matcher_job (trigger: interval[0:00:20], next run at: 2026-07-21 22:27:51 CEST)" executed successfully
2026-07-21 22:27:40,701 INFO    apscheduler.executors.default: Running job "_run_matcher_job (trigger: interval[0:00:20], next run at: 2026-07-21 22:28:00 CEST)" (scheduled at 2026-07-21 22:27:40.686898+02:00)
2026-07-21 22:27:40,702 INFO    apscheduler.executors.default: Running job "_run_settle_job (trigger: interval[0:15:00], next run at: 2026-07-21 22:42:40 CEST)" (scheduled at 2026-07-21 22:27:40.687199+02:00)
2026-07-21 22:27:44,739 ERROR   dafstudio: [settle cron] run failed
Traceback (most recent call last):
  File "C:\apps\personal\DAFStudio\backend\loader_app.py", line 66, in _run_settle_job
    stats = await GamesAppService().settle_pending_results()
            ^^^^^^^^^^^^^^^^^^^^^^^^^^^^^^^^^^^^^^^^^^^^^^^^
  File "C:\apps\personal\DAFStudio\backend\apps\games\service\appservice.py", line 532, in settle_pending_results
    candidates = await GamesModel().list_pending_settlement(
                 ^^^^^^^^^^^^^^^^^^^^^^^^^^^^^^^^^^^^^^^^^^^
        grace_hours=_SETTLE_GRACE_HOURS
        ^^^^^^^^^^^^^^^^^^^^^^^^^^^^^^^
    )
    ^
  File "C:\apps\personal\DAFStudio\backend\apps\games\models\models.py", line 316, in list_pending_settlement
    async with self.get_db_connection() as connection:
               ~~~~~~~~~~~~~~~~~~~~~~^^
  File "C:\Users\agust\AppData\Roaming\uv\python\cpython-3.14-windows-x86_64-none\Lib\contextlib.py", line 214, in __aenter__
    return await anext(self.gen)
           ^^^^^^^^^^^^^^^^^^^^^
  File "C:\apps\personal\DAFStudio\backend\apps\games\models\__init__.py", line 16, in get_db_connection
    async with connection_pool.acquire() as connection:
               ~~~~~~~~~~~~~~~~~~~~~~~^^
  File "C:\apps\personal\DAFStudio\backend\.venv\Lib\site-packages\asyncpg\pool.py", line 1056, in __aenter__
    self.connection = await self.pool._acquire(self.timeout)
                      ^^^^^^^^^^^^^^^^^^^^^^^^^^^^^^^^^^^^^^
  File "C:\apps\personal\DAFStudio\backend\.venv\Lib\site-packages\asyncpg\pool.py", line 896, in _acquire
    return await _acquire_impl()
           ^^^^^^^^^^^^^^^^^^^^^
  File "C:\apps\personal\DAFStudio\backend\.venv\Lib\site-packages\asyncpg\pool.py", line 881, in _acquire_impl
    proxy = await ch.acquire()  # type: PoolConnectionProxy
            ^^^^^^^^^^^^^^^^^^
  File "C:\apps\personal\DAFStudio\backend\.venv\Lib\site-packages\asyncpg\pool.py", line 161, in acquire
    await self.connect()
  File "C:\apps\personal\DAFStudio\backend\.venv\Lib\site-packages\asyncpg\pool.py", line 153, in connect
    self._con = await self._pool._get_new_connection()
                ^^^^^^^^^^^^^^^^^^^^^^^^^^^^^^^^^^^^^^
  File "C:\apps\personal\DAFStudio\backend\.venv\Lib\site-packages\asyncpg\pool.py", line 538, in _get_new_connection
    con = await self._connect(
          ^^^^^^^^^^^^^^^^^^^^
    ...<5 lines>...
    )
    ^
  File "C:\apps\personal\DAFStudio\backend\.venv\Lib\site-packages\asyncpg\connection.py", line 2443, in connect
    return await connect_utils._connect(
           ^^^^^^^^^^^^^^^^^^^^^^^^^^^^^
    ...<22 lines>...
    )
    ^
  File "C:\apps\personal\DAFStudio\backend\.venv\Lib\site-packages\asyncpg\connect_utils.py", line 1249, in _connect
    raise last_error or exceptions.TargetServerAttributeNotMatched(
    ...<2 lines>...
    )
  File "C:\apps\personal\DAFStudio\backend\.venv\Lib\site-packages\asyncpg\connect_utils.py", line 1218, in _connect
    conn = await _connect_addr(
           ^^^^^^^^^^^^^^^^^^^^
    ...<6 lines>...
    )
    ^
  File "C:\apps\personal\DAFStudio\backend\.venv\Lib\site-packages\asyncpg\connect_utils.py", line 1054, in _connect_addr
    return await __connect_addr(params, True, *args)
           ^^^^^^^^^^^^^^^^^^^^^^^^^^^^^^^^^^^^^^^^^
  File "C:\apps\personal\DAFStudio\backend\.venv\Lib\site-packages\asyncpg\connect_utils.py", line 1099, in __connect_addr
    tr, pr = await connector
             ^^^^^^^^^^^^^^^
  File "C:\apps\personal\DAFStudio\backend\.venv\Lib\site-packages\asyncpg\connect_utils.py", line 969, in _create_ssl_connection
    tr, pr = await loop.create_connection(
             ^^^^^^^^^^^^^^^^^^^^^^^^^^^^^
    ...<2 lines>...
        host, port)
        ^^^^^^^^^^^
  File "C:\Users\agust\AppData\Roaming\uv\python\cpython-3.14-windows-x86_64-none\Lib\asyncio\base_events.py", line 1176, in create_connection
    raise OSError('Multiple exceptions: {}'.format(
        ', '.join(str(exc) for exc in exceptions)))
OSError: Multiple exceptions: [Errno 10061] Connect call failed ('::1', 5432, 0, 0), [Errno 10061] Connect call failed ('127.0.0.1', 5432)
2026-07-21 22:27:44,741 INFO    apscheduler.executors.default: Job "_run_settle_job (trigger: interval[0:15:00], next run at: 2026-07-21 22:42:40 CEST)" executed successfully
2026-07-21 22:27:44,741 ERROR   dafstudio: [matcher cron] run failed
Traceback (most recent call last):
  File "C:\apps\personal\DAFStudio\backend\loader_app.py", line 58, in _run_matcher_job
    await Matcher().run()
  File "C:\apps\personal\DAFStudio\backend\apps\matchmaking\service\matcher.py", line 138, in run
    await self.expire_stale()
  File "C:\apps\personal\DAFStudio\backend\apps\matchmaking\service\matcher.py", line 149, in expire_stale
    game_ids = await MatchmakingTicketModel().list_stale_game_ids(
               ^^^^^^^^^^^^^^^^^^^^^^^^^^^^^^^^^^^^^^^^^^^^^^^^^^^
        timeout_seconds=ACCEPTANCE_TIMEOUT_SECONDS
        ^^^^^^^^^^^^^^^^^^^^^^^^^^^^^^^^^^^^^^^^^^
    )
    ^
  File "C:\apps\personal\DAFStudio\backend\apps\matchmaking\models\models.py", line 229, in list_stale_game_ids
    async with self.get_db_connection() as connection:
               ~~~~~~~~~~~~~~~~~~~~~~^^
  File "C:\Users\agust\AppData\Roaming\uv\python\cpython-3.14-windows-x86_64-none\Lib\contextlib.py", line 214, in __aenter__
    return await anext(self.gen)
           ^^^^^^^^^^^^^^^^^^^^^
  File "C:\apps\personal\DAFStudio\backend\apps\matchmaking\models\__init__.py", line 16, in get_db_connection
    async with connection_pool.acquire() as connection:
               ~~~~~~~~~~~~~~~~~~~~~~~^^
  File "C:\apps\personal\DAFStudio\backend\.venv\Lib\site-packages\asyncpg\pool.py", line 1056, in __aenter__
    self.connection = await self.pool._acquire(self.timeout)
                      ^^^^^^^^^^^^^^^^^^^^^^^^^^^^^^^^^^^^^^
  File "C:\apps\personal\DAFStudio\backend\.venv\Lib\site-packages\asyncpg\pool.py", line 896, in _acquire
    return await _acquire_impl()
           ^^^^^^^^^^^^^^^^^^^^^
  File "C:\apps\personal\DAFStudio\backend\.venv\Lib\site-packages\asyncpg\pool.py", line 881, in _acquire_impl
    proxy = await ch.acquire()  # type: PoolConnectionProxy
            ^^^^^^^^^^^^^^^^^^
  File "C:\apps\personal\DAFStudio\backend\.venv\Lib\site-packages\asyncpg\pool.py", line 161, in acquire
    await self.connect()
  File "C:\apps\personal\DAFStudio\backend\.venv\Lib\site-packages\asyncpg\pool.py", line 153, in connect
    self._con = await self._pool._get_new_connection()
                ^^^^^^^^^^^^^^^^^^^^^^^^^^^^^^^^^^^^^^
  File "C:\apps\personal\DAFStudio\backend\.venv\Lib\site-packages\asyncpg\pool.py", line 538, in _get_new_connection
    con = await self._connect(
          ^^^^^^^^^^^^^^^^^^^^
    ...<5 lines>...
    )
    ^
  File "C:\apps\personal\DAFStudio\backend\.venv\Lib\site-packages\asyncpg\connection.py", line 2443, in connect
    return await connect_utils._connect(
           ^^^^^^^^^^^^^^^^^^^^^^^^^^^^^
    ...<22 lines>...
    )
    ^
  File "C:\apps\personal\DAFStudio\backend\.venv\Lib\site-packages\asyncpg\connect_utils.py", line 1249, in _connect
    raise last_error or exceptions.TargetServerAttributeNotMatched(
    ...<2 lines>...
    )
  File "C:\apps\personal\DAFStudio\backend\.venv\Lib\site-packages\asyncpg\connect_utils.py", line 1218, in _connect
    conn = await _connect_addr(
           ^^^^^^^^^^^^^^^^^^^^
    ...<6 lines>...
    )
    ^
  File "C:\apps\personal\DAFStudio\backend\.venv\Lib\site-packages\asyncpg\connect_utils.py", line 1054, in _connect_addr
    return await __connect_addr(params, True, *args)
           ^^^^^^^^^^^^^^^^^^^^^^^^^^^^^^^^^^^^^^^^^
  File "C:\apps\personal\DAFStudio\backend\.venv\Lib\site-packages\asyncpg\connect_utils.py", line 1099, in __connect_addr
    tr, pr = await connector
             ^^^^^^^^^^^^^^^
  File "C:\apps\personal\DAFStudio\backend\.venv\Lib\site-packages\asyncpg\connect_utils.py", line 969, in _create_ssl_connection
    tr, pr = await loop.create_connection(
             ^^^^^^^^^^^^^^^^^^^^^^^^^^^^^
    ...<2 lines>...
        host, port)
        ^^^^^^^^^^^
  File "C:\Users\agust\AppData\Roaming\uv\python\cpython-3.14-windows-x86_64-none\Lib\asyncio\base_events.py", line 1176, in create_connection
    raise OSError('Multiple exceptions: {}'.format(
        ', '.join(str(exc) for exc in exceptions)))
OSError: Multiple exceptions: [Errno 10061] Connect call failed ('::1', 5432, 0, 0), [Errno 10061] Connect call failed ('127.0.0.1', 5432)
2026-07-21 22:27:44,742 INFO    apscheduler.executors.default: Job "_run_matcher_job (trigger: interval[0:00:20], next run at: 2026-07-21 22:28:00 CEST)" executed successfully
2026-07-21 22:27:51,959 INFO    apscheduler.executors.default: Running job "_run_matcher_job (trigger: interval[0:00:20], next run at: 2026-07-21 22:28:11 CEST)" (scheduled at 2026-07-21 22:27:51.951514+02:00)
2026-07-21 22:27:56,019 ERROR   dafstudio: [matcher cron] run failed
Traceback (most recent call last):
  File "C:\apps\personal\DAFStudio\backend\loader_app.py", line 58, in _run_matcher_job
    await Matcher().run()
  File "C:\apps\personal\DAFStudio\backend\apps\matchmaking\service\matcher.py", line 138, in run
    await self.expire_stale()
  File "C:\apps\personal\DAFStudio\backend\apps\matchmaking\service\matcher.py", line 149, in expire_stale
    game_ids = await MatchmakingTicketModel().list_stale_game_ids(
               ^^^^^^^^^^^^^^^^^^^^^^^^^^^^^^^^^^^^^^^^^^^^^^^^^^^
        timeout_seconds=ACCEPTANCE_TIMEOUT_SECONDS
        ^^^^^^^^^^^^^^^^^^^^^^^^^^^^^^^^^^^^^^^^^^
    )
    ^
  File "C:\apps\personal\DAFStudio\backend\apps\matchmaking\models\models.py", line 229, in list_stale_game_ids
    async with self.get_db_connection() as connection:
               ~~~~~~~~~~~~~~~~~~~~~~^^
  File "C:\Users\agust\AppData\Roaming\uv\python\cpython-3.14-windows-x86_64-none\Lib\contextlib.py", line 214, in __aenter__
    return await anext(self.gen)
           ^^^^^^^^^^^^^^^^^^^^^
  File "C:\apps\personal\DAFStudio\backend\apps\matchmaking\models\__init__.py", line 16, in get_db_connection
    async with connection_pool.acquire() as connection:
               ~~~~~~~~~~~~~~~~~~~~~~~^^
  File "C:\apps\personal\DAFStudio\backend\.venv\Lib\site-packages\asyncpg\pool.py", line 1056, in __aenter__
    self.connection = await self.pool._acquire(self.timeout)
                      ^^^^^^^^^^^^^^^^^^^^^^^^^^^^^^^^^^^^^^
  File "C:\apps\personal\DAFStudio\backend\.venv\Lib\site-packages\asyncpg\pool.py", line 896, in _acquire
    return await _acquire_impl()
           ^^^^^^^^^^^^^^^^^^^^^
  File "C:\apps\personal\DAFStudio\backend\.venv\Lib\site-packages\asyncpg\pool.py", line 881, in _acquire_impl
    proxy = await ch.acquire()  # type: PoolConnectionProxy
            ^^^^^^^^^^^^^^^^^^
  File "C:\apps\personal\DAFStudio\backend\.venv\Lib\site-packages\asyncpg\pool.py", line 161, in acquire
    await self.connect()
  File "C:\apps\personal\DAFStudio\backend\.venv\Lib\site-packages\asyncpg\pool.py", line 153, in connect
    self._con = await self._pool._get_new_connection()
                ^^^^^^^^^^^^^^^^^^^^^^^^^^^^^^^^^^^^^^
  File "C:\apps\personal\DAFStudio\backend\.venv\Lib\site-packages\asyncpg\pool.py", line 538, in _get_new_connection
    con = await self._connect(
          ^^^^^^^^^^^^^^^^^^^^
    ...<5 lines>...
    )
    ^
  File "C:\apps\personal\DAFStudio\backend\.venv\Lib\site-packages\asyncpg\connection.py", line 2443, in connect
    return await connect_utils._connect(
           ^^^^^^^^^^^^^^^^^^^^^^^^^^^^^
    ...<22 lines>...
    )
    ^
  File "C:\apps\personal\DAFStudio\backend\.venv\Lib\site-packages\asyncpg\connect_utils.py", line 1249, in _connect
    raise last_error or exceptions.TargetServerAttributeNotMatched(
    ...<2 lines>...
    )
  File "C:\apps\personal\DAFStudio\backend\.venv\Lib\site-packages\asyncpg\connect_utils.py", line 1218, in _connect
    conn = await _connect_addr(
           ^^^^^^^^^^^^^^^^^^^^
    ...<6 lines>...
    )
    ^
  File "C:\apps\personal\DAFStudio\backend\.venv\Lib\site-packages\asyncpg\connect_utils.py", line 1054, in _connect_addr
    return await __connect_addr(params, True, *args)
           ^^^^^^^^^^^^^^^^^^^^^^^^^^^^^^^^^^^^^^^^^
  File "C:\apps\personal\DAFStudio\backend\.venv\Lib\site-packages\asyncpg\connect_utils.py", line 1099, in __connect_addr
    tr, pr = await connector
             ^^^^^^^^^^^^^^^
  File "C:\apps\personal\DAFStudio\backend\.venv\Lib\site-packages\asyncpg\connect_utils.py", line 969, in _create_ssl_connection
    tr, pr = await loop.create_connection(
             ^^^^^^^^^^^^^^^^^^^^^^^^^^^^^
    ...<2 lines>...
        host, port)
        ^^^^^^^^^^^
  File "C:\Users\agust\AppData\Roaming\uv\python\cpython-3.14-windows-x86_64-none\Lib\asyncio\base_events.py", line 1176, in create_connection
    raise OSError('Multiple exceptions: {}'.format(
        ', '.join(str(exc) for exc in exceptions)))
OSError: Multiple exceptions: [Errno 10061] Connect call failed ('::1', 5432, 0, 0), [Errno 10061] Connect call failed ('127.0.0.1', 5432)
2026-07-21 22:27:56,021 INFO    apscheduler.executors.default: Job "_run_matcher_job (trigger: interval[0:00:20], next run at: 2026-07-21 22:28:11 CEST)" executed successfully
2026-07-21 22:28:00,692 INFO    apscheduler.executors.default: Running job "_run_matcher_job (trigger: interval[0:00:20], next run at: 2026-07-21 22:28:20 CEST)" (scheduled at 2026-07-21 22:28:00.686898+02:00)
2026-07-21 22:28:04,771 ERROR   dafstudio: [matcher cron] run failed
Traceback (most recent call last):
  File "C:\apps\personal\DAFStudio\backend\loader_app.py", line 58, in _run_matcher_job
    await Matcher().run()
  File "C:\apps\personal\DAFStudio\backend\apps\matchmaking\service\matcher.py", line 138, in run
    await self.expire_stale()
  File "C:\apps\personal\DAFStudio\backend\apps\matchmaking\service\matcher.py", line 149, in expire_stale
    game_ids = await MatchmakingTicketModel().list_stale_game_ids(
               ^^^^^^^^^^^^^^^^^^^^^^^^^^^^^^^^^^^^^^^^^^^^^^^^^^^
        timeout_seconds=ACCEPTANCE_TIMEOUT_SECONDS
        ^^^^^^^^^^^^^^^^^^^^^^^^^^^^^^^^^^^^^^^^^^
    )
    ^
  File "C:\apps\personal\DAFStudio\backend\apps\matchmaking\models\models.py", line 229, in list_stale_game_ids
    async with self.get_db_connection() as connection:
               ~~~~~~~~~~~~~~~~~~~~~~^^
  File "C:\Users\agust\AppData\Roaming\uv\python\cpython-3.14-windows-x86_64-none\Lib\contextlib.py", line 214, in __aenter__
    return await anext(self.gen)
           ^^^^^^^^^^^^^^^^^^^^^
  File "C:\apps\personal\DAFStudio\backend\apps\matchmaking\models\__init__.py", line 16, in get_db_connection
    async with connection_pool.acquire() as connection:
               ~~~~~~~~~~~~~~~~~~~~~~~^^
  File "C:\apps\personal\DAFStudio\backend\.venv\Lib\site-packages\asyncpg\pool.py", line 1056, in __aenter__
    self.connection = await self.pool._acquire(self.timeout)
                      ^^^^^^^^^^^^^^^^^^^^^^^^^^^^^^^^^^^^^^
  File "C:\apps\personal\DAFStudio\backend\.venv\Lib\site-packages\asyncpg\pool.py", line 896, in _acquire
    return await _acquire_impl()
           ^^^^^^^^^^^^^^^^^^^^^
  File "C:\apps\personal\DAFStudio\backend\.venv\Lib\site-packages\asyncpg\pool.py", line 881, in _acquire_impl
    proxy = await ch.acquire()  # type: PoolConnectionProxy
            ^^^^^^^^^^^^^^^^^^
  File "C:\apps\personal\DAFStudio\backend\.venv\Lib\site-packages\asyncpg\pool.py", line 161, in acquire
    await self.connect()
  File "C:\apps\personal\DAFStudio\backend\.venv\Lib\site-packages\asyncpg\pool.py", line 153, in connect
    self._con = await self._pool._get_new_connection()
                ^^^^^^^^^^^^^^^^^^^^^^^^^^^^^^^^^^^^^^
  File "C:\apps\personal\DAFStudio\backend\.venv\Lib\site-packages\asyncpg\pool.py", line 538, in _get_new_connection
    con = await self._connect(
          ^^^^^^^^^^^^^^^^^^^^
    ...<5 lines>...
    )
    ^
  File "C:\apps\personal\DAFStudio\backend\.venv\Lib\site-packages\asyncpg\connection.py", line 2443, in connect
    return await connect_utils._connect(
           ^^^^^^^^^^^^^^^^^^^^^^^^^^^^^
    ...<22 lines>...
    )
    ^
  File "C:\apps\personal\DAFStudio\backend\.venv\Lib\site-packages\asyncpg\connect_utils.py", line 1249, in _connect
    raise last_error or exceptions.TargetServerAttributeNotMatched(
    ...<2 lines>...
    )
  File "C:\apps\personal\DAFStudio\backend\.venv\Lib\site-packages\asyncpg\connect_utils.py", line 1218, in _connect
    conn = await _connect_addr(
           ^^^^^^^^^^^^^^^^^^^^
    ...<6 lines>...
    )
    ^
  File "C:\apps\personal\DAFStudio\backend\.venv\Lib\site-packages\asyncpg\connect_utils.py", line 1054, in _connect_addr
    return await __connect_addr(params, True, *args)
           ^^^^^^^^^^^^^^^^^^^^^^^^^^^^^^^^^^^^^^^^^
  File "C:\apps\personal\DAFStudio\backend\.venv\Lib\site-packages\asyncpg\connect_utils.py", line 1099, in __connect_addr
    tr, pr = await connector
             ^^^^^^^^^^^^^^^
  File "C:\apps\personal\DAFStudio\backend\.venv\Lib\site-packages\asyncpg\connect_utils.py", line 969, in _create_ssl_connection
    tr, pr = await loop.create_connection(
             ^^^^^^^^^^^^^^^^^^^^^^^^^^^^^
    ...<2 lines>...
        host, port)
        ^^^^^^^^^^^
  File "C:\Users\agust\AppData\Roaming\uv\python\cpython-3.14-windows-x86_64-none\Lib\asyncio\base_events.py", line 1176, in create_connection
    raise OSError('Multiple exceptions: {}'.format(
        ', '.join(str(exc) for exc in exceptions)))
OSError: Multiple exceptions: [Errno 10061] Connect call failed ('::1', 5432, 0, 0), [Errno 10061] Connect call failed ('127.0.0.1', 5432)
2026-07-21 22:28:04,772 INFO    apscheduler.executors.default: Job "_run_matcher_job (trigger: interval[0:00:20], next run at: 2026-07-21 22:28:20 CEST)" executed successfully
2026-07-21 22:28:11,960 INFO    apscheduler.executors.default: Running job "_run_matcher_job (trigger: interval[0:00:20], next run at: 2026-07-21 22:28:31 CEST)" (scheduled at 2026-07-21 22:28:11.951514+02:00)
2026-07-21 22:28:16,021 ERROR   dafstudio: [matcher cron] run failed
Traceback (most recent call last):
  File "C:\apps\personal\DAFStudio\backend\loader_app.py", line 58, in _run_matcher_job
    await Matcher().run()
  File "C:\apps\personal\DAFStudio\backend\apps\matchmaking\service\matcher.py", line 138, in run
    await self.expire_stale()
  File "C:\apps\personal\DAFStudio\backend\apps\matchmaking\service\matcher.py", line 149, in expire_stale
    game_ids = await MatchmakingTicketModel().list_stale_game_ids(
               ^^^^^^^^^^^^^^^^^^^^^^^^^^^^^^^^^^^^^^^^^^^^^^^^^^^
        timeout_seconds=ACCEPTANCE_TIMEOUT_SECONDS
        ^^^^^^^^^^^^^^^^^^^^^^^^^^^^^^^^^^^^^^^^^^
    )
    ^
  File "C:\apps\personal\DAFStudio\backend\apps\matchmaking\models\models.py", line 229, in list_stale_game_ids
    async with self.get_db_connection() as connection:
               ~~~~~~~~~~~~~~~~~~~~~~^^
  File "C:\Users\agust\AppData\Roaming\uv\python\cpython-3.14-windows-x86_64-none\Lib\contextlib.py", line 214, in __aenter__
    return await anext(self.gen)
           ^^^^^^^^^^^^^^^^^^^^^
  File "C:\apps\personal\DAFStudio\backend\apps\matchmaking\models\__init__.py", line 16, in get_db_connection
    async with connection_pool.acquire() as connection:
               ~~~~~~~~~~~~~~~~~~~~~~~^^
  File "C:\apps\personal\DAFStudio\backend\.venv\Lib\site-packages\asyncpg\pool.py", line 1056, in __aenter__
    self.connection = await self.pool._acquire(self.timeout)
                      ^^^^^^^^^^^^^^^^^^^^^^^^^^^^^^^^^^^^^^
  File "C:\apps\personal\DAFStudio\backend\.venv\Lib\site-packages\asyncpg\pool.py", line 896, in _acquire
    return await _acquire_impl()
           ^^^^^^^^^^^^^^^^^^^^^
  File "C:\apps\personal\DAFStudio\backend\.venv\Lib\site-packages\asyncpg\pool.py", line 881, in _acquire_impl
    proxy = await ch.acquire()  # type: PoolConnectionProxy
            ^^^^^^^^^^^^^^^^^^
  File "C:\apps\personal\DAFStudio\backend\.venv\Lib\site-packages\asyncpg\pool.py", line 161, in acquire
    await self.connect()
  File "C:\apps\personal\DAFStudio\backend\.venv\Lib\site-packages\asyncpg\pool.py", line 153, in connect
    self._con = await self._pool._get_new_connection()
                ^^^^^^^^^^^^^^^^^^^^^^^^^^^^^^^^^^^^^^
  File "C:\apps\personal\DAFStudio\backend\.venv\Lib\site-packages\asyncpg\pool.py", line 538, in _get_new_connection
    con = await self._connect(
          ^^^^^^^^^^^^^^^^^^^^
    ...<5 lines>...
    )
    ^
  File "C:\apps\personal\DAFStudio\backend\.venv\Lib\site-packages\asyncpg\connection.py", line 2443, in connect
    return await connect_utils._connect(
           ^^^^^^^^^^^^^^^^^^^^^^^^^^^^^
    ...<22 lines>...
    )
    ^
  File "C:\apps\personal\DAFStudio\backend\.venv\Lib\site-packages\asyncpg\connect_utils.py", line 1249, in _connect
    raise last_error or exceptions.TargetServerAttributeNotMatched(
    ...<2 lines>...
    )
  File "C:\apps\personal\DAFStudio\backend\.venv\Lib\site-packages\asyncpg\connect_utils.py", line 1218, in _connect
    conn = await _connect_addr(
           ^^^^^^^^^^^^^^^^^^^^
    ...<6 lines>...
    )
    ^
  File "C:\apps\personal\DAFStudio\backend\.venv\Lib\site-packages\asyncpg\connect_utils.py", line 1054, in _connect_addr
    return await __connect_addr(params, True, *args)
           ^^^^^^^^^^^^^^^^^^^^^^^^^^^^^^^^^^^^^^^^^
  File "C:\apps\personal\DAFStudio\backend\.venv\Lib\site-packages\asyncpg\connect_utils.py", line 1099, in __connect_addr
    tr, pr = await connector
             ^^^^^^^^^^^^^^^
  File "C:\apps\personal\DAFStudio\backend\.venv\Lib\site-packages\asyncpg\connect_utils.py", line 969, in _create_ssl_connection
    tr, pr = await loop.create_connection(
             ^^^^^^^^^^^^^^^^^^^^^^^^^^^^^
    ...<2 lines>...
        host, port)
        ^^^^^^^^^^^
  File "C:\Users\agust\AppData\Roaming\uv\python\cpython-3.14-windows-x86_64-none\Lib\asyncio\base_events.py", line 1176, in create_connection
    raise OSError('Multiple exceptions: {}'.format(
        ', '.join(str(exc) for exc in exceptions)))
OSError: Multiple exceptions: [Errno 10061] Connect call failed ('::1', 5432, 0, 0), [Errno 10061] Connect call failed ('127.0.0.1', 5432)
2026-07-21 22:28:16,023 INFO    apscheduler.executors.default: Job "_run_matcher_job (trigger: interval[0:00:20], next run at: 2026-07-21 22:28:31 CEST)" executed successfully
2026-07-21 22:28:20,701 INFO    apscheduler.executors.default: Running job "_run_matcher_job (trigger: interval[0:00:20], next run at: 2026-07-21 22:28:40 CEST)" (scheduled at 2026-07-21 22:28:20.686898+02:00)
2026-07-21 22:28:24,793 ERROR   dafstudio: [matcher cron] run failed
Traceback (most recent call last):
  File "C:\apps\personal\DAFStudio\backend\loader_app.py", line 58, in _run_matcher_job
    await Matcher().run()
  File "C:\apps\personal\DAFStudio\backend\apps\matchmaking\service\matcher.py", line 138, in run
    await self.expire_stale()
  File "C:\apps\personal\DAFStudio\backend\apps\matchmaking\service\matcher.py", line 149, in expire_stale
    game_ids = await MatchmakingTicketModel().list_stale_game_ids(
               ^^^^^^^^^^^^^^^^^^^^^^^^^^^^^^^^^^^^^^^^^^^^^^^^^^^
        timeout_seconds=ACCEPTANCE_TIMEOUT_SECONDS
        ^^^^^^^^^^^^^^^^^^^^^^^^^^^^^^^^^^^^^^^^^^
    )
    ^
  File "C:\apps\personal\DAFStudio\backend\apps\matchmaking\models\models.py", line 229, in list_stale_game_ids
    async with self.get_db_connection() as connection:
               ~~~~~~~~~~~~~~~~~~~~~~^^
  File "C:\Users\agust\AppData\Roaming\uv\python\cpython-3.14-windows-x86_64-none\Lib\contextlib.py", line 214, in __aenter__
    return await anext(self.gen)
           ^^^^^^^^^^^^^^^^^^^^^
  File "C:\apps\personal\DAFStudio\backend\apps\matchmaking\models\__init__.py", line 16, in get_db_connection
    async with connection_pool.acquire() as connection:
               ~~~~~~~~~~~~~~~~~~~~~~~^^
  File "C:\apps\personal\DAFStudio\backend\.venv\Lib\site-packages\asyncpg\pool.py", line 1056, in __aenter__
    self.connection = await self.pool._acquire(self.timeout)
                      ^^^^^^^^^^^^^^^^^^^^^^^^^^^^^^^^^^^^^^
  File "C:\apps\personal\DAFStudio\backend\.venv\Lib\site-packages\asyncpg\pool.py", line 896, in _acquire
    return await _acquire_impl()
           ^^^^^^^^^^^^^^^^^^^^^
  File "C:\apps\personal\DAFStudio\backend\.venv\Lib\site-packages\asyncpg\pool.py", line 881, in _acquire_impl
    proxy = await ch.acquire()  # type: PoolConnectionProxy
            ^^^^^^^^^^^^^^^^^^
  File "C:\apps\personal\DAFStudio\backend\.venv\Lib\site-packages\asyncpg\pool.py", line 161, in acquire
    await self.connect()
  File "C:\apps\personal\DAFStudio\backend\.venv\Lib\site-packages\asyncpg\pool.py", line 153, in connect
    self._con = await self._pool._get_new_connection()
                ^^^^^^^^^^^^^^^^^^^^^^^^^^^^^^^^^^^^^^
  File "C:\apps\personal\DAFStudio\backend\.venv\Lib\site-packages\asyncpg\pool.py", line 538, in _get_new_connection
    con = await self._connect(
          ^^^^^^^^^^^^^^^^^^^^
    ...<5 lines>...
    )
    ^
  File "C:\apps\personal\DAFStudio\backend\.venv\Lib\site-packages\asyncpg\connection.py", line 2443, in connect
    return await connect_utils._connect(
           ^^^^^^^^^^^^^^^^^^^^^^^^^^^^^
    ...<22 lines>...
    )
    ^
  File "C:\apps\personal\DAFStudio\backend\.venv\Lib\site-packages\asyncpg\connect_utils.py", line 1249, in _connect
    raise last_error or exceptions.TargetServerAttributeNotMatched(
    ...<2 lines>...
    )
  File "C:\apps\personal\DAFStudio\backend\.venv\Lib\site-packages\asyncpg\connect_utils.py", line 1218, in _connect
    conn = await _connect_addr(
           ^^^^^^^^^^^^^^^^^^^^
    ...<6 lines>...
    )
    ^
  File "C:\apps\personal\DAFStudio\backend\.venv\Lib\site-packages\asyncpg\connect_utils.py", line 1054, in _connect_addr
    return await __connect_addr(params, True, *args)
           ^^^^^^^^^^^^^^^^^^^^^^^^^^^^^^^^^^^^^^^^^
  File "C:\apps\personal\DAFStudio\backend\.venv\Lib\site-packages\asyncpg\connect_utils.py", line 1099, in __connect_addr
    tr, pr = await connector
             ^^^^^^^^^^^^^^^
  File "C:\apps\personal\DAFStudio\backend\.venv\Lib\site-packages\asyncpg\connect_utils.py", line 969, in _create_ssl_connection
    tr, pr = await loop.create_connection(
             ^^^^^^^^^^^^^^^^^^^^^^^^^^^^^
    ...<2 lines>...
        host, port)
        ^^^^^^^^^^^
  File "C:\Users\agust\AppData\Roaming\uv\python\cpython-3.14-windows-x86_64-none\Lib\asyncio\base_events.py", line 1176, in create_connection
    raise OSError('Multiple exceptions: {}'.format(
        ', '.join(str(exc) for exc in exceptions)))
OSError: Multiple exceptions: [Errno 10061] Connect call failed ('::1', 5432, 0, 0), [Errno 10061] Connect call failed ('127.0.0.1', 5432)
2026-07-21 22:28:24,794 INFO    apscheduler.executors.default: Job "_run_matcher_job (trigger: interval[0:00:20], next run at: 2026-07-21 22:28:40 CEST)" executed successfully
2026-07-21 22:28:31,962 INFO    apscheduler.executors.default: Running job "_run_matcher_job (trigger: interval[0:00:20], next run at: 2026-07-21 22:28:51 CEST)" (scheduled at 2026-07-21 22:28:31.951514+02:00)
2026-07-21 22:28:36,016 ERROR   dafstudio: [matcher cron] run failed
Traceback (most recent call last):
  File "C:\apps\personal\DAFStudio\backend\loader_app.py", line 58, in _run_matcher_job
    await Matcher().run()
  File "C:\apps\personal\DAFStudio\backend\apps\matchmaking\service\matcher.py", line 138, in run
    await self.expire_stale()
  File "C:\apps\personal\DAFStudio\backend\apps\matchmaking\service\matcher.py", line 149, in expire_stale
    game_ids = await MatchmakingTicketModel().list_stale_game_ids(
               ^^^^^^^^^^^^^^^^^^^^^^^^^^^^^^^^^^^^^^^^^^^^^^^^^^^
        timeout_seconds=ACCEPTANCE_TIMEOUT_SECONDS
        ^^^^^^^^^^^^^^^^^^^^^^^^^^^^^^^^^^^^^^^^^^
    )
    ^
  File "C:\apps\personal\DAFStudio\backend\apps\matchmaking\models\models.py", line 229, in list_stale_game_ids
    async with self.get_db_connection() as connection:
               ~~~~~~~~~~~~~~~~~~~~~~^^
  File "C:\Users\agust\AppData\Roaming\uv\python\cpython-3.14-windows-x86_64-none\Lib\contextlib.py", line 214, in __aenter__
    return await anext(self.gen)
           ^^^^^^^^^^^^^^^^^^^^^
  File "C:\apps\personal\DAFStudio\backend\apps\matchmaking\models\__init__.py", line 16, in get_db_connection
    async with connection_pool.acquire() as connection:
               ~~~~~~~~~~~~~~~~~~~~~~~^^
  File "C:\apps\personal\DAFStudio\backend\.venv\Lib\site-packages\asyncpg\pool.py", line 1056, in __aenter__
    self.connection = await self.pool._acquire(self.timeout)
                      ^^^^^^^^^^^^^^^^^^^^^^^^^^^^^^^^^^^^^^
  File "C:\apps\personal\DAFStudio\backend\.venv\Lib\site-packages\asyncpg\pool.py", line 896, in _acquire
    return await _acquire_impl()
           ^^^^^^^^^^^^^^^^^^^^^
  File "C:\apps\personal\DAFStudio\backend\.venv\Lib\site-packages\asyncpg\pool.py", line 881, in _acquire_impl
    proxy = await ch.acquire()  # type: PoolConnectionProxy
            ^^^^^^^^^^^^^^^^^^
  File "C:\apps\personal\DAFStudio\backend\.venv\Lib\site-packages\asyncpg\pool.py", line 161, in acquire
    await self.connect()
  File "C:\apps\personal\DAFStudio\backend\.venv\Lib\site-packages\asyncpg\pool.py", line 153, in connect
    self._con = await self._pool._get_new_connection()
                ^^^^^^^^^^^^^^^^^^^^^^^^^^^^^^^^^^^^^^
  File "C:\apps\personal\DAFStudio\backend\.venv\Lib\site-packages\asyncpg\pool.py", line 538, in _get_new_connection
    con = await self._connect(
          ^^^^^^^^^^^^^^^^^^^^
    ...<5 lines>...
    )
    ^
  File "C:\apps\personal\DAFStudio\backend\.venv\Lib\site-packages\asyncpg\connection.py", line 2443, in connect
    return await connect_utils._connect(
           ^^^^^^^^^^^^^^^^^^^^^^^^^^^^^
    ...<22 lines>...
    )
    ^
  File "C:\apps\personal\DAFStudio\backend\.venv\Lib\site-packages\asyncpg\connect_utils.py", line 1249, in _connect
    raise last_error or exceptions.TargetServerAttributeNotMatched(
    ...<2 lines>...
    )
  File "C:\apps\personal\DAFStudio\backend\.venv\Lib\site-packages\asyncpg\connect_utils.py", line 1218, in _connect
    conn = await _connect_addr(
           ^^^^^^^^^^^^^^^^^^^^
    ...<6 lines>...
    )
    ^
  File "C:\apps\personal\DAFStudio\backend\.venv\Lib\site-packages\asyncpg\connect_utils.py", line 1054, in _connect_addr
    return await __connect_addr(params, True, *args)
           ^^^^^^^^^^^^^^^^^^^^^^^^^^^^^^^^^^^^^^^^^
  File "C:\apps\personal\DAFStudio\backend\.venv\Lib\site-packages\asyncpg\connect_utils.py", line 1099, in __connect_addr
    tr, pr = await connector
             ^^^^^^^^^^^^^^^
  File "C:\apps\personal\DAFStudio\backend\.venv\Lib\site-packages\asyncpg\connect_utils.py", line 969, in _create_ssl_connection
    tr, pr = await loop.create_connection(
             ^^^^^^^^^^^^^^^^^^^^^^^^^^^^^
    ...<2 lines>...
        host, port)
        ^^^^^^^^^^^
  File "C:\Users\agust\AppData\Roaming\uv\python\cpython-3.14-windows-x86_64-none\Lib\asyncio\base_events.py", line 1176, in create_connection
    raise OSError('Multiple exceptions: {}'.format(
        ', '.join(str(exc) for exc in exceptions)))
OSError: Multiple exceptions: [Errno 10061] Connect call failed ('::1', 5432, 0, 0), [Errno 10061] Connect call failed ('127.0.0.1', 5432)
2026-07-21 22:28:36,017 INFO    apscheduler.executors.default: Job "_run_matcher_job (trigger: interval[0:00:20], next run at: 2026-07-21 22:28:51 CEST)" executed successfully
2026-07-21 22:28:40,702 INFO    apscheduler.executors.default: Running job "_run_matcher_job (trigger: interval[0:00:20], next run at: 2026-07-21 22:29:00 CEST)" (scheduled at 2026-07-21 22:28:40.686898+02:00)
2026-07-21 22:28:44,760 ERROR   dafstudio: [matcher cron] run failed
Traceback (most recent call last):
  File "C:\apps\personal\DAFStudio\backend\loader_app.py", line 58, in _run_matcher_job
    await Matcher().run()
  File "C:\apps\personal\DAFStudio\backend\apps\matchmaking\service\matcher.py", line 138, in run
    await self.expire_stale()
  File "C:\apps\personal\DAFStudio\backend\apps\matchmaking\service\matcher.py", line 149, in expire_stale
    game_ids = await MatchmakingTicketModel().list_stale_game_ids(
               ^^^^^^^^^^^^^^^^^^^^^^^^^^^^^^^^^^^^^^^^^^^^^^^^^^^
        timeout_seconds=ACCEPTANCE_TIMEOUT_SECONDS
        ^^^^^^^^^^^^^^^^^^^^^^^^^^^^^^^^^^^^^^^^^^
    )
    ^
  File "C:\apps\personal\DAFStudio\backend\apps\matchmaking\models\models.py", line 229, in list_stale_game_ids
    async with self.get_db_connection() as connection:
               ~~~~~~~~~~~~~~~~~~~~~~^^
  File "C:\Users\agust\AppData\Roaming\uv\python\cpython-3.14-windows-x86_64-none\Lib\contextlib.py", line 214, in __aenter__
    return await anext(self.gen)
           ^^^^^^^^^^^^^^^^^^^^^
  File "C:\apps\personal\DAFStudio\backend\apps\matchmaking\models\__init__.py", line 16, in get_db_connection
    async with connection_pool.acquire() as connection:
               ~~~~~~~~~~~~~~~~~~~~~~~^^
  File "C:\apps\personal\DAFStudio\backend\.venv\Lib\site-packages\asyncpg\pool.py", line 1056, in __aenter__
    self.connection = await self.pool._acquire(self.timeout)
                      ^^^^^^^^^^^^^^^^^^^^^^^^^^^^^^^^^^^^^^
  File "C:\apps\personal\DAFStudio\backend\.venv\Lib\site-packages\asyncpg\pool.py", line 896, in _acquire
    return await _acquire_impl()
           ^^^^^^^^^^^^^^^^^^^^^
  File "C:\apps\personal\DAFStudio\backend\.venv\Lib\site-packages\asyncpg\pool.py", line 881, in _acquire_impl
    proxy = await ch.acquire()  # type: PoolConnectionProxy
            ^^^^^^^^^^^^^^^^^^
  File "C:\apps\personal\DAFStudio\backend\.venv\Lib\site-packages\asyncpg\pool.py", line 161, in acquire
    await self.connect()
  File "C:\apps\personal\DAFStudio\backend\.venv\Lib\site-packages\asyncpg\pool.py", line 153, in connect
    self._con = await self._pool._get_new_connection()
                ^^^^^^^^^^^^^^^^^^^^^^^^^^^^^^^^^^^^^^
  File "C:\apps\personal\DAFStudio\backend\.venv\Lib\site-packages\asyncpg\pool.py", line 538, in _get_new_connection
    con = await self._connect(
          ^^^^^^^^^^^^^^^^^^^^
    ...<5 lines>...
    )
    ^
  File "C:\apps\personal\DAFStudio\backend\.venv\Lib\site-packages\asyncpg\connection.py", line 2443, in connect
    return await connect_utils._connect(
           ^^^^^^^^^^^^^^^^^^^^^^^^^^^^^
    ...<22 lines>...
    )
    ^
  File "C:\apps\personal\DAFStudio\backend\.venv\Lib\site-packages\asyncpg\connect_utils.py", line 1249, in _connect
    raise last_error or exceptions.TargetServerAttributeNotMatched(
    ...<2 lines>...
    )
  File "C:\apps\personal\DAFStudio\backend\.venv\Lib\site-packages\asyncpg\connect_utils.py", line 1218, in _connect
    conn = await _connect_addr(
           ^^^^^^^^^^^^^^^^^^^^
    ...<6 lines>...
    )
    ^
  File "C:\apps\personal\DAFStudio\backend\.venv\Lib\site-packages\asyncpg\connect_utils.py", line 1054, in _connect_addr
    return await __connect_addr(params, True, *args)
           ^^^^^^^^^^^^^^^^^^^^^^^^^^^^^^^^^^^^^^^^^
  File "C:\apps\personal\DAFStudio\backend\.venv\Lib\site-packages\asyncpg\connect_utils.py", line 1099, in __connect_addr
    tr, pr = await connector
             ^^^^^^^^^^^^^^^
  File "C:\apps\personal\DAFStudio\backend\.venv\Lib\site-packages\asyncpg\connect_utils.py", line 969, in _create_ssl_connection
    tr, pr = await loop.create_connection(
             ^^^^^^^^^^^^^^^^^^^^^^^^^^^^^
    ...<2 lines>...
        host, port)
        ^^^^^^^^^^^
  File "C:\Users\agust\AppData\Roaming\uv\python\cpython-3.14-windows-x86_64-none\Lib\asyncio\base_events.py", line 1176, in create_connection
    raise OSError('Multiple exceptions: {}'.format(
        ', '.join(str(exc) for exc in exceptions)))
OSError: Multiple exceptions: [Errno 10061] Connect call failed ('::1', 5432, 0, 0), [Errno 10061] Connect call failed ('127.0.0.1', 5432)
2026-07-21 22:28:44,762 INFO    apscheduler.executors.default: Job "_run_matcher_job (trigger: interval[0:00:20], next run at: 2026-07-21 22:29:00 CEST)" executed successfully
2026-07-21 22:28:51,956 INFO    apscheduler.executors.default: Running job "_run_matcher_job (trigger: interval[0:00:20], next run at: 2026-07-21 22:29:11 CEST)" (scheduled at 2026-07-21 22:28:51.951514+02:00)
2026-07-21 22:28:56,032 ERROR   dafstudio: [matcher cron] run failed
Traceback (most recent call last):
  File "C:\apps\personal\DAFStudio\backend\loader_app.py", line 58, in _run_matcher_job
    await Matcher().run()
  File "C:\apps\personal\DAFStudio\backend\apps\matchmaking\service\matcher.py", line 138, in run
    await self.expire_stale()
  File "C:\apps\personal\DAFStudio\backend\apps\matchmaking\service\matcher.py", line 149, in expire_stale
    game_ids = await MatchmakingTicketModel().list_stale_game_ids(
               ^^^^^^^^^^^^^^^^^^^^^^^^^^^^^^^^^^^^^^^^^^^^^^^^^^^
        timeout_seconds=ACCEPTANCE_TIMEOUT_SECONDS
        ^^^^^^^^^^^^^^^^^^^^^^^^^^^^^^^^^^^^^^^^^^
    )
    ^
  File "C:\apps\personal\DAFStudio\backend\apps\matchmaking\models\models.py", line 229, in list_stale_game_ids
    async with self.get_db_connection() as connection:
               ~~~~~~~~~~~~~~~~~~~~~~^^
  File "C:\Users\agust\AppData\Roaming\uv\python\cpython-3.14-windows-x86_64-none\Lib\contextlib.py", line 214, in __aenter__
    return await anext(self.gen)
           ^^^^^^^^^^^^^^^^^^^^^
  File "C:\apps\personal\DAFStudio\backend\apps\matchmaking\models\__init__.py", line 16, in get_db_connection
    async with connection_pool.acquire() as connection:
               ~~~~~~~~~~~~~~~~~~~~~~~^^
  File "C:\apps\personal\DAFStudio\backend\.venv\Lib\site-packages\asyncpg\pool.py", line 1056, in __aenter__
    self.connection = await self.pool._acquire(self.timeout)
                      ^^^^^^^^^^^^^^^^^^^^^^^^^^^^^^^^^^^^^^
  File "C:\apps\personal\DAFStudio\backend\.venv\Lib\site-packages\asyncpg\pool.py", line 896, in _acquire
    return await _acquire_impl()
           ^^^^^^^^^^^^^^^^^^^^^
  File "C:\apps\personal\DAFStudio\backend\.venv\Lib\site-packages\asyncpg\pool.py", line 881, in _acquire_impl
    proxy = await ch.acquire()  # type: PoolConnectionProxy
            ^^^^^^^^^^^^^^^^^^
  File "C:\apps\personal\DAFStudio\backend\.venv\Lib\site-packages\asyncpg\pool.py", line 161, in acquire
    await self.connect()
  File "C:\apps\personal\DAFStudio\backend\.venv\Lib\site-packages\asyncpg\pool.py", line 153, in connect
    self._con = await self._pool._get_new_connection()
                ^^^^^^^^^^^^^^^^^^^^^^^^^^^^^^^^^^^^^^
  File "C:\apps\personal\DAFStudio\backend\.venv\Lib\site-packages\asyncpg\pool.py", line 538, in _get_new_connection
    con = await self._connect(
          ^^^^^^^^^^^^^^^^^^^^
    ...<5 lines>...
    )
    ^
  File "C:\apps\personal\DAFStudio\backend\.venv\Lib\site-packages\asyncpg\connection.py", line 2443, in connect
    return await connect_utils._connect(
           ^^^^^^^^^^^^^^^^^^^^^^^^^^^^^
    ...<22 lines>...
    )
    ^
  File "C:\apps\personal\DAFStudio\backend\.venv\Lib\site-packages\asyncpg\connect_utils.py", line 1249, in _connect
    raise last_error or exceptions.TargetServerAttributeNotMatched(
    ...<2 lines>...
    )
  File "C:\apps\personal\DAFStudio\backend\.venv\Lib\site-packages\asyncpg\connect_utils.py", line 1218, in _connect
    conn = await _connect_addr(
           ^^^^^^^^^^^^^^^^^^^^
    ...<6 lines>...
    )
    ^
  File "C:\apps\personal\DAFStudio\backend\.venv\Lib\site-packages\asyncpg\connect_utils.py", line 1054, in _connect_addr
    return await __connect_addr(params, True, *args)
           ^^^^^^^^^^^^^^^^^^^^^^^^^^^^^^^^^^^^^^^^^
  File "C:\apps\personal\DAFStudio\backend\.venv\Lib\site-packages\asyncpg\connect_utils.py", line 1099, in __connect_addr
    tr, pr = await connector
             ^^^^^^^^^^^^^^^
  File "C:\apps\personal\DAFStudio\backend\.venv\Lib\site-packages\asyncpg\connect_utils.py", line 969, in _create_ssl_connection
    tr, pr = await loop.create_connection(
             ^^^^^^^^^^^^^^^^^^^^^^^^^^^^^
    ...<2 lines>...
        host, port)
        ^^^^^^^^^^^
  File "C:\Users\agust\AppData\Roaming\uv\python\cpython-3.14-windows-x86_64-none\Lib\asyncio\base_events.py", line 1176, in create_connection
    raise OSError('Multiple exceptions: {}'.format(
        ', '.join(str(exc) for exc in exceptions)))
OSError: Multiple exceptions: [Errno 10061] Connect call failed ('::1', 5432, 0, 0), [Errno 10061] Connect call failed ('127.0.0.1', 5432)
2026-07-21 22:28:56,034 INFO    apscheduler.executors.default: Job "_run_matcher_job (trigger: interval[0:00:20], next run at: 2026-07-21 22:29:11 CEST)" executed successfully
2026-07-21 22:29:00,696 INFO    apscheduler.executors.default: Running job "_run_matcher_job (trigger: interval[0:00:20], next run at: 2026-07-21 22:29:20 CEST)" (scheduled at 2026-07-21 22:29:00.686898+02:00)
2026-07-21 22:29:04,786 ERROR   dafstudio: [matcher cron] run failed
Traceback (most recent call last):
  File "C:\apps\personal\DAFStudio\backend\loader_app.py", line 58, in _run_matcher_job
    await Matcher().run()
  File "C:\apps\personal\DAFStudio\backend\apps\matchmaking\service\matcher.py", line 138, in run
    await self.expire_stale()
  File "C:\apps\personal\DAFStudio\backend\apps\matchmaking\service\matcher.py", line 149, in expire_stale
    game_ids = await MatchmakingTicketModel().list_stale_game_ids(
               ^^^^^^^^^^^^^^^^^^^^^^^^^^^^^^^^^^^^^^^^^^^^^^^^^^^
        timeout_seconds=ACCEPTANCE_TIMEOUT_SECONDS
        ^^^^^^^^^^^^^^^^^^^^^^^^^^^^^^^^^^^^^^^^^^
    )
    ^
  File "C:\apps\personal\DAFStudio\backend\apps\matchmaking\models\models.py", line 229, in list_stale_game_ids
    async with self.get_db_connection() as connection:
               ~~~~~~~~~~~~~~~~~~~~~~^^
  File "C:\Users\agust\AppData\Roaming\uv\python\cpython-3.14-windows-x86_64-none\Lib\contextlib.py", line 214, in __aenter__
    return await anext(self.gen)
           ^^^^^^^^^^^^^^^^^^^^^
  File "C:\apps\personal\DAFStudio\backend\apps\matchmaking\models\__init__.py", line 16, in get_db_connection
    async with connection_pool.acquire() as connection:
               ~~~~~~~~~~~~~~~~~~~~~~~^^
  File "C:\apps\personal\DAFStudio\backend\.venv\Lib\site-packages\asyncpg\pool.py", line 1056, in __aenter__
    self.connection = await self.pool._acquire(self.timeout)
                      ^^^^^^^^^^^^^^^^^^^^^^^^^^^^^^^^^^^^^^
  File "C:\apps\personal\DAFStudio\backend\.venv\Lib\site-packages\asyncpg\pool.py", line 896, in _acquire
    return await _acquire_impl()
           ^^^^^^^^^^^^^^^^^^^^^
  File "C:\apps\personal\DAFStudio\backend\.venv\Lib\site-packages\asyncpg\pool.py", line 881, in _acquire_impl
    proxy = await ch.acquire()  # type: PoolConnectionProxy
            ^^^^^^^^^^^^^^^^^^
  File "C:\apps\personal\DAFStudio\backend\.venv\Lib\site-packages\asyncpg\pool.py", line 161, in acquire
    await self.connect()
  File "C:\apps\personal\DAFStudio\backend\.venv\Lib\site-packages\asyncpg\pool.py", line 153, in connect
    self._con = await self._pool._get_new_connection()
                ^^^^^^^^^^^^^^^^^^^^^^^^^^^^^^^^^^^^^^
  File "C:\apps\personal\DAFStudio\backend\.venv\Lib\site-packages\asyncpg\pool.py", line 538, in _get_new_connection
    con = await self._connect(
          ^^^^^^^^^^^^^^^^^^^^
    ...<5 lines>...
    )
    ^
  File "C:\apps\personal\DAFStudio\backend\.venv\Lib\site-packages\asyncpg\connection.py", line 2443, in connect
    return await connect_utils._connect(
           ^^^^^^^^^^^^^^^^^^^^^^^^^^^^^
    ...<22 lines>...
    )
    ^
  File "C:\apps\personal\DAFStudio\backend\.venv\Lib\site-packages\asyncpg\connect_utils.py", line 1249, in _connect
    raise last_error or exceptions.TargetServerAttributeNotMatched(
    ...<2 lines>...
    )
  File "C:\apps\personal\DAFStudio\backend\.venv\Lib\site-packages\asyncpg\connect_utils.py", line 1218, in _connect
    conn = await _connect_addr(
           ^^^^^^^^^^^^^^^^^^^^
    ...<6 lines>...
    )
    ^
  File "C:\apps\personal\DAFStudio\backend\.venv\Lib\site-packages\asyncpg\connect_utils.py", line 1054, in _connect_addr
    return await __connect_addr(params, True, *args)
           ^^^^^^^^^^^^^^^^^^^^^^^^^^^^^^^^^^^^^^^^^
  File "C:\apps\personal\DAFStudio\backend\.venv\Lib\site-packages\asyncpg\connect_utils.py", line 1099, in __connect_addr
    tr, pr = await connector
             ^^^^^^^^^^^^^^^
  File "C:\apps\personal\DAFStudio\backend\.venv\Lib\site-packages\asyncpg\connect_utils.py", line 969, in _create_ssl_connection
    tr, pr = await loop.create_connection(
             ^^^^^^^^^^^^^^^^^^^^^^^^^^^^^
    ...<2 lines>...
        host, port)
        ^^^^^^^^^^^
  File "C:\Users\agust\AppData\Roaming\uv\python\cpython-3.14-windows-x86_64-none\Lib\asyncio\base_events.py", line 1176, in create_connection
    raise OSError('Multiple exceptions: {}'.format(
        ', '.join(str(exc) for exc in exceptions)))
OSError: Multiple exceptions: [Errno 10061] Connect call failed ('::1', 5432, 0, 0), [Errno 10061] Connect call failed ('127.0.0.1', 5432)
2026-07-21 22:29:04,788 INFO    apscheduler.executors.default: Job "_run_matcher_job (trigger: interval[0:00:20], next run at: 2026-07-21 22:29:20 CEST)" executed successfully
2026-07-21 22:29:11,957 INFO    apscheduler.executors.default: Running job "_run_matcher_job (trigger: interval[0:00:20], next run at: 2026-07-21 22:29:31 CEST)" (scheduled at 2026-07-21 22:29:11.951514+02:00)
2026-07-21 22:29:16,022 ERROR   dafstudio: [matcher cron] run failed
Traceback (most recent call last):
  File "C:\apps\personal\DAFStudio\backend\loader_app.py", line 58, in _run_matcher_job
    await Matcher().run()
  File "C:\apps\personal\DAFStudio\backend\apps\matchmaking\service\matcher.py", line 138, in run
    await self.expire_stale()
  File "C:\apps\personal\DAFStudio\backend\apps\matchmaking\service\matcher.py", line 149, in expire_stale
    game_ids = await MatchmakingTicketModel().list_stale_game_ids(
               ^^^^^^^^^^^^^^^^^^^^^^^^^^^^^^^^^^^^^^^^^^^^^^^^^^^
        timeout_seconds=ACCEPTANCE_TIMEOUT_SECONDS
        ^^^^^^^^^^^^^^^^^^^^^^^^^^^^^^^^^^^^^^^^^^
    )
    ^
  File "C:\apps\personal\DAFStudio\backend\apps\matchmaking\models\models.py", line 229, in list_stale_game_ids
    async with self.get_db_connection() as connection:
               ~~~~~~~~~~~~~~~~~~~~~~^^
  File "C:\Users\agust\AppData\Roaming\uv\python\cpython-3.14-windows-x86_64-none\Lib\contextlib.py", line 214, in __aenter__
    return await anext(self.gen)
           ^^^^^^^^^^^^^^^^^^^^^
  File "C:\apps\personal\DAFStudio\backend\apps\matchmaking\models\__init__.py", line 16, in get_db_connection
    async with connection_pool.acquire() as connection:
               ~~~~~~~~~~~~~~~~~~~~~~~^^
  File "C:\apps\personal\DAFStudio\backend\.venv\Lib\site-packages\asyncpg\pool.py", line 1056, in __aenter__
    self.connection = await self.pool._acquire(self.timeout)
                      ^^^^^^^^^^^^^^^^^^^^^^^^^^^^^^^^^^^^^^
  File "C:\apps\personal\DAFStudio\backend\.venv\Lib\site-packages\asyncpg\pool.py", line 896, in _acquire
    return await _acquire_impl()
           ^^^^^^^^^^^^^^^^^^^^^
  File "C:\apps\personal\DAFStudio\backend\.venv\Lib\site-packages\asyncpg\pool.py", line 881, in _acquire_impl
    proxy = await ch.acquire()  # type: PoolConnectionProxy
            ^^^^^^^^^^^^^^^^^^
  File "C:\apps\personal\DAFStudio\backend\.venv\Lib\site-packages\asyncpg\pool.py", line 161, in acquire
    await self.connect()
  File "C:\apps\personal\DAFStudio\backend\.venv\Lib\site-packages\asyncpg\pool.py", line 153, in connect
    self._con = await self._pool._get_new_connection()
                ^^^^^^^^^^^^^^^^^^^^^^^^^^^^^^^^^^^^^^
  File "C:\apps\personal\DAFStudio\backend\.venv\Lib\site-packages\asyncpg\pool.py", line 538, in _get_new_connection
    con = await self._connect(
          ^^^^^^^^^^^^^^^^^^^^
    ...<5 lines>...
    )
    ^
  File "C:\apps\personal\DAFStudio\backend\.venv\Lib\site-packages\asyncpg\connection.py", line 2443, in connect
    return await connect_utils._connect(
           ^^^^^^^^^^^^^^^^^^^^^^^^^^^^^
    ...<22 lines>...
    )
    ^
  File "C:\apps\personal\DAFStudio\backend\.venv\Lib\site-packages\asyncpg\connect_utils.py", line 1249, in _connect
    raise last_error or exceptions.TargetServerAttributeNotMatched(
    ...<2 lines>...
    )
  File "C:\apps\personal\DAFStudio\backend\.venv\Lib\site-packages\asyncpg\connect_utils.py", line 1218, in _connect
    conn = await _connect_addr(
           ^^^^^^^^^^^^^^^^^^^^
    ...<6 lines>...
    )
    ^
  File "C:\apps\personal\DAFStudio\backend\.venv\Lib\site-packages\asyncpg\connect_utils.py", line 1054, in _connect_addr
    return await __connect_addr(params, True, *args)
           ^^^^^^^^^^^^^^^^^^^^^^^^^^^^^^^^^^^^^^^^^
  File "C:\apps\personal\DAFStudio\backend\.venv\Lib\site-packages\asyncpg\connect_utils.py", line 1099, in __connect_addr
    tr, pr = await connector
             ^^^^^^^^^^^^^^^
  File "C:\apps\personal\DAFStudio\backend\.venv\Lib\site-packages\asyncpg\connect_utils.py", line 969, in _create_ssl_connection
    tr, pr = await loop.create_connection(
             ^^^^^^^^^^^^^^^^^^^^^^^^^^^^^
    ...<2 lines>...
        host, port)
        ^^^^^^^^^^^
  File "C:\Users\agust\AppData\Roaming\uv\python\cpython-3.14-windows-x86_64-none\Lib\asyncio\base_events.py", line 1176, in create_connection
    raise OSError('Multiple exceptions: {}'.format(
        ', '.join(str(exc) for exc in exceptions)))
OSError: Multiple exceptions: [Errno 10061] Connect call failed ('::1', 5432, 0, 0), [Errno 10061] Connect call failed ('127.0.0.1', 5432)
2026-07-21 22:29:16,024 INFO    apscheduler.executors.default: Job "_run_matcher_job (trigger: interval[0:00:20], next run at: 2026-07-21 22:29:31 CEST)" executed successfully
2026-07-21 22:29:20,701 INFO    apscheduler.executors.default: Running job "_run_matcher_job (trigger: interval[0:00:20], next run at: 2026-07-21 22:29:40 CEST)" (scheduled at 2026-07-21 22:29:20.686898+02:00)
2026-07-21 22:29:24,743 ERROR   dafstudio: [matcher cron] run failed
Traceback (most recent call last):
  File "C:\apps\personal\DAFStudio\backend\loader_app.py", line 58, in _run_matcher_job
    await Matcher().run()
  File "C:\apps\personal\DAFStudio\backend\apps\matchmaking\service\matcher.py", line 138, in run
    await self.expire_stale()
  File "C:\apps\personal\DAFStudio\backend\apps\matchmaking\service\matcher.py", line 149, in expire_stale
    game_ids = await MatchmakingTicketModel().list_stale_game_ids(
               ^^^^^^^^^^^^^^^^^^^^^^^^^^^^^^^^^^^^^^^^^^^^^^^^^^^
        timeout_seconds=ACCEPTANCE_TIMEOUT_SECONDS
        ^^^^^^^^^^^^^^^^^^^^^^^^^^^^^^^^^^^^^^^^^^
    )
    ^
  File "C:\apps\personal\DAFStudio\backend\apps\matchmaking\models\models.py", line 229, in list_stale_game_ids
    async with self.get_db_connection() as connection:
               ~~~~~~~~~~~~~~~~~~~~~~^^
  File "C:\Users\agust\AppData\Roaming\uv\python\cpython-3.14-windows-x86_64-none\Lib\contextlib.py", line 214, in __aenter__
    return await anext(self.gen)
           ^^^^^^^^^^^^^^^^^^^^^
  File "C:\apps\personal\DAFStudio\backend\apps\matchmaking\models\__init__.py", line 16, in get_db_connection
    async with connection_pool.acquire() as connection:
               ~~~~~~~~~~~~~~~~~~~~~~~^^
  File "C:\apps\personal\DAFStudio\backend\.venv\Lib\site-packages\asyncpg\pool.py", line 1056, in __aenter__
    self.connection = await self.pool._acquire(self.timeout)
                      ^^^^^^^^^^^^^^^^^^^^^^^^^^^^^^^^^^^^^^
  File "C:\apps\personal\DAFStudio\backend\.venv\Lib\site-packages\asyncpg\pool.py", line 896, in _acquire
    return await _acquire_impl()
           ^^^^^^^^^^^^^^^^^^^^^
  File "C:\apps\personal\DAFStudio\backend\.venv\Lib\site-packages\asyncpg\pool.py", line 881, in _acquire_impl
    proxy = await ch.acquire()  # type: PoolConnectionProxy
            ^^^^^^^^^^^^^^^^^^
  File "C:\apps\personal\DAFStudio\backend\.venv\Lib\site-packages\asyncpg\pool.py", line 161, in acquire
    await self.connect()
  File "C:\apps\personal\DAFStudio\backend\.venv\Lib\site-packages\asyncpg\pool.py", line 153, in connect
    self._con = await self._pool._get_new_connection()
                ^^^^^^^^^^^^^^^^^^^^^^^^^^^^^^^^^^^^^^
  File "C:\apps\personal\DAFStudio\backend\.venv\Lib\site-packages\asyncpg\pool.py", line 538, in _get_new_connection
    con = await self._connect(
          ^^^^^^^^^^^^^^^^^^^^
    ...<5 lines>...
    )
    ^
  File "C:\apps\personal\DAFStudio\backend\.venv\Lib\site-packages\asyncpg\connection.py", line 2443, in connect
    return await connect_utils._connect(
           ^^^^^^^^^^^^^^^^^^^^^^^^^^^^^
    ...<22 lines>...
    )
    ^
  File "C:\apps\personal\DAFStudio\backend\.venv\Lib\site-packages\asyncpg\connect_utils.py", line 1249, in _connect
    raise last_error or exceptions.TargetServerAttributeNotMatched(
    ...<2 lines>...
    )
  File "C:\apps\personal\DAFStudio\backend\.venv\Lib\site-packages\asyncpg\connect_utils.py", line 1218, in _connect
    conn = await _connect_addr(
           ^^^^^^^^^^^^^^^^^^^^
    ...<6 lines>...
    )
    ^
  File "C:\apps\personal\DAFStudio\backend\.venv\Lib\site-packages\asyncpg\connect_utils.py", line 1054, in _connect_addr
    return await __connect_addr(params, True, *args)
           ^^^^^^^^^^^^^^^^^^^^^^^^^^^^^^^^^^^^^^^^^
  File "C:\apps\personal\DAFStudio\backend\.venv\Lib\site-packages\asyncpg\connect_utils.py", line 1099, in __connect_addr
    tr, pr = await connector
             ^^^^^^^^^^^^^^^
  File "C:\apps\personal\DAFStudio\backend\.venv\Lib\site-packages\asyncpg\connect_utils.py", line 969, in _create_ssl_connection
    tr, pr = await loop.create_connection(
             ^^^^^^^^^^^^^^^^^^^^^^^^^^^^^
    ...<2 lines>...
        host, port)
        ^^^^^^^^^^^
  File "C:\Users\agust\AppData\Roaming\uv\python\cpython-3.14-windows-x86_64-none\Lib\asyncio\base_events.py", line 1176, in create_connection
    raise OSError('Multiple exceptions: {}'.format(
        ', '.join(str(exc) for exc in exceptions)))
OSError: Multiple exceptions: [Errno 10061] Connect call failed ('::1', 5432, 0, 0), [Errno 10061] Connect call failed ('127.0.0.1', 5432)
2026-07-21 22:29:24,745 INFO    apscheduler.executors.default: Job "_run_matcher_job (trigger: interval[0:00:20], next run at: 2026-07-21 22:29:40 CEST)" executed successfully
2026-07-21 22:29:31,953 INFO    apscheduler.executors.default: Running job "_run_matcher_job (trigger: interval[0:00:20], next run at: 2026-07-21 22:29:51 CEST)" (scheduled at 2026-07-21 22:29:31.951514+02:00)
2026-07-21 22:29:36,014 ERROR   dafstudio: [matcher cron] run failed
Traceback (most recent call last):
  File "C:\apps\personal\DAFStudio\backend\loader_app.py", line 58, in _run_matcher_job
    await Matcher().run()
  File "C:\apps\personal\DAFStudio\backend\apps\matchmaking\service\matcher.py", line 138, in run
    await self.expire_stale()
  File "C:\apps\personal\DAFStudio\backend\apps\matchmaking\service\matcher.py", line 149, in expire_stale
    game_ids = await MatchmakingTicketModel().list_stale_game_ids(
               ^^^^^^^^^^^^^^^^^^^^^^^^^^^^^^^^^^^^^^^^^^^^^^^^^^^
        timeout_seconds=ACCEPTANCE_TIMEOUT_SECONDS
        ^^^^^^^^^^^^^^^^^^^^^^^^^^^^^^^^^^^^^^^^^^
    )
    ^
  File "C:\apps\personal\DAFStudio\backend\apps\matchmaking\models\models.py", line 229, in list_stale_game_ids
    async with self.get_db_connection() as connection:
               ~~~~~~~~~~~~~~~~~~~~~~^^
  File "C:\Users\agust\AppData\Roaming\uv\python\cpython-3.14-windows-x86_64-none\Lib\contextlib.py", line 214, in __aenter__
    return await anext(self.gen)
           ^^^^^^^^^^^^^^^^^^^^^
  File "C:\apps\personal\DAFStudio\backend\apps\matchmaking\models\__init__.py", line 16, in get_db_connection
    async with connection_pool.acquire() as connection:
               ~~~~~~~~~~~~~~~~~~~~~~~^^
  File "C:\apps\personal\DAFStudio\backend\.venv\Lib\site-packages\asyncpg\pool.py", line 1056, in __aenter__
    self.connection = await self.pool._acquire(self.timeout)
                      ^^^^^^^^^^^^^^^^^^^^^^^^^^^^^^^^^^^^^^
  File "C:\apps\personal\DAFStudio\backend\.venv\Lib\site-packages\asyncpg\pool.py", line 896, in _acquire
    return await _acquire_impl()
           ^^^^^^^^^^^^^^^^^^^^^
  File "C:\apps\personal\DAFStudio\backend\.venv\Lib\site-packages\asyncpg\pool.py", line 881, in _acquire_impl
    proxy = await ch.acquire()  # type: PoolConnectionProxy
            ^^^^^^^^^^^^^^^^^^
  File "C:\apps\personal\DAFStudio\backend\.venv\Lib\site-packages\asyncpg\pool.py", line 161, in acquire
    await self.connect()
  File "C:\apps\personal\DAFStudio\backend\.venv\Lib\site-packages\asyncpg\pool.py", line 153, in connect
    self._con = await self._pool._get_new_connection()
                ^^^^^^^^^^^^^^^^^^^^^^^^^^^^^^^^^^^^^^
  File "C:\apps\personal\DAFStudio\backend\.venv\Lib\site-packages\asyncpg\pool.py", line 538, in _get_new_connection
    con = await self._connect(
          ^^^^^^^^^^^^^^^^^^^^
    ...<5 lines>...
    )
    ^
  File "C:\apps\personal\DAFStudio\backend\.venv\Lib\site-packages\asyncpg\connection.py", line 2443, in connect
    return await connect_utils._connect(
           ^^^^^^^^^^^^^^^^^^^^^^^^^^^^^
    ...<22 lines>...
    )
    ^
  File "C:\apps\personal\DAFStudio\backend\.venv\Lib\site-packages\asyncpg\connect_utils.py", line 1249, in _connect
    raise last_error or exceptions.TargetServerAttributeNotMatched(
    ...<2 lines>...
    )
  File "C:\apps\personal\DAFStudio\backend\.venv\Lib\site-packages\asyncpg\connect_utils.py", line 1218, in _connect
    conn = await _connect_addr(
           ^^^^^^^^^^^^^^^^^^^^
    ...<6 lines>...
    )
    ^
  File "C:\apps\personal\DAFStudio\backend\.venv\Lib\site-packages\asyncpg\connect_utils.py", line 1054, in _connect_addr
    return await __connect_addr(params, True, *args)
           ^^^^^^^^^^^^^^^^^^^^^^^^^^^^^^^^^^^^^^^^^
  File "C:\apps\personal\DAFStudio\backend\.venv\Lib\site-packages\asyncpg\connect_utils.py", line 1099, in __connect_addr
    tr, pr = await connector
             ^^^^^^^^^^^^^^^
  File "C:\apps\personal\DAFStudio\backend\.venv\Lib\site-packages\asyncpg\connect_utils.py", line 969, in _create_ssl_connection
    tr, pr = await loop.create_connection(
             ^^^^^^^^^^^^^^^^^^^^^^^^^^^^^
    ...<2 lines>...
        host, port)
        ^^^^^^^^^^^
  File "C:\Users\agust\AppData\Roaming\uv\python\cpython-3.14-windows-x86_64-none\Lib\asyncio\base_events.py", line 1176, in create_connection
    raise OSError('Multiple exceptions: {}'.format(
        ', '.join(str(exc) for exc in exceptions)))
OSError: Multiple exceptions: [Errno 10061] Connect call failed ('::1', 5432, 0, 0), [Errno 10061] Connect call failed ('127.0.0.1', 5432)
2026-07-21 22:29:36,016 INFO    apscheduler.executors.default: Job "_run_matcher_job (trigger: interval[0:00:20], next run at: 2026-07-21 22:29:51 CEST)" executed successfully
2026-07-21 22:29:40,690 INFO    apscheduler.executors.default: Running job "_run_matcher_job (trigger: interval[0:00:20], next run at: 2026-07-21 22:30:00 CEST)" (scheduled at 2026-07-21 22:29:40.686898+02:00)
2026-07-21 22:29:44,760 ERROR   dafstudio: [matcher cron] run failed
Traceback (most recent call last):
  File "C:\apps\personal\DAFStudio\backend\loader_app.py", line 58, in _run_matcher_job
    await Matcher().run()
  File "C:\apps\personal\DAFStudio\backend\apps\matchmaking\service\matcher.py", line 138, in run
    await self.expire_stale()
  File "C:\apps\personal\DAFStudio\backend\apps\matchmaking\service\matcher.py", line 149, in expire_stale
    game_ids = await MatchmakingTicketModel().list_stale_game_ids(
               ^^^^^^^^^^^^^^^^^^^^^^^^^^^^^^^^^^^^^^^^^^^^^^^^^^^
        timeout_seconds=ACCEPTANCE_TIMEOUT_SECONDS
        ^^^^^^^^^^^^^^^^^^^^^^^^^^^^^^^^^^^^^^^^^^
    )
    ^
  File "C:\apps\personal\DAFStudio\backend\apps\matchmaking\models\models.py", line 229, in list_stale_game_ids
    async with self.get_db_connection() as connection:
               ~~~~~~~~~~~~~~~~~~~~~~^^
  File "C:\Users\agust\AppData\Roaming\uv\python\cpython-3.14-windows-x86_64-none\Lib\contextlib.py", line 214, in __aenter__
    return await anext(self.gen)
           ^^^^^^^^^^^^^^^^^^^^^
  File "C:\apps\personal\DAFStudio\backend\apps\matchmaking\models\__init__.py", line 16, in get_db_connection
    async with connection_pool.acquire() as connection:
               ~~~~~~~~~~~~~~~~~~~~~~~^^
  File "C:\apps\personal\DAFStudio\backend\.venv\Lib\site-packages\asyncpg\pool.py", line 1056, in __aenter__
    self.connection = await self.pool._acquire(self.timeout)
                      ^^^^^^^^^^^^^^^^^^^^^^^^^^^^^^^^^^^^^^
  File "C:\apps\personal\DAFStudio\backend\.venv\Lib\site-packages\asyncpg\pool.py", line 896, in _acquire
    return await _acquire_impl()
           ^^^^^^^^^^^^^^^^^^^^^
  File "C:\apps\personal\DAFStudio\backend\.venv\Lib\site-packages\asyncpg\pool.py", line 881, in _acquire_impl
    proxy = await ch.acquire()  # type: PoolConnectionProxy
            ^^^^^^^^^^^^^^^^^^
  File "C:\apps\personal\DAFStudio\backend\.venv\Lib\site-packages\asyncpg\pool.py", line 161, in acquire
    await self.connect()
  File "C:\apps\personal\DAFStudio\backend\.venv\Lib\site-packages\asyncpg\pool.py", line 153, in connect
    self._con = await self._pool._get_new_connection()
                ^^^^^^^^^^^^^^^^^^^^^^^^^^^^^^^^^^^^^^
  File "C:\apps\personal\DAFStudio\backend\.venv\Lib\site-packages\asyncpg\pool.py", line 538, in _get_new_connection
    con = await self._connect(
          ^^^^^^^^^^^^^^^^^^^^
    ...<5 lines>...
    )
    ^
  File "C:\apps\personal\DAFStudio\backend\.venv\Lib\site-packages\asyncpg\connection.py", line 2443, in connect
    return await connect_utils._connect(
           ^^^^^^^^^^^^^^^^^^^^^^^^^^^^^
    ...<22 lines>...
    )
    ^
  File "C:\apps\personal\DAFStudio\backend\.venv\Lib\site-packages\asyncpg\connect_utils.py", line 1249, in _connect
    raise last_error or exceptions.TargetServerAttributeNotMatched(
    ...<2 lines>...
    )
  File "C:\apps\personal\DAFStudio\backend\.venv\Lib\site-packages\asyncpg\connect_utils.py", line 1218, in _connect
    conn = await _connect_addr(
           ^^^^^^^^^^^^^^^^^^^^
    ...<6 lines>...
    )
    ^
  File "C:\apps\personal\DAFStudio\backend\.venv\Lib\site-packages\asyncpg\connect_utils.py", line 1054, in _connect_addr
    return await __connect_addr(params, True, *args)
           ^^^^^^^^^^^^^^^^^^^^^^^^^^^^^^^^^^^^^^^^^
  File "C:\apps\personal\DAFStudio\backend\.venv\Lib\site-packages\asyncpg\connect_utils.py", line 1099, in __connect_addr
    tr, pr = await connector
             ^^^^^^^^^^^^^^^
  File "C:\apps\personal\DAFStudio\backend\.venv\Lib\site-packages\asyncpg\connect_utils.py", line 969, in _create_ssl_connection
    tr, pr = await loop.create_connection(
             ^^^^^^^^^^^^^^^^^^^^^^^^^^^^^
    ...<2 lines>...
        host, port)
        ^^^^^^^^^^^
  File "C:\Users\agust\AppData\Roaming\uv\python\cpython-3.14-windows-x86_64-none\Lib\asyncio\base_events.py", line 1176, in create_connection
    raise OSError('Multiple exceptions: {}'.format(
        ', '.join(str(exc) for exc in exceptions)))
OSError: Multiple exceptions: [Errno 10061] Connect call failed ('::1', 5432, 0, 0), [Errno 10061] Connect call failed ('127.0.0.1', 5432)
2026-07-21 22:29:44,762 INFO    apscheduler.executors.default: Job "_run_matcher_job (trigger: interval[0:00:20], next run at: 2026-07-21 22:30:00 CEST)" executed successfully
2026-07-21 22:29:51,952 INFO    apscheduler.executors.default: Running job "_run_matcher_job (trigger: interval[0:00:20], next run at: 2026-07-21 22:30:11 CEST)" (scheduled at 2026-07-21 22:29:51.951514+02:00)
2026-07-21 22:29:56,012 ERROR   dafstudio: [matcher cron] run failed
Traceback (most recent call last):
  File "C:\apps\personal\DAFStudio\backend\loader_app.py", line 58, in _run_matcher_job
    await Matcher().run()
  File "C:\apps\personal\DAFStudio\backend\apps\matchmaking\service\matcher.py", line 138, in run
    await self.expire_stale()
  File "C:\apps\personal\DAFStudio\backend\apps\matchmaking\service\matcher.py", line 149, in expire_stale
    game_ids = await MatchmakingTicketModel().list_stale_game_ids(
               ^^^^^^^^^^^^^^^^^^^^^^^^^^^^^^^^^^^^^^^^^^^^^^^^^^^
        timeout_seconds=ACCEPTANCE_TIMEOUT_SECONDS
        ^^^^^^^^^^^^^^^^^^^^^^^^^^^^^^^^^^^^^^^^^^
    )
    ^
  File "C:\apps\personal\DAFStudio\backend\apps\matchmaking\models\models.py", line 229, in list_stale_game_ids
    async with self.get_db_connection() as connection:
               ~~~~~~~~~~~~~~~~~~~~~~^^
  File "C:\Users\agust\AppData\Roaming\uv\python\cpython-3.14-windows-x86_64-none\Lib\contextlib.py", line 214, in __aenter__
    return await anext(self.gen)
           ^^^^^^^^^^^^^^^^^^^^^
  File "C:\apps\personal\DAFStudio\backend\apps\matchmaking\models\__init__.py", line 16, in get_db_connection
    async with connection_pool.acquire() as connection:
               ~~~~~~~~~~~~~~~~~~~~~~~^^
  File "C:\apps\personal\DAFStudio\backend\.venv\Lib\site-packages\asyncpg\pool.py", line 1056, in __aenter__
    self.connection = await self.pool._acquire(self.timeout)
                      ^^^^^^^^^^^^^^^^^^^^^^^^^^^^^^^^^^^^^^
  File "C:\apps\personal\DAFStudio\backend\.venv\Lib\site-packages\asyncpg\pool.py", line 896, in _acquire
    return await _acquire_impl()
           ^^^^^^^^^^^^^^^^^^^^^
  File "C:\apps\personal\DAFStudio\backend\.venv\Lib\site-packages\asyncpg\pool.py", line 881, in _acquire_impl
    proxy = await ch.acquire()  # type: PoolConnectionProxy
            ^^^^^^^^^^^^^^^^^^
  File "C:\apps\personal\DAFStudio\backend\.venv\Lib\site-packages\asyncpg\pool.py", line 161, in acquire
    await self.connect()
  File "C:\apps\personal\DAFStudio\backend\.venv\Lib\site-packages\asyncpg\pool.py", line 153, in connect
    self._con = await self._pool._get_new_connection()
                ^^^^^^^^^^^^^^^^^^^^^^^^^^^^^^^^^^^^^^
  File "C:\apps\personal\DAFStudio\backend\.venv\Lib\site-packages\asyncpg\pool.py", line 538, in _get_new_connection
    con = await self._connect(
          ^^^^^^^^^^^^^^^^^^^^
    ...<5 lines>...
    )
    ^
  File "C:\apps\personal\DAFStudio\backend\.venv\Lib\site-packages\asyncpg\connection.py", line 2443, in connect
    return await connect_utils._connect(
           ^^^^^^^^^^^^^^^^^^^^^^^^^^^^^
    ...<22 lines>...
    )
    ^
  File "C:\apps\personal\DAFStudio\backend\.venv\Lib\site-packages\asyncpg\connect_utils.py", line 1249, in _connect
    raise last_error or exceptions.TargetServerAttributeNotMatched(
    ...<2 lines>...
    )
  File "C:\apps\personal\DAFStudio\backend\.venv\Lib\site-packages\asyncpg\connect_utils.py", line 1218, in _connect
    conn = await _connect_addr(
           ^^^^^^^^^^^^^^^^^^^^
    ...<6 lines>...
    )
    ^
  File "C:\apps\personal\DAFStudio\backend\.venv\Lib\site-packages\asyncpg\connect_utils.py", line 1054, in _connect_addr
    return await __connect_addr(params, True, *args)
           ^^^^^^^^^^^^^^^^^^^^^^^^^^^^^^^^^^^^^^^^^
  File "C:\apps\personal\DAFStudio\backend\.venv\Lib\site-packages\asyncpg\connect_utils.py", line 1099, in __connect_addr
    tr, pr = await connector
             ^^^^^^^^^^^^^^^
  File "C:\apps\personal\DAFStudio\backend\.venv\Lib\site-packages\asyncpg\connect_utils.py", line 969, in _create_ssl_connection
    tr, pr = await loop.create_connection(
             ^^^^^^^^^^^^^^^^^^^^^^^^^^^^^
    ...<2 lines>...
        host, port)
        ^^^^^^^^^^^
  File "C:\Users\agust\AppData\Roaming\uv\python\cpython-3.14-windows-x86_64-none\Lib\asyncio\base_events.py", line 1176, in create_connection
    raise OSError('Multiple exceptions: {}'.format(
        ', '.join(str(exc) for exc in exceptions)))
OSError: Multiple exceptions: [Errno 10061] Connect call failed ('::1', 5432, 0, 0), [Errno 10061] Connect call failed ('127.0.0.1', 5432)
2026-07-21 22:29:56,014 INFO    apscheduler.executors.default: Job "_run_matcher_job (trigger: interval[0:00:20], next run at: 2026-07-21 22:30:11 CEST)" executed successfully
2026-07-21 22:30:00,701 INFO    apscheduler.executors.default: Running job "_run_matcher_job (trigger: interval[0:00:20], next run at: 2026-07-21 22:30:20 CEST)" (scheduled at 2026-07-21 22:30:00.686898+02:00)
2026-07-21 22:30:04,763 ERROR   dafstudio: [matcher cron] run failed
Traceback (most recent call last):
  File "C:\apps\personal\DAFStudio\backend\loader_app.py", line 58, in _run_matcher_job
    await Matcher().run()
  File "C:\apps\personal\DAFStudio\backend\apps\matchmaking\service\matcher.py", line 138, in run
    await self.expire_stale()
  File "C:\apps\personal\DAFStudio\backend\apps\matchmaking\service\matcher.py", line 149, in expire_stale
    game_ids = await MatchmakingTicketModel().list_stale_game_ids(
               ^^^^^^^^^^^^^^^^^^^^^^^^^^^^^^^^^^^^^^^^^^^^^^^^^^^
        timeout_seconds=ACCEPTANCE_TIMEOUT_SECONDS
        ^^^^^^^^^^^^^^^^^^^^^^^^^^^^^^^^^^^^^^^^^^
    )
    ^
  File "C:\apps\personal\DAFStudio\backend\apps\matchmaking\models\models.py", line 229, in list_stale_game_ids
    async with self.get_db_connection() as connection:
               ~~~~~~~~~~~~~~~~~~~~~~^^
  File "C:\Users\agust\AppData\Roaming\uv\python\cpython-3.14-windows-x86_64-none\Lib\contextlib.py", line 214, in __aenter__
    return await anext(self.gen)
           ^^^^^^^^^^^^^^^^^^^^^
  File "C:\apps\personal\DAFStudio\backend\apps\matchmaking\models\__init__.py", line 16, in get_db_connection
    async with connection_pool.acquire() as connection:
               ~~~~~~~~~~~~~~~~~~~~~~~^^
  File "C:\apps\personal\DAFStudio\backend\.venv\Lib\site-packages\asyncpg\pool.py", line 1056, in __aenter__
    self.connection = await self.pool._acquire(self.timeout)
                      ^^^^^^^^^^^^^^^^^^^^^^^^^^^^^^^^^^^^^^
  File "C:\apps\personal\DAFStudio\backend\.venv\Lib\site-packages\asyncpg\pool.py", line 896, in _acquire
    return await _acquire_impl()
           ^^^^^^^^^^^^^^^^^^^^^
  File "C:\apps\personal\DAFStudio\backend\.venv\Lib\site-packages\asyncpg\pool.py", line 881, in _acquire_impl
    proxy = await ch.acquire()  # type: PoolConnectionProxy
            ^^^^^^^^^^^^^^^^^^
  File "C:\apps\personal\DAFStudio\backend\.venv\Lib\site-packages\asyncpg\pool.py", line 161, in acquire
    await self.connect()
  File "C:\apps\personal\DAFStudio\backend\.venv\Lib\site-packages\asyncpg\pool.py", line 153, in connect
    self._con = await self._pool._get_new_connection()
                ^^^^^^^^^^^^^^^^^^^^^^^^^^^^^^^^^^^^^^
  File "C:\apps\personal\DAFStudio\backend\.venv\Lib\site-packages\asyncpg\pool.py", line 538, in _get_new_connection
    con = await self._connect(
          ^^^^^^^^^^^^^^^^^^^^
    ...<5 lines>...
    )
    ^
  File "C:\apps\personal\DAFStudio\backend\.venv\Lib\site-packages\asyncpg\connection.py", line 2443, in connect
    return await connect_utils._connect(
           ^^^^^^^^^^^^^^^^^^^^^^^^^^^^^
    ...<22 lines>...
    )
    ^
  File "C:\apps\personal\DAFStudio\backend\.venv\Lib\site-packages\asyncpg\connect_utils.py", line 1249, in _connect
    raise last_error or exceptions.TargetServerAttributeNotMatched(
    ...<2 lines>...
    )
  File "C:\apps\personal\DAFStudio\backend\.venv\Lib\site-packages\asyncpg\connect_utils.py", line 1218, in _connect
    conn = await _connect_addr(
           ^^^^^^^^^^^^^^^^^^^^
    ...<6 lines>...
    )
    ^
  File "C:\apps\personal\DAFStudio\backend\.venv\Lib\site-packages\asyncpg\connect_utils.py", line 1054, in _connect_addr
    return await __connect_addr(params, True, *args)
           ^^^^^^^^^^^^^^^^^^^^^^^^^^^^^^^^^^^^^^^^^
  File "C:\apps\personal\DAFStudio\backend\.venv\Lib\site-packages\asyncpg\connect_utils.py", line 1099, in __connect_addr
    tr, pr = await connector
             ^^^^^^^^^^^^^^^
  File "C:\apps\personal\DAFStudio\backend\.venv\Lib\site-packages\asyncpg\connect_utils.py", line 969, in _create_ssl_connection
    tr, pr = await loop.create_connection(
             ^^^^^^^^^^^^^^^^^^^^^^^^^^^^^
    ...<2 lines>...
        host, port)
        ^^^^^^^^^^^
  File "C:\Users\agust\AppData\Roaming\uv\python\cpython-3.14-windows-x86_64-none\Lib\asyncio\base_events.py", line 1176, in create_connection
    raise OSError('Multiple exceptions: {}'.format(
        ', '.join(str(exc) for exc in exceptions)))
OSError: Multiple exceptions: [Errno 10061] Connect call failed ('::1', 5432, 0, 0), [Errno 10061] Connect call failed ('127.0.0.1', 5432)
2026-07-21 22:30:04,765 INFO    apscheduler.executors.default: Job "_run_matcher_job (trigger: interval[0:00:20], next run at: 2026-07-21 22:30:20 CEST)" executed successfully
2026-07-21 22:30:11,952 INFO    apscheduler.executors.default: Running job "_run_matcher_job (trigger: interval[0:00:20], next run at: 2026-07-21 22:30:31 CEST)" (scheduled at 2026-07-21 22:30:11.951514+02:00)
2026-07-21 22:30:16,017 ERROR   dafstudio: [matcher cron] run failed
Traceback (most recent call last):
  File "C:\apps\personal\DAFStudio\backend\loader_app.py", line 58, in _run_matcher_job
    await Matcher().run()
  File "C:\apps\personal\DAFStudio\backend\apps\matchmaking\service\matcher.py", line 138, in run
    await self.expire_stale()
  File "C:\apps\personal\DAFStudio\backend\apps\matchmaking\service\matcher.py", line 149, in expire_stale
    game_ids = await MatchmakingTicketModel().list_stale_game_ids(
               ^^^^^^^^^^^^^^^^^^^^^^^^^^^^^^^^^^^^^^^^^^^^^^^^^^^
        timeout_seconds=ACCEPTANCE_TIMEOUT_SECONDS
        ^^^^^^^^^^^^^^^^^^^^^^^^^^^^^^^^^^^^^^^^^^
    )
    ^
  File "C:\apps\personal\DAFStudio\backend\apps\matchmaking\models\models.py", line 229, in list_stale_game_ids
    async with self.get_db_connection() as connection:
               ~~~~~~~~~~~~~~~~~~~~~~^^
  File "C:\Users\agust\AppData\Roaming\uv\python\cpython-3.14-windows-x86_64-none\Lib\contextlib.py", line 214, in __aenter__
    return await anext(self.gen)
           ^^^^^^^^^^^^^^^^^^^^^
  File "C:\apps\personal\DAFStudio\backend\apps\matchmaking\models\__init__.py", line 16, in get_db_connection
    async with connection_pool.acquire() as connection:
               ~~~~~~~~~~~~~~~~~~~~~~~^^
  File "C:\apps\personal\DAFStudio\backend\.venv\Lib\site-packages\asyncpg\pool.py", line 1056, in __aenter__
    self.connection = await self.pool._acquire(self.timeout)
                      ^^^^^^^^^^^^^^^^^^^^^^^^^^^^^^^^^^^^^^
  File "C:\apps\personal\DAFStudio\backend\.venv\Lib\site-packages\asyncpg\pool.py", line 896, in _acquire
    return await _acquire_impl()
           ^^^^^^^^^^^^^^^^^^^^^
  File "C:\apps\personal\DAFStudio\backend\.venv\Lib\site-packages\asyncpg\pool.py", line 881, in _acquire_impl
    proxy = await ch.acquire()  # type: PoolConnectionProxy
            ^^^^^^^^^^^^^^^^^^
  File "C:\apps\personal\DAFStudio\backend\.venv\Lib\site-packages\asyncpg\pool.py", line 161, in acquire
    await self.connect()
  File "C:\apps\personal\DAFStudio\backend\.venv\Lib\site-packages\asyncpg\pool.py", line 153, in connect
    self._con = await self._pool._get_new_connection()
                ^^^^^^^^^^^^^^^^^^^^^^^^^^^^^^^^^^^^^^
  File "C:\apps\personal\DAFStudio\backend\.venv\Lib\site-packages\asyncpg\pool.py", line 538, in _get_new_connection
    con = await self._connect(
          ^^^^^^^^^^^^^^^^^^^^
    ...<5 lines>...
    )
    ^
  File "C:\apps\personal\DAFStudio\backend\.venv\Lib\site-packages\asyncpg\connection.py", line 2443, in connect
    return await connect_utils._connect(
           ^^^^^^^^^^^^^^^^^^^^^^^^^^^^^
    ...<22 lines>...
    )
    ^
  File "C:\apps\personal\DAFStudio\backend\.venv\Lib\site-packages\asyncpg\connect_utils.py", line 1249, in _connect
    raise last_error or exceptions.TargetServerAttributeNotMatched(
    ...<2 lines>...
    )
  File "C:\apps\personal\DAFStudio\backend\.venv\Lib\site-packages\asyncpg\connect_utils.py", line 1218, in _connect
    conn = await _connect_addr(
           ^^^^^^^^^^^^^^^^^^^^
    ...<6 lines>...
    )
    ^
  File "C:\apps\personal\DAFStudio\backend\.venv\Lib\site-packages\asyncpg\connect_utils.py", line 1054, in _connect_addr
    return await __connect_addr(params, True, *args)
           ^^^^^^^^^^^^^^^^^^^^^^^^^^^^^^^^^^^^^^^^^
  File "C:\apps\personal\DAFStudio\backend\.venv\Lib\site-packages\asyncpg\connect_utils.py", line 1099, in __connect_addr
    tr, pr = await connector
             ^^^^^^^^^^^^^^^
  File "C:\apps\personal\DAFStudio\backend\.venv\Lib\site-packages\asyncpg\connect_utils.py", line 969, in _create_ssl_connection
    tr, pr = await loop.create_connection(
             ^^^^^^^^^^^^^^^^^^^^^^^^^^^^^
    ...<2 lines>...
        host, port)
        ^^^^^^^^^^^
  File "C:\Users\agust\AppData\Roaming\uv\python\cpython-3.14-windows-x86_64-none\Lib\asyncio\base_events.py", line 1176, in create_connection
    raise OSError('Multiple exceptions: {}'.format(
        ', '.join(str(exc) for exc in exceptions)))
OSError: Multiple exceptions: [Errno 10061] Connect call failed ('::1', 5432, 0, 0), [Errno 10061] Connect call failed ('127.0.0.1', 5432)
2026-07-21 22:30:16,018 INFO    apscheduler.executors.default: Job "_run_matcher_job (trigger: interval[0:00:20], next run at: 2026-07-21 22:30:31 CEST)" executed successfully
2026-07-21 22:30:20,690 INFO    apscheduler.executors.default: Running job "_run_matcher_job (trigger: interval[0:00:20], next run at: 2026-07-21 22:30:40 CEST)" (scheduled at 2026-07-21 22:30:20.686898+02:00)
2026-07-21 22:30:24,747 ERROR   dafstudio: [matcher cron] run failed
Traceback (most recent call last):
  File "C:\apps\personal\DAFStudio\backend\loader_app.py", line 58, in _run_matcher_job
    await Matcher().run()
  File "C:\apps\personal\DAFStudio\backend\apps\matchmaking\service\matcher.py", line 138, in run
    await self.expire_stale()
  File "C:\apps\personal\DAFStudio\backend\apps\matchmaking\service\matcher.py", line 149, in expire_stale
    game_ids = await MatchmakingTicketModel().list_stale_game_ids(
               ^^^^^^^^^^^^^^^^^^^^^^^^^^^^^^^^^^^^^^^^^^^^^^^^^^^
        timeout_seconds=ACCEPTANCE_TIMEOUT_SECONDS
        ^^^^^^^^^^^^^^^^^^^^^^^^^^^^^^^^^^^^^^^^^^
    )
    ^
  File "C:\apps\personal\DAFStudio\backend\apps\matchmaking\models\models.py", line 229, in list_stale_game_ids
    async with self.get_db_connection() as connection:
               ~~~~~~~~~~~~~~~~~~~~~~^^
  File "C:\Users\agust\AppData\Roaming\uv\python\cpython-3.14-windows-x86_64-none\Lib\contextlib.py", line 214, in __aenter__
    return await anext(self.gen)
           ^^^^^^^^^^^^^^^^^^^^^
  File "C:\apps\personal\DAFStudio\backend\apps\matchmaking\models\__init__.py", line 16, in get_db_connection
    async with connection_pool.acquire() as connection:
               ~~~~~~~~~~~~~~~~~~~~~~~^^
  File "C:\apps\personal\DAFStudio\backend\.venv\Lib\site-packages\asyncpg\pool.py", line 1056, in __aenter__
    self.connection = await self.pool._acquire(self.timeout)
                      ^^^^^^^^^^^^^^^^^^^^^^^^^^^^^^^^^^^^^^
  File "C:\apps\personal\DAFStudio\backend\.venv\Lib\site-packages\asyncpg\pool.py", line 896, in _acquire
    return await _acquire_impl()
           ^^^^^^^^^^^^^^^^^^^^^
  File "C:\apps\personal\DAFStudio\backend\.venv\Lib\site-packages\asyncpg\pool.py", line 881, in _acquire_impl
    proxy = await ch.acquire()  # type: PoolConnectionProxy
            ^^^^^^^^^^^^^^^^^^
  File "C:\apps\personal\DAFStudio\backend\.venv\Lib\site-packages\asyncpg\pool.py", line 161, in acquire
    await self.connect()
  File "C:\apps\personal\DAFStudio\backend\.venv\Lib\site-packages\asyncpg\pool.py", line 153, in connect
    self._con = await self._pool._get_new_connection()
                ^^^^^^^^^^^^^^^^^^^^^^^^^^^^^^^^^^^^^^
  File "C:\apps\personal\DAFStudio\backend\.venv\Lib\site-packages\asyncpg\pool.py", line 538, in _get_new_connection
    con = await self._connect(
          ^^^^^^^^^^^^^^^^^^^^
    ...<5 lines>...
    )
    ^
  File "C:\apps\personal\DAFStudio\backend\.venv\Lib\site-packages\asyncpg\connection.py", line 2443, in connect
    return await connect_utils._connect(
           ^^^^^^^^^^^^^^^^^^^^^^^^^^^^^
    ...<22 lines>...
    )
    ^
  File "C:\apps\personal\DAFStudio\backend\.venv\Lib\site-packages\asyncpg\connect_utils.py", line 1249, in _connect
    raise last_error or exceptions.TargetServerAttributeNotMatched(
    ...<2 lines>...
    )
  File "C:\apps\personal\DAFStudio\backend\.venv\Lib\site-packages\asyncpg\connect_utils.py", line 1218, in _connect
    conn = await _connect_addr(
           ^^^^^^^^^^^^^^^^^^^^
    ...<6 lines>...
    )
    ^
  File "C:\apps\personal\DAFStudio\backend\.venv\Lib\site-packages\asyncpg\connect_utils.py", line 1054, in _connect_addr
    return await __connect_addr(params, True, *args)
           ^^^^^^^^^^^^^^^^^^^^^^^^^^^^^^^^^^^^^^^^^
  File "C:\apps\personal\DAFStudio\backend\.venv\Lib\site-packages\asyncpg\connect_utils.py", line 1099, in __connect_addr
    tr, pr = await connector
             ^^^^^^^^^^^^^^^
  File "C:\apps\personal\DAFStudio\backend\.venv\Lib\site-packages\asyncpg\connect_utils.py", line 969, in _create_ssl_connection
    tr, pr = await loop.create_connection(
             ^^^^^^^^^^^^^^^^^^^^^^^^^^^^^
    ...<2 lines>...
        host, port)
        ^^^^^^^^^^^
  File "C:\Users\agust\AppData\Roaming\uv\python\cpython-3.14-windows-x86_64-none\Lib\asyncio\base_events.py", line 1176, in create_connection
    raise OSError('Multiple exceptions: {}'.format(
        ', '.join(str(exc) for exc in exceptions)))
OSError: Multiple exceptions: [Errno 10061] Connect call failed ('::1', 5432, 0, 0), [Errno 10061] Connect call failed ('127.0.0.1', 5432)
2026-07-21 22:30:24,749 INFO    apscheduler.executors.default: Job "_run_matcher_job (trigger: interval[0:00:20], next run at: 2026-07-21 22:30:40 CEST)" executed successfully
2026-07-21 22:30:31,959 INFO    apscheduler.executors.default: Running job "_run_matcher_job (trigger: interval[0:00:20], next run at: 2026-07-21 22:30:51 CEST)" (scheduled at 2026-07-21 22:30:31.951514+02:00)
2026-07-21 22:30:36,028 ERROR   dafstudio: [matcher cron] run failed
Traceback (most recent call last):
  File "C:\apps\personal\DAFStudio\backend\loader_app.py", line 58, in _run_matcher_job
    await Matcher().run()
  File "C:\apps\personal\DAFStudio\backend\apps\matchmaking\service\matcher.py", line 138, in run
    await self.expire_stale()
  File "C:\apps\personal\DAFStudio\backend\apps\matchmaking\service\matcher.py", line 149, in expire_stale
    game_ids = await MatchmakingTicketModel().list_stale_game_ids(
               ^^^^^^^^^^^^^^^^^^^^^^^^^^^^^^^^^^^^^^^^^^^^^^^^^^^
        timeout_seconds=ACCEPTANCE_TIMEOUT_SECONDS
        ^^^^^^^^^^^^^^^^^^^^^^^^^^^^^^^^^^^^^^^^^^
    )
    ^
  File "C:\apps\personal\DAFStudio\backend\apps\matchmaking\models\models.py", line 229, in list_stale_game_ids
    async with self.get_db_connection() as connection:
               ~~~~~~~~~~~~~~~~~~~~~~^^
  File "C:\Users\agust\AppData\Roaming\uv\python\cpython-3.14-windows-x86_64-none\Lib\contextlib.py", line 214, in __aenter__
    return await anext(self.gen)
           ^^^^^^^^^^^^^^^^^^^^^
  File "C:\apps\personal\DAFStudio\backend\apps\matchmaking\models\__init__.py", line 16, in get_db_connection
    async with connection_pool.acquire() as connection:
               ~~~~~~~~~~~~~~~~~~~~~~~^^
  File "C:\apps\personal\DAFStudio\backend\.venv\Lib\site-packages\asyncpg\pool.py", line 1056, in __aenter__
    self.connection = await self.pool._acquire(self.timeout)
                      ^^^^^^^^^^^^^^^^^^^^^^^^^^^^^^^^^^^^^^
  File "C:\apps\personal\DAFStudio\backend\.venv\Lib\site-packages\asyncpg\pool.py", line 896, in _acquire
    return await _acquire_impl()
           ^^^^^^^^^^^^^^^^^^^^^
  File "C:\apps\personal\DAFStudio\backend\.venv\Lib\site-packages\asyncpg\pool.py", line 881, in _acquire_impl
    proxy = await ch.acquire()  # type: PoolConnectionProxy
            ^^^^^^^^^^^^^^^^^^
  File "C:\apps\personal\DAFStudio\backend\.venv\Lib\site-packages\asyncpg\pool.py", line 161, in acquire
    await self.connect()
  File "C:\apps\personal\DAFStudio\backend\.venv\Lib\site-packages\asyncpg\pool.py", line 153, in connect
    self._con = await self._pool._get_new_connection()
                ^^^^^^^^^^^^^^^^^^^^^^^^^^^^^^^^^^^^^^
  File "C:\apps\personal\DAFStudio\backend\.venv\Lib\site-packages\asyncpg\pool.py", line 538, in _get_new_connection
    con = await self._connect(
          ^^^^^^^^^^^^^^^^^^^^
    ...<5 lines>...
    )
    ^
  File "C:\apps\personal\DAFStudio\backend\.venv\Lib\site-packages\asyncpg\connection.py", line 2443, in connect
    return await connect_utils._connect(
           ^^^^^^^^^^^^^^^^^^^^^^^^^^^^^
    ...<22 lines>...
    )
    ^
  File "C:\apps\personal\DAFStudio\backend\.venv\Lib\site-packages\asyncpg\connect_utils.py", line 1249, in _connect
    raise last_error or exceptions.TargetServerAttributeNotMatched(
    ...<2 lines>...
    )
  File "C:\apps\personal\DAFStudio\backend\.venv\Lib\site-packages\asyncpg\connect_utils.py", line 1218, in _connect
    conn = await _connect_addr(
           ^^^^^^^^^^^^^^^^^^^^
    ...<6 lines>...
    )
    ^
  File "C:\apps\personal\DAFStudio\backend\.venv\Lib\site-packages\asyncpg\connect_utils.py", line 1054, in _connect_addr
    return await __connect_addr(params, True, *args)
           ^^^^^^^^^^^^^^^^^^^^^^^^^^^^^^^^^^^^^^^^^
  File "C:\apps\personal\DAFStudio\backend\.venv\Lib\site-packages\asyncpg\connect_utils.py", line 1099, in __connect_addr
    tr, pr = await connector
             ^^^^^^^^^^^^^^^
  File "C:\apps\personal\DAFStudio\backend\.venv\Lib\site-packages\asyncpg\connect_utils.py", line 969, in _create_ssl_connection
    tr, pr = await loop.create_connection(
             ^^^^^^^^^^^^^^^^^^^^^^^^^^^^^
    ...<2 lines>...
        host, port)
        ^^^^^^^^^^^
  File "C:\Users\agust\AppData\Roaming\uv\python\cpython-3.14-windows-x86_64-none\Lib\asyncio\base_events.py", line 1176, in create_connection
    raise OSError('Multiple exceptions: {}'.format(
        ', '.join(str(exc) for exc in exceptions)))
OSError: Multiple exceptions: [Errno 10061] Connect call failed ('::1', 5432, 0, 0), [Errno 10061] Connect call failed ('127.0.0.1', 5432)
2026-07-21 22:30:36,029 INFO    apscheduler.executors.default: Job "_run_matcher_job (trigger: interval[0:00:20], next run at: 2026-07-21 22:30:51 CEST)" executed successfully
2026-07-21 22:30:40,697 INFO    apscheduler.executors.default: Running job "_run_matcher_job (trigger: interval[0:00:20], next run at: 2026-07-21 22:31:00 CEST)" (scheduled at 2026-07-21 22:30:40.686898+02:00)
2026-07-21 22:30:44,752 ERROR   dafstudio: [matcher cron] run failed
Traceback (most recent call last):
  File "C:\apps\personal\DAFStudio\backend\loader_app.py", line 58, in _run_matcher_job
    await Matcher().run()
  File "C:\apps\personal\DAFStudio\backend\apps\matchmaking\service\matcher.py", line 138, in run
    await self.expire_stale()
  File "C:\apps\personal\DAFStudio\backend\apps\matchmaking\service\matcher.py", line 149, in expire_stale
    game_ids = await MatchmakingTicketModel().list_stale_game_ids(
               ^^^^^^^^^^^^^^^^^^^^^^^^^^^^^^^^^^^^^^^^^^^^^^^^^^^
        timeout_seconds=ACCEPTANCE_TIMEOUT_SECONDS
        ^^^^^^^^^^^^^^^^^^^^^^^^^^^^^^^^^^^^^^^^^^
    )
    ^
  File "C:\apps\personal\DAFStudio\backend\apps\matchmaking\models\models.py", line 229, in list_stale_game_ids
    async with self.get_db_connection() as connection:
               ~~~~~~~~~~~~~~~~~~~~~~^^
  File "C:\Users\agust\AppData\Roaming\uv\python\cpython-3.14-windows-x86_64-none\Lib\contextlib.py", line 214, in __aenter__
    return await anext(self.gen)
           ^^^^^^^^^^^^^^^^^^^^^
  File "C:\apps\personal\DAFStudio\backend\apps\matchmaking\models\__init__.py", line 16, in get_db_connection
    async with connection_pool.acquire() as connection:
               ~~~~~~~~~~~~~~~~~~~~~~~^^
  File "C:\apps\personal\DAFStudio\backend\.venv\Lib\site-packages\asyncpg\pool.py", line 1056, in __aenter__
    self.connection = await self.pool._acquire(self.timeout)
                      ^^^^^^^^^^^^^^^^^^^^^^^^^^^^^^^^^^^^^^
  File "C:\apps\personal\DAFStudio\backend\.venv\Lib\site-packages\asyncpg\pool.py", line 896, in _acquire
    return await _acquire_impl()
           ^^^^^^^^^^^^^^^^^^^^^
  File "C:\apps\personal\DAFStudio\backend\.venv\Lib\site-packages\asyncpg\pool.py", line 881, in _acquire_impl
    proxy = await ch.acquire()  # type: PoolConnectionProxy
            ^^^^^^^^^^^^^^^^^^
  File "C:\apps\personal\DAFStudio\backend\.venv\Lib\site-packages\asyncpg\pool.py", line 161, in acquire
    await self.connect()
  File "C:\apps\personal\DAFStudio\backend\.venv\Lib\site-packages\asyncpg\pool.py", line 153, in connect
    self._con = await self._pool._get_new_connection()
                ^^^^^^^^^^^^^^^^^^^^^^^^^^^^^^^^^^^^^^
  File "C:\apps\personal\DAFStudio\backend\.venv\Lib\site-packages\asyncpg\pool.py", line 538, in _get_new_connection
    con = await self._connect(
          ^^^^^^^^^^^^^^^^^^^^
    ...<5 lines>...
    )
    ^
  File "C:\apps\personal\DAFStudio\backend\.venv\Lib\site-packages\asyncpg\connection.py", line 2443, in connect
    return await connect_utils._connect(
           ^^^^^^^^^^^^^^^^^^^^^^^^^^^^^
    ...<22 lines>...
    )
    ^
  File "C:\apps\personal\DAFStudio\backend\.venv\Lib\site-packages\asyncpg\connect_utils.py", line 1249, in _connect
    raise last_error or exceptions.TargetServerAttributeNotMatched(
    ...<2 lines>...
    )
  File "C:\apps\personal\DAFStudio\backend\.venv\Lib\site-packages\asyncpg\connect_utils.py", line 1218, in _connect
    conn = await _connect_addr(
           ^^^^^^^^^^^^^^^^^^^^
    ...<6 lines>...
    )
    ^
  File "C:\apps\personal\DAFStudio\backend\.venv\Lib\site-packages\asyncpg\connect_utils.py", line 1054, in _connect_addr
    return await __connect_addr(params, True, *args)
           ^^^^^^^^^^^^^^^^^^^^^^^^^^^^^^^^^^^^^^^^^
  File "C:\apps\personal\DAFStudio\backend\.venv\Lib\site-packages\asyncpg\connect_utils.py", line 1099, in __connect_addr
    tr, pr = await connector
             ^^^^^^^^^^^^^^^
  File "C:\apps\personal\DAFStudio\backend\.venv\Lib\site-packages\asyncpg\connect_utils.py", line 969, in _create_ssl_connection
    tr, pr = await loop.create_connection(
             ^^^^^^^^^^^^^^^^^^^^^^^^^^^^^
    ...<2 lines>...
        host, port)
        ^^^^^^^^^^^
  File "C:\Users\agust\AppData\Roaming\uv\python\cpython-3.14-windows-x86_64-none\Lib\asyncio\base_events.py", line 1176, in create_connection
    raise OSError('Multiple exceptions: {}'.format(
        ', '.join(str(exc) for exc in exceptions)))
OSError: Multiple exceptions: [Errno 10061] Connect call failed ('::1', 5432, 0, 0), [Errno 10061] Connect call failed ('127.0.0.1', 5432)
2026-07-21 22:30:44,754 INFO    apscheduler.executors.default: Job "_run_matcher_job (trigger: interval[0:00:20], next run at: 2026-07-21 22:31:00 CEST)" executed successfully
2026-07-21 22:30:51,957 INFO    apscheduler.executors.default: Running job "_run_matcher_job (trigger: interval[0:00:20], next run at: 2026-07-21 22:31:11 CEST)" (scheduled at 2026-07-21 22:30:51.951514+02:00)
2026-07-21 22:30:56,015 ERROR   dafstudio: [matcher cron] run failed
Traceback (most recent call last):
  File "C:\apps\personal\DAFStudio\backend\loader_app.py", line 58, in _run_matcher_job
    await Matcher().run()
  File "C:\apps\personal\DAFStudio\backend\apps\matchmaking\service\matcher.py", line 138, in run
    await self.expire_stale()
  File "C:\apps\personal\DAFStudio\backend\apps\matchmaking\service\matcher.py", line 149, in expire_stale
    game_ids = await MatchmakingTicketModel().list_stale_game_ids(
               ^^^^^^^^^^^^^^^^^^^^^^^^^^^^^^^^^^^^^^^^^^^^^^^^^^^
        timeout_seconds=ACCEPTANCE_TIMEOUT_SECONDS
        ^^^^^^^^^^^^^^^^^^^^^^^^^^^^^^^^^^^^^^^^^^
    )
    ^
  File "C:\apps\personal\DAFStudio\backend\apps\matchmaking\models\models.py", line 229, in list_stale_game_ids
    async with self.get_db_connection() as connection:
               ~~~~~~~~~~~~~~~~~~~~~~^^
  File "C:\Users\agust\AppData\Roaming\uv\python\cpython-3.14-windows-x86_64-none\Lib\contextlib.py", line 214, in __aenter__
    return await anext(self.gen)
           ^^^^^^^^^^^^^^^^^^^^^
  File "C:\apps\personal\DAFStudio\backend\apps\matchmaking\models\__init__.py", line 16, in get_db_connection
    async with connection_pool.acquire() as connection:
               ~~~~~~~~~~~~~~~~~~~~~~~^^
  File "C:\apps\personal\DAFStudio\backend\.venv\Lib\site-packages\asyncpg\pool.py", line 1056, in __aenter__
    self.connection = await self.pool._acquire(self.timeout)
                      ^^^^^^^^^^^^^^^^^^^^^^^^^^^^^^^^^^^^^^
  File "C:\apps\personal\DAFStudio\backend\.venv\Lib\site-packages\asyncpg\pool.py", line 896, in _acquire
    return await _acquire_impl()
           ^^^^^^^^^^^^^^^^^^^^^
  File "C:\apps\personal\DAFStudio\backend\.venv\Lib\site-packages\asyncpg\pool.py", line 881, in _acquire_impl
    proxy = await ch.acquire()  # type: PoolConnectionProxy
            ^^^^^^^^^^^^^^^^^^
  File "C:\apps\personal\DAFStudio\backend\.venv\Lib\site-packages\asyncpg\pool.py", line 161, in acquire
    await self.connect()
  File "C:\apps\personal\DAFStudio\backend\.venv\Lib\site-packages\asyncpg\pool.py", line 153, in connect
    self._con = await self._pool._get_new_connection()
                ^^^^^^^^^^^^^^^^^^^^^^^^^^^^^^^^^^^^^^
  File "C:\apps\personal\DAFStudio\backend\.venv\Lib\site-packages\asyncpg\pool.py", line 538, in _get_new_connection
    con = await self._connect(
          ^^^^^^^^^^^^^^^^^^^^
    ...<5 lines>...
    )
    ^
  File "C:\apps\personal\DAFStudio\backend\.venv\Lib\site-packages\asyncpg\connection.py", line 2443, in connect
    return await connect_utils._connect(
           ^^^^^^^^^^^^^^^^^^^^^^^^^^^^^
    ...<22 lines>...
    )
    ^
  File "C:\apps\personal\DAFStudio\backend\.venv\Lib\site-packages\asyncpg\connect_utils.py", line 1249, in _connect
    raise last_error or exceptions.TargetServerAttributeNotMatched(
    ...<2 lines>...
    )
  File "C:\apps\personal\DAFStudio\backend\.venv\Lib\site-packages\asyncpg\connect_utils.py", line 1218, in _connect
    conn = await _connect_addr(
           ^^^^^^^^^^^^^^^^^^^^
    ...<6 lines>...
    )
    ^
  File "C:\apps\personal\DAFStudio\backend\.venv\Lib\site-packages\asyncpg\connect_utils.py", line 1054, in _connect_addr
    return await __connect_addr(params, True, *args)
           ^^^^^^^^^^^^^^^^^^^^^^^^^^^^^^^^^^^^^^^^^
  File "C:\apps\personal\DAFStudio\backend\.venv\Lib\site-packages\asyncpg\connect_utils.py", line 1099, in __connect_addr
    tr, pr = await connector
             ^^^^^^^^^^^^^^^
  File "C:\apps\personal\DAFStudio\backend\.venv\Lib\site-packages\asyncpg\connect_utils.py", line 969, in _create_ssl_connection
    tr, pr = await loop.create_connection(
             ^^^^^^^^^^^^^^^^^^^^^^^^^^^^^
    ...<2 lines>...
        host, port)
        ^^^^^^^^^^^
  File "C:\Users\agust\AppData\Roaming\uv\python\cpython-3.14-windows-x86_64-none\Lib\asyncio\base_events.py", line 1176, in create_connection
    raise OSError('Multiple exceptions: {}'.format(
        ', '.join(str(exc) for exc in exceptions)))
OSError: Multiple exceptions: [Errno 10061] Connect call failed ('::1', 5432, 0, 0), [Errno 10061] Connect call failed ('127.0.0.1', 5432)
2026-07-21 22:30:56,017 INFO    apscheduler.executors.default: Job "_run_matcher_job (trigger: interval[0:00:20], next run at: 2026-07-21 22:31:11 CEST)" executed successfully
2026-07-21 22:31:00,703 INFO    apscheduler.executors.default: Running job "_run_matcher_job (trigger: interval[0:00:20], next run at: 2026-07-21 22:31:20 CEST)" (scheduled at 2026-07-21 22:31:00.686898+02:00)
2026-07-21 22:31:04,753 ERROR   dafstudio: [matcher cron] run failed
Traceback (most recent call last):
  File "C:\apps\personal\DAFStudio\backend\loader_app.py", line 58, in _run_matcher_job
    await Matcher().run()
  File "C:\apps\personal\DAFStudio\backend\apps\matchmaking\service\matcher.py", line 138, in run
    await self.expire_stale()
  File "C:\apps\personal\DAFStudio\backend\apps\matchmaking\service\matcher.py", line 149, in expire_stale
    game_ids = await MatchmakingTicketModel().list_stale_game_ids(
               ^^^^^^^^^^^^^^^^^^^^^^^^^^^^^^^^^^^^^^^^^^^^^^^^^^^
        timeout_seconds=ACCEPTANCE_TIMEOUT_SECONDS
        ^^^^^^^^^^^^^^^^^^^^^^^^^^^^^^^^^^^^^^^^^^
    )
    ^
  File "C:\apps\personal\DAFStudio\backend\apps\matchmaking\models\models.py", line 229, in list_stale_game_ids
    async with self.get_db_connection() as connection:
               ~~~~~~~~~~~~~~~~~~~~~~^^
  File "C:\Users\agust\AppData\Roaming\uv\python\cpython-3.14-windows-x86_64-none\Lib\contextlib.py", line 214, in __aenter__
    return await anext(self.gen)
           ^^^^^^^^^^^^^^^^^^^^^
  File "C:\apps\personal\DAFStudio\backend\apps\matchmaking\models\__init__.py", line 16, in get_db_connection
    async with connection_pool.acquire() as connection:
               ~~~~~~~~~~~~~~~~~~~~~~~^^
  File "C:\apps\personal\DAFStudio\backend\.venv\Lib\site-packages\asyncpg\pool.py", line 1056, in __aenter__
    self.connection = await self.pool._acquire(self.timeout)
                      ^^^^^^^^^^^^^^^^^^^^^^^^^^^^^^^^^^^^^^
  File "C:\apps\personal\DAFStudio\backend\.venv\Lib\site-packages\asyncpg\pool.py", line 896, in _acquire
    return await _acquire_impl()
           ^^^^^^^^^^^^^^^^^^^^^
  File "C:\apps\personal\DAFStudio\backend\.venv\Lib\site-packages\asyncpg\pool.py", line 881, in _acquire_impl
    proxy = await ch.acquire()  # type: PoolConnectionProxy
            ^^^^^^^^^^^^^^^^^^
  File "C:\apps\personal\DAFStudio\backend\.venv\Lib\site-packages\asyncpg\pool.py", line 161, in acquire
    await self.connect()
  File "C:\apps\personal\DAFStudio\backend\.venv\Lib\site-packages\asyncpg\pool.py", line 153, in connect
    self._con = await self._pool._get_new_connection()
                ^^^^^^^^^^^^^^^^^^^^^^^^^^^^^^^^^^^^^^
  File "C:\apps\personal\DAFStudio\backend\.venv\Lib\site-packages\asyncpg\pool.py", line 538, in _get_new_connection
    con = await self._connect(
          ^^^^^^^^^^^^^^^^^^^^
    ...<5 lines>...
    )
    ^
  File "C:\apps\personal\DAFStudio\backend\.venv\Lib\site-packages\asyncpg\connection.py", line 2443, in connect
    return await connect_utils._connect(
           ^^^^^^^^^^^^^^^^^^^^^^^^^^^^^
    ...<22 lines>...
    )
    ^
  File "C:\apps\personal\DAFStudio\backend\.venv\Lib\site-packages\asyncpg\connect_utils.py", line 1249, in _connect
    raise last_error or exceptions.TargetServerAttributeNotMatched(
    ...<2 lines>...
    )
  File "C:\apps\personal\DAFStudio\backend\.venv\Lib\site-packages\asyncpg\connect_utils.py", line 1218, in _connect
    conn = await _connect_addr(
           ^^^^^^^^^^^^^^^^^^^^
    ...<6 lines>...
    )
    ^
  File "C:\apps\personal\DAFStudio\backend\.venv\Lib\site-packages\asyncpg\connect_utils.py", line 1054, in _connect_addr
    return await __connect_addr(params, True, *args)
           ^^^^^^^^^^^^^^^^^^^^^^^^^^^^^^^^^^^^^^^^^
  File "C:\apps\personal\DAFStudio\backend\.venv\Lib\site-packages\asyncpg\connect_utils.py", line 1099, in __connect_addr
    tr, pr = await connector
             ^^^^^^^^^^^^^^^
  File "C:\apps\personal\DAFStudio\backend\.venv\Lib\site-packages\asyncpg\connect_utils.py", line 969, in _create_ssl_connection
    tr, pr = await loop.create_connection(
             ^^^^^^^^^^^^^^^^^^^^^^^^^^^^^
    ...<2 lines>...
        host, port)
        ^^^^^^^^^^^
  File "C:\Users\agust\AppData\Roaming\uv\python\cpython-3.14-windows-x86_64-none\Lib\asyncio\base_events.py", line 1176, in create_connection
    raise OSError('Multiple exceptions: {}'.format(
        ', '.join(str(exc) for exc in exceptions)))
OSError: Multiple exceptions: [Errno 10061] Connect call failed ('::1', 5432, 0, 0), [Errno 10061] Connect call failed ('127.0.0.1', 5432)
2026-07-21 22:31:04,754 INFO    apscheduler.executors.default: Job "_run_matcher_job (trigger: interval[0:00:20], next run at: 2026-07-21 22:31:20 CEST)" executed successfully
2026-07-21 22:31:11,968 INFO    apscheduler.executors.default: Running job "_run_matcher_job (trigger: interval[0:00:20], next run at: 2026-07-21 22:31:31 CEST)" (scheduled at 2026-07-21 22:31:11.951514+02:00)
2026-07-21 22:31:16,043 ERROR   dafstudio: [matcher cron] run failed
Traceback (most recent call last):
  File "C:\apps\personal\DAFStudio\backend\loader_app.py", line 58, in _run_matcher_job
    await Matcher().run()
  File "C:\apps\personal\DAFStudio\backend\apps\matchmaking\service\matcher.py", line 138, in run
    await self.expire_stale()
  File "C:\apps\personal\DAFStudio\backend\apps\matchmaking\service\matcher.py", line 149, in expire_stale
    game_ids = await MatchmakingTicketModel().list_stale_game_ids(
               ^^^^^^^^^^^^^^^^^^^^^^^^^^^^^^^^^^^^^^^^^^^^^^^^^^^
        timeout_seconds=ACCEPTANCE_TIMEOUT_SECONDS
        ^^^^^^^^^^^^^^^^^^^^^^^^^^^^^^^^^^^^^^^^^^
    )
    ^
  File "C:\apps\personal\DAFStudio\backend\apps\matchmaking\models\models.py", line 229, in list_stale_game_ids
    async with self.get_db_connection() as connection:
               ~~~~~~~~~~~~~~~~~~~~~~^^
  File "C:\Users\agust\AppData\Roaming\uv\python\cpython-3.14-windows-x86_64-none\Lib\contextlib.py", line 214, in __aenter__
    return await anext(self.gen)
           ^^^^^^^^^^^^^^^^^^^^^
  File "C:\apps\personal\DAFStudio\backend\apps\matchmaking\models\__init__.py", line 16, in get_db_connection
    async with connection_pool.acquire() as connection:
               ~~~~~~~~~~~~~~~~~~~~~~~^^
  File "C:\apps\personal\DAFStudio\backend\.venv\Lib\site-packages\asyncpg\pool.py", line 1056, in __aenter__
    self.connection = await self.pool._acquire(self.timeout)
                      ^^^^^^^^^^^^^^^^^^^^^^^^^^^^^^^^^^^^^^
  File "C:\apps\personal\DAFStudio\backend\.venv\Lib\site-packages\asyncpg\pool.py", line 896, in _acquire
    return await _acquire_impl()
           ^^^^^^^^^^^^^^^^^^^^^
  File "C:\apps\personal\DAFStudio\backend\.venv\Lib\site-packages\asyncpg\pool.py", line 881, in _acquire_impl
    proxy = await ch.acquire()  # type: PoolConnectionProxy
            ^^^^^^^^^^^^^^^^^^
  File "C:\apps\personal\DAFStudio\backend\.venv\Lib\site-packages\asyncpg\pool.py", line 161, in acquire
    await self.connect()
  File "C:\apps\personal\DAFStudio\backend\.venv\Lib\site-packages\asyncpg\pool.py", line 153, in connect
    self._con = await self._pool._get_new_connection()
                ^^^^^^^^^^^^^^^^^^^^^^^^^^^^^^^^^^^^^^
  File "C:\apps\personal\DAFStudio\backend\.venv\Lib\site-packages\asyncpg\pool.py", line 538, in _get_new_connection
    con = await self._connect(
          ^^^^^^^^^^^^^^^^^^^^
    ...<5 lines>...
    )
    ^
  File "C:\apps\personal\DAFStudio\backend\.venv\Lib\site-packages\asyncpg\connection.py", line 2443, in connect
    return await connect_utils._connect(
           ^^^^^^^^^^^^^^^^^^^^^^^^^^^^^
    ...<22 lines>...
    )
    ^
  File "C:\apps\personal\DAFStudio\backend\.venv\Lib\site-packages\asyncpg\connect_utils.py", line 1249, in _connect
    raise last_error or exceptions.TargetServerAttributeNotMatched(
    ...<2 lines>...
    )
  File "C:\apps\personal\DAFStudio\backend\.venv\Lib\site-packages\asyncpg\connect_utils.py", line 1218, in _connect
    conn = await _connect_addr(
           ^^^^^^^^^^^^^^^^^^^^
    ...<6 lines>...
    )
    ^
  File "C:\apps\personal\DAFStudio\backend\.venv\Lib\site-packages\asyncpg\connect_utils.py", line 1054, in _connect_addr
    return await __connect_addr(params, True, *args)
           ^^^^^^^^^^^^^^^^^^^^^^^^^^^^^^^^^^^^^^^^^
  File "C:\apps\personal\DAFStudio\backend\.venv\Lib\site-packages\asyncpg\connect_utils.py", line 1099, in __connect_addr
    tr, pr = await connector
             ^^^^^^^^^^^^^^^
  File "C:\apps\personal\DAFStudio\backend\.venv\Lib\site-packages\asyncpg\connect_utils.py", line 969, in _create_ssl_connection
    tr, pr = await loop.create_connection(
             ^^^^^^^^^^^^^^^^^^^^^^^^^^^^^
    ...<2 lines>...
        host, port)
        ^^^^^^^^^^^
  File "C:\Users\agust\AppData\Roaming\uv\python\cpython-3.14-windows-x86_64-none\Lib\asyncio\base_events.py", line 1176, in create_connection
    raise OSError('Multiple exceptions: {}'.format(
        ', '.join(str(exc) for exc in exceptions)))
OSError: Multiple exceptions: [Errno 10061] Connect call failed ('::1', 5432, 0, 0), [Errno 10061] Connect call failed ('127.0.0.1', 5432)
2026-07-21 22:31:16,045 INFO    apscheduler.executors.default: Job "_run_matcher_job (trigger: interval[0:00:20], next run at: 2026-07-21 22:31:31 CEST)" executed successfully
2026-07-21 22:31:20,698 INFO    apscheduler.executors.default: Running job "_run_matcher_job (trigger: interval[0:00:20], next run at: 2026-07-21 22:31:40 CEST)" (scheduled at 2026-07-21 22:31:20.686898+02:00)
2026-07-21 22:31:24,738 ERROR   dafstudio: [matcher cron] run failed
Traceback (most recent call last):
  File "C:\apps\personal\DAFStudio\backend\loader_app.py", line 58, in _run_matcher_job
    await Matcher().run()
  File "C:\apps\personal\DAFStudio\backend\apps\matchmaking\service\matcher.py", line 138, in run
    await self.expire_stale()
  File "C:\apps\personal\DAFStudio\backend\apps\matchmaking\service\matcher.py", line 149, in expire_stale
    game_ids = await MatchmakingTicketModel().list_stale_game_ids(
               ^^^^^^^^^^^^^^^^^^^^^^^^^^^^^^^^^^^^^^^^^^^^^^^^^^^
        timeout_seconds=ACCEPTANCE_TIMEOUT_SECONDS
        ^^^^^^^^^^^^^^^^^^^^^^^^^^^^^^^^^^^^^^^^^^
    )
    ^
  File "C:\apps\personal\DAFStudio\backend\apps\matchmaking\models\models.py", line 229, in list_stale_game_ids
    async with self.get_db_connection() as connection:
               ~~~~~~~~~~~~~~~~~~~~~~^^
  File "C:\Users\agust\AppData\Roaming\uv\python\cpython-3.14-windows-x86_64-none\Lib\contextlib.py", line 214, in __aenter__
    return await anext(self.gen)
           ^^^^^^^^^^^^^^^^^^^^^
  File "C:\apps\personal\DAFStudio\backend\apps\matchmaking\models\__init__.py", line 16, in get_db_connection
    async with connection_pool.acquire() as connection:
               ~~~~~~~~~~~~~~~~~~~~~~~^^
  File "C:\apps\personal\DAFStudio\backend\.venv\Lib\site-packages\asyncpg\pool.py", line 1056, in __aenter__
    self.connection = await self.pool._acquire(self.timeout)
                      ^^^^^^^^^^^^^^^^^^^^^^^^^^^^^^^^^^^^^^
  File "C:\apps\personal\DAFStudio\backend\.venv\Lib\site-packages\asyncpg\pool.py", line 896, in _acquire
    return await _acquire_impl()
           ^^^^^^^^^^^^^^^^^^^^^
  File "C:\apps\personal\DAFStudio\backend\.venv\Lib\site-packages\asyncpg\pool.py", line 881, in _acquire_impl
    proxy = await ch.acquire()  # type: PoolConnectionProxy
            ^^^^^^^^^^^^^^^^^^
  File "C:\apps\personal\DAFStudio\backend\.venv\Lib\site-packages\asyncpg\pool.py", line 161, in acquire
    await self.connect()
  File "C:\apps\personal\DAFStudio\backend\.venv\Lib\site-packages\asyncpg\pool.py", line 153, in connect
    self._con = await self._pool._get_new_connection()
                ^^^^^^^^^^^^^^^^^^^^^^^^^^^^^^^^^^^^^^
  File "C:\apps\personal\DAFStudio\backend\.venv\Lib\site-packages\asyncpg\pool.py", line 538, in _get_new_connection
    con = await self._connect(
          ^^^^^^^^^^^^^^^^^^^^
    ...<5 lines>...
    )
    ^
  File "C:\apps\personal\DAFStudio\backend\.venv\Lib\site-packages\asyncpg\connection.py", line 2443, in connect
    return await connect_utils._connect(
           ^^^^^^^^^^^^^^^^^^^^^^^^^^^^^
    ...<22 lines>...
    )
    ^
  File "C:\apps\personal\DAFStudio\backend\.venv\Lib\site-packages\asyncpg\connect_utils.py", line 1249, in _connect
    raise last_error or exceptions.TargetServerAttributeNotMatched(
    ...<2 lines>...
    )
  File "C:\apps\personal\DAFStudio\backend\.venv\Lib\site-packages\asyncpg\connect_utils.py", line 1218, in _connect
    conn = await _connect_addr(
           ^^^^^^^^^^^^^^^^^^^^
    ...<6 lines>...
    )
    ^
  File "C:\apps\personal\DAFStudio\backend\.venv\Lib\site-packages\asyncpg\connect_utils.py", line 1054, in _connect_addr
    return await __connect_addr(params, True, *args)
           ^^^^^^^^^^^^^^^^^^^^^^^^^^^^^^^^^^^^^^^^^
  File "C:\apps\personal\DAFStudio\backend\.venv\Lib\site-packages\asyncpg\connect_utils.py", line 1099, in __connect_addr
    tr, pr = await connector
             ^^^^^^^^^^^^^^^
  File "C:\apps\personal\DAFStudio\backend\.venv\Lib\site-packages\asyncpg\connect_utils.py", line 969, in _create_ssl_connection
    tr, pr = await loop.create_connection(
             ^^^^^^^^^^^^^^^^^^^^^^^^^^^^^
    ...<2 lines>...
        host, port)
        ^^^^^^^^^^^
  File "C:\Users\agust\AppData\Roaming\uv\python\cpython-3.14-windows-x86_64-none\Lib\asyncio\base_events.py", line 1176, in create_connection
    raise OSError('Multiple exceptions: {}'.format(
        ', '.join(str(exc) for exc in exceptions)))
OSError: Multiple exceptions: [Errno 10061] Connect call failed ('::1', 5432, 0, 0), [Errno 10061] Connect call failed ('127.0.0.1', 5432)
2026-07-21 22:31:24,740 INFO    apscheduler.executors.default: Job "_run_matcher_job (trigger: interval[0:00:20], next run at: 2026-07-21 22:31:40 CEST)" executed successfully
2026-07-21 22:31:31,960 INFO    apscheduler.executors.default: Running job "_run_matcher_job (trigger: interval[0:00:20], next run at: 2026-07-21 22:31:51 CEST)" (scheduled at 2026-07-21 22:31:31.951514+02:00)
2026-07-21 22:31:36,025 ERROR   dafstudio: [matcher cron] run failed
Traceback (most recent call last):
  File "C:\apps\personal\DAFStudio\backend\loader_app.py", line 58, in _run_matcher_job
    await Matcher().run()
  File "C:\apps\personal\DAFStudio\backend\apps\matchmaking\service\matcher.py", line 138, in run
    await self.expire_stale()
  File "C:\apps\personal\DAFStudio\backend\apps\matchmaking\service\matcher.py", line 149, in expire_stale
    game_ids = await MatchmakingTicketModel().list_stale_game_ids(
               ^^^^^^^^^^^^^^^^^^^^^^^^^^^^^^^^^^^^^^^^^^^^^^^^^^^
        timeout_seconds=ACCEPTANCE_TIMEOUT_SECONDS
        ^^^^^^^^^^^^^^^^^^^^^^^^^^^^^^^^^^^^^^^^^^
    )
    ^
  File "C:\apps\personal\DAFStudio\backend\apps\matchmaking\models\models.py", line 229, in list_stale_game_ids
    async with self.get_db_connection() as connection:
               ~~~~~~~~~~~~~~~~~~~~~~^^
  File "C:\Users\agust\AppData\Roaming\uv\python\cpython-3.14-windows-x86_64-none\Lib\contextlib.py", line 214, in __aenter__
    return await anext(self.gen)
           ^^^^^^^^^^^^^^^^^^^^^
  File "C:\apps\personal\DAFStudio\backend\apps\matchmaking\models\__init__.py", line 16, in get_db_connection
    async with connection_pool.acquire() as connection:
               ~~~~~~~~~~~~~~~~~~~~~~~^^
  File "C:\apps\personal\DAFStudio\backend\.venv\Lib\site-packages\asyncpg\pool.py", line 1056, in __aenter__
    self.connection = await self.pool._acquire(self.timeout)
                      ^^^^^^^^^^^^^^^^^^^^^^^^^^^^^^^^^^^^^^
  File "C:\apps\personal\DAFStudio\backend\.venv\Lib\site-packages\asyncpg\pool.py", line 896, in _acquire
    return await _acquire_impl()
           ^^^^^^^^^^^^^^^^^^^^^
  File "C:\apps\personal\DAFStudio\backend\.venv\Lib\site-packages\asyncpg\pool.py", line 881, in _acquire_impl
    proxy = await ch.acquire()  # type: PoolConnectionProxy
            ^^^^^^^^^^^^^^^^^^
  File "C:\apps\personal\DAFStudio\backend\.venv\Lib\site-packages\asyncpg\pool.py", line 161, in acquire
    await self.connect()
  File "C:\apps\personal\DAFStudio\backend\.venv\Lib\site-packages\asyncpg\pool.py", line 153, in connect
    self._con = await self._pool._get_new_connection()
                ^^^^^^^^^^^^^^^^^^^^^^^^^^^^^^^^^^^^^^
  File "C:\apps\personal\DAFStudio\backend\.venv\Lib\site-packages\asyncpg\pool.py", line 538, in _get_new_connection
    con = await self._connect(
          ^^^^^^^^^^^^^^^^^^^^
    ...<5 lines>...
    )
    ^
  File "C:\apps\personal\DAFStudio\backend\.venv\Lib\site-packages\asyncpg\connection.py", line 2443, in connect
    return await connect_utils._connect(
           ^^^^^^^^^^^^^^^^^^^^^^^^^^^^^
    ...<22 lines>...
    )
    ^
  File "C:\apps\personal\DAFStudio\backend\.venv\Lib\site-packages\asyncpg\connect_utils.py", line 1249, in _connect
    raise last_error or exceptions.TargetServerAttributeNotMatched(
    ...<2 lines>...
    )
  File "C:\apps\personal\DAFStudio\backend\.venv\Lib\site-packages\asyncpg\connect_utils.py", line 1218, in _connect
    conn = await _connect_addr(
           ^^^^^^^^^^^^^^^^^^^^
    ...<6 lines>...
    )
    ^
  File "C:\apps\personal\DAFStudio\backend\.venv\Lib\site-packages\asyncpg\connect_utils.py", line 1054, in _connect_addr
    return await __connect_addr(params, True, *args)
           ^^^^^^^^^^^^^^^^^^^^^^^^^^^^^^^^^^^^^^^^^
  File "C:\apps\personal\DAFStudio\backend\.venv\Lib\site-packages\asyncpg\connect_utils.py", line 1099, in __connect_addr
    tr, pr = await connector
             ^^^^^^^^^^^^^^^
  File "C:\apps\personal\DAFStudio\backend\.venv\Lib\site-packages\asyncpg\connect_utils.py", line 969, in _create_ssl_connection
    tr, pr = await loop.create_connection(
             ^^^^^^^^^^^^^^^^^^^^^^^^^^^^^
    ...<2 lines>...
        host, port)
        ^^^^^^^^^^^
  File "C:\Users\agust\AppData\Roaming\uv\python\cpython-3.14-windows-x86_64-none\Lib\asyncio\base_events.py", line 1176, in create_connection
    raise OSError('Multiple exceptions: {}'.format(
        ', '.join(str(exc) for exc in exceptions)))
OSError: Multiple exceptions: [Errno 10061] Connect call failed ('::1', 5432, 0, 0), [Errno 10061] Connect call failed ('127.0.0.1', 5432)
2026-07-21 22:31:36,027 INFO    apscheduler.executors.default: Job "_run_matcher_job (trigger: interval[0:00:20], next run at: 2026-07-21 22:31:51 CEST)" executed successfully
2026-07-21 22:31:40,692 INFO    apscheduler.executors.default: Running job "_run_matcher_job (trigger: interval[0:00:20], next run at: 2026-07-21 22:32:00 CEST)" (scheduled at 2026-07-21 22:31:40.686898+02:00)
2026-07-21 22:31:44,716 ERROR   dafstudio: [matcher cron] run failed
Traceback (most recent call last):
  File "C:\apps\personal\DAFStudio\backend\loader_app.py", line 58, in _run_matcher_job
    await Matcher().run()
  File "C:\apps\personal\DAFStudio\backend\apps\matchmaking\service\matcher.py", line 138, in run
    await self.expire_stale()
  File "C:\apps\personal\DAFStudio\backend\apps\matchmaking\service\matcher.py", line 149, in expire_stale
    game_ids = await MatchmakingTicketModel().list_stale_game_ids(
               ^^^^^^^^^^^^^^^^^^^^^^^^^^^^^^^^^^^^^^^^^^^^^^^^^^^
        timeout_seconds=ACCEPTANCE_TIMEOUT_SECONDS
        ^^^^^^^^^^^^^^^^^^^^^^^^^^^^^^^^^^^^^^^^^^
    )
    ^
  File "C:\apps\personal\DAFStudio\backend\apps\matchmaking\models\models.py", line 229, in list_stale_game_ids
    async with self.get_db_connection() as connection:
               ~~~~~~~~~~~~~~~~~~~~~~^^
  File "C:\Users\agust\AppData\Roaming\uv\python\cpython-3.14-windows-x86_64-none\Lib\contextlib.py", line 214, in __aenter__
    return await anext(self.gen)
           ^^^^^^^^^^^^^^^^^^^^^
  File "C:\apps\personal\DAFStudio\backend\apps\matchmaking\models\__init__.py", line 16, in get_db_connection
    async with connection_pool.acquire() as connection:
               ~~~~~~~~~~~~~~~~~~~~~~~^^
  File "C:\apps\personal\DAFStudio\backend\.venv\Lib\site-packages\asyncpg\pool.py", line 1056, in __aenter__
    self.connection = await self.pool._acquire(self.timeout)
                      ^^^^^^^^^^^^^^^^^^^^^^^^^^^^^^^^^^^^^^
  File "C:\apps\personal\DAFStudio\backend\.venv\Lib\site-packages\asyncpg\pool.py", line 896, in _acquire
    return await _acquire_impl()
           ^^^^^^^^^^^^^^^^^^^^^
  File "C:\apps\personal\DAFStudio\backend\.venv\Lib\site-packages\asyncpg\pool.py", line 881, in _acquire_impl
    proxy = await ch.acquire()  # type: PoolConnectionProxy
            ^^^^^^^^^^^^^^^^^^
  File "C:\apps\personal\DAFStudio\backend\.venv\Lib\site-packages\asyncpg\pool.py", line 161, in acquire
    await self.connect()
  File "C:\apps\personal\DAFStudio\backend\.venv\Lib\site-packages\asyncpg\pool.py", line 153, in connect
    self._con = await self._pool._get_new_connection()
                ^^^^^^^^^^^^^^^^^^^^^^^^^^^^^^^^^^^^^^
  File "C:\apps\personal\DAFStudio\backend\.venv\Lib\site-packages\asyncpg\pool.py", line 538, in _get_new_connection
    con = await self._connect(
          ^^^^^^^^^^^^^^^^^^^^
    ...<5 lines>...
    )
    ^
  File "C:\apps\personal\DAFStudio\backend\.venv\Lib\site-packages\asyncpg\connection.py", line 2443, in connect
    return await connect_utils._connect(
           ^^^^^^^^^^^^^^^^^^^^^^^^^^^^^
    ...<22 lines>...
    )
    ^
  File "C:\apps\personal\DAFStudio\backend\.venv\Lib\site-packages\asyncpg\connect_utils.py", line 1249, in _connect
    raise last_error or exceptions.TargetServerAttributeNotMatched(
    ...<2 lines>...
    )
  File "C:\apps\personal\DAFStudio\backend\.venv\Lib\site-packages\asyncpg\connect_utils.py", line 1218, in _connect
    conn = await _connect_addr(
           ^^^^^^^^^^^^^^^^^^^^
    ...<6 lines>...
    )
    ^
  File "C:\apps\personal\DAFStudio\backend\.venv\Lib\site-packages\asyncpg\connect_utils.py", line 1054, in _connect_addr
    return await __connect_addr(params, True, *args)
           ^^^^^^^^^^^^^^^^^^^^^^^^^^^^^^^^^^^^^^^^^
  File "C:\apps\personal\DAFStudio\backend\.venv\Lib\site-packages\asyncpg\connect_utils.py", line 1099, in __connect_addr
    tr, pr = await connector
             ^^^^^^^^^^^^^^^
  File "C:\apps\personal\DAFStudio\backend\.venv\Lib\site-packages\asyncpg\connect_utils.py", line 969, in _create_ssl_connection
    tr, pr = await loop.create_connection(
             ^^^^^^^^^^^^^^^^^^^^^^^^^^^^^
    ...<2 lines>...
        host, port)
        ^^^^^^^^^^^
  File "C:\Users\agust\AppData\Roaming\uv\python\cpython-3.14-windows-x86_64-none\Lib\asyncio\base_events.py", line 1176, in create_connection
    raise OSError('Multiple exceptions: {}'.format(
        ', '.join(str(exc) for exc in exceptions)))
OSError: Multiple exceptions: [Errno 10061] Connect call failed ('::1', 5432, 0, 0), [Errno 10061] Connect call failed ('127.0.0.1', 5432)
2026-07-21 22:31:44,718 INFO    apscheduler.executors.default: Job "_run_matcher_job (trigger: interval[0:00:20], next run at: 2026-07-21 22:32:00 CEST)" executed successfully
2026-07-21 22:31:51,961 INFO    apscheduler.executors.default: Running job "_run_matcher_job (trigger: interval[0:00:20], next run at: 2026-07-21 22:32:11 CEST)" (scheduled at 2026-07-21 22:31:51.951514+02:00)
2026-07-21 22:31:55,987 ERROR   dafstudio: [matcher cron] run failed
Traceback (most recent call last):
  File "C:\apps\personal\DAFStudio\backend\loader_app.py", line 58, in _run_matcher_job
    await Matcher().run()
  File "C:\apps\personal\DAFStudio\backend\apps\matchmaking\service\matcher.py", line 138, in run
    await self.expire_stale()
  File "C:\apps\personal\DAFStudio\backend\apps\matchmaking\service\matcher.py", line 149, in expire_stale
    game_ids = await MatchmakingTicketModel().list_stale_game_ids(
               ^^^^^^^^^^^^^^^^^^^^^^^^^^^^^^^^^^^^^^^^^^^^^^^^^^^
        timeout_seconds=ACCEPTANCE_TIMEOUT_SECONDS
        ^^^^^^^^^^^^^^^^^^^^^^^^^^^^^^^^^^^^^^^^^^
    )
    ^
  File "C:\apps\personal\DAFStudio\backend\apps\matchmaking\models\models.py", line 229, in list_stale_game_ids
    async with self.get_db_connection() as connection:
               ~~~~~~~~~~~~~~~~~~~~~~^^
  File "C:\Users\agust\AppData\Roaming\uv\python\cpython-3.14-windows-x86_64-none\Lib\contextlib.py", line 214, in __aenter__
    return await anext(self.gen)
           ^^^^^^^^^^^^^^^^^^^^^
  File "C:\apps\personal\DAFStudio\backend\apps\matchmaking\models\__init__.py", line 16, in get_db_connection
    async with connection_pool.acquire() as connection:
               ~~~~~~~~~~~~~~~~~~~~~~~^^
  File "C:\apps\personal\DAFStudio\backend\.venv\Lib\site-packages\asyncpg\pool.py", line 1056, in __aenter__
    self.connection = await self.pool._acquire(self.timeout)
                      ^^^^^^^^^^^^^^^^^^^^^^^^^^^^^^^^^^^^^^
  File "C:\apps\personal\DAFStudio\backend\.venv\Lib\site-packages\asyncpg\pool.py", line 896, in _acquire
    return await _acquire_impl()
           ^^^^^^^^^^^^^^^^^^^^^
  File "C:\apps\personal\DAFStudio\backend\.venv\Lib\site-packages\asyncpg\pool.py", line 881, in _acquire_impl
    proxy = await ch.acquire()  # type: PoolConnectionProxy
            ^^^^^^^^^^^^^^^^^^
  File "C:\apps\personal\DAFStudio\backend\.venv\Lib\site-packages\asyncpg\pool.py", line 161, in acquire
    await self.connect()
  File "C:\apps\personal\DAFStudio\backend\.venv\Lib\site-packages\asyncpg\pool.py", line 153, in connect
    self._con = await self._pool._get_new_connection()
                ^^^^^^^^^^^^^^^^^^^^^^^^^^^^^^^^^^^^^^
  File "C:\apps\personal\DAFStudio\backend\.venv\Lib\site-packages\asyncpg\pool.py", line 538, in _get_new_connection
    con = await self._connect(
          ^^^^^^^^^^^^^^^^^^^^
    ...<5 lines>...
    )
    ^
  File "C:\apps\personal\DAFStudio\backend\.venv\Lib\site-packages\asyncpg\connection.py", line 2443, in connect
    return await connect_utils._connect(
           ^^^^^^^^^^^^^^^^^^^^^^^^^^^^^
    ...<22 lines>...
    )
    ^
  File "C:\apps\personal\DAFStudio\backend\.venv\Lib\site-packages\asyncpg\connect_utils.py", line 1249, in _connect
    raise last_error or exceptions.TargetServerAttributeNotMatched(
    ...<2 lines>...
    )
  File "C:\apps\personal\DAFStudio\backend\.venv\Lib\site-packages\asyncpg\connect_utils.py", line 1218, in _connect
    conn = await _connect_addr(
           ^^^^^^^^^^^^^^^^^^^^
    ...<6 lines>...
    )
    ^
  File "C:\apps\personal\DAFStudio\backend\.venv\Lib\site-packages\asyncpg\connect_utils.py", line 1054, in _connect_addr
    return await __connect_addr(params, True, *args)
           ^^^^^^^^^^^^^^^^^^^^^^^^^^^^^^^^^^^^^^^^^
  File "C:\apps\personal\DAFStudio\backend\.venv\Lib\site-packages\asyncpg\connect_utils.py", line 1099, in __connect_addr
    tr, pr = await connector
             ^^^^^^^^^^^^^^^
  File "C:\apps\personal\DAFStudio\backend\.venv\Lib\site-packages\asyncpg\connect_utils.py", line 969, in _create_ssl_connection
    tr, pr = await loop.create_connection(
             ^^^^^^^^^^^^^^^^^^^^^^^^^^^^^
    ...<2 lines>...
        host, port)
        ^^^^^^^^^^^
  File "C:\Users\agust\AppData\Roaming\uv\python\cpython-3.14-windows-x86_64-none\Lib\asyncio\base_events.py", line 1176, in create_connection
    raise OSError('Multiple exceptions: {}'.format(
        ', '.join(str(exc) for exc in exceptions)))
OSError: Multiple exceptions: [Errno 10061] Connect call failed ('::1', 5432, 0, 0), [Errno 10061] Connect call failed ('127.0.0.1', 5432)
2026-07-21 22:31:55,988 INFO    apscheduler.executors.default: Job "_run_matcher_job (trigger: interval[0:00:20], next run at: 2026-07-21 22:32:11 CEST)" executed successfully
2026-07-21 22:32:00,698 INFO    apscheduler.executors.default: Running job "_run_matcher_job (trigger: interval[0:00:20], next run at: 2026-07-21 22:32:20 CEST)" (scheduled at 2026-07-21 22:32:00.686898+02:00)
2026-07-21 22:32:04,754 ERROR   dafstudio: [matcher cron] run failed
Traceback (most recent call last):
  File "C:\apps\personal\DAFStudio\backend\loader_app.py", line 58, in _run_matcher_job
    await Matcher().run()
  File "C:\apps\personal\DAFStudio\backend\apps\matchmaking\service\matcher.py", line 138, in run
    await self.expire_stale()
  File "C:\apps\personal\DAFStudio\backend\apps\matchmaking\service\matcher.py", line 149, in expire_stale
    game_ids = await MatchmakingTicketModel().list_stale_game_ids(
               ^^^^^^^^^^^^^^^^^^^^^^^^^^^^^^^^^^^^^^^^^^^^^^^^^^^
        timeout_seconds=ACCEPTANCE_TIMEOUT_SECONDS
        ^^^^^^^^^^^^^^^^^^^^^^^^^^^^^^^^^^^^^^^^^^
    )
    ^
  File "C:\apps\personal\DAFStudio\backend\apps\matchmaking\models\models.py", line 229, in list_stale_game_ids
    async with self.get_db_connection() as connection:
               ~~~~~~~~~~~~~~~~~~~~~~^^
  File "C:\Users\agust\AppData\Roaming\uv\python\cpython-3.14-windows-x86_64-none\Lib\contextlib.py", line 214, in __aenter__
    return await anext(self.gen)
           ^^^^^^^^^^^^^^^^^^^^^
  File "C:\apps\personal\DAFStudio\backend\apps\matchmaking\models\__init__.py", line 16, in get_db_connection
    async with connection_pool.acquire() as connection:
               ~~~~~~~~~~~~~~~~~~~~~~~^^
  File "C:\apps\personal\DAFStudio\backend\.venv\Lib\site-packages\asyncpg\pool.py", line 1056, in __aenter__
    self.connection = await self.pool._acquire(self.timeout)
                      ^^^^^^^^^^^^^^^^^^^^^^^^^^^^^^^^^^^^^^
  File "C:\apps\personal\DAFStudio\backend\.venv\Lib\site-packages\asyncpg\pool.py", line 896, in _acquire
    return await _acquire_impl()
           ^^^^^^^^^^^^^^^^^^^^^
  File "C:\apps\personal\DAFStudio\backend\.venv\Lib\site-packages\asyncpg\pool.py", line 881, in _acquire_impl
    proxy = await ch.acquire()  # type: PoolConnectionProxy
            ^^^^^^^^^^^^^^^^^^
  File "C:\apps\personal\DAFStudio\backend\.venv\Lib\site-packages\asyncpg\pool.py", line 161, in acquire
    await self.connect()
  File "C:\apps\personal\DAFStudio\backend\.venv\Lib\site-packages\asyncpg\pool.py", line 153, in connect
    self._con = await self._pool._get_new_connection()
                ^^^^^^^^^^^^^^^^^^^^^^^^^^^^^^^^^^^^^^
  File "C:\apps\personal\DAFStudio\backend\.venv\Lib\site-packages\asyncpg\pool.py", line 538, in _get_new_connection
    con = await self._connect(
          ^^^^^^^^^^^^^^^^^^^^
    ...<5 lines>...
    )
    ^
  File "C:\apps\personal\DAFStudio\backend\.venv\Lib\site-packages\asyncpg\connection.py", line 2443, in connect
    return await connect_utils._connect(
           ^^^^^^^^^^^^^^^^^^^^^^^^^^^^^
    ...<22 lines>...
    )
    ^
  File "C:\apps\personal\DAFStudio\backend\.venv\Lib\site-packages\asyncpg\connect_utils.py", line 1249, in _connect
    raise last_error or exceptions.TargetServerAttributeNotMatched(
    ...<2 lines>...
    )
  File "C:\apps\personal\DAFStudio\backend\.venv\Lib\site-packages\asyncpg\connect_utils.py", line 1218, in _connect
    conn = await _connect_addr(
           ^^^^^^^^^^^^^^^^^^^^
    ...<6 lines>...
    )
    ^
  File "C:\apps\personal\DAFStudio\backend\.venv\Lib\site-packages\asyncpg\connect_utils.py", line 1054, in _connect_addr
    return await __connect_addr(params, True, *args)
           ^^^^^^^^^^^^^^^^^^^^^^^^^^^^^^^^^^^^^^^^^
  File "C:\apps\personal\DAFStudio\backend\.venv\Lib\site-packages\asyncpg\connect_utils.py", line 1099, in __connect_addr
    tr, pr = await connector
             ^^^^^^^^^^^^^^^
  File "C:\apps\personal\DAFStudio\backend\.venv\Lib\site-packages\asyncpg\connect_utils.py", line 969, in _create_ssl_connection
    tr, pr = await loop.create_connection(
             ^^^^^^^^^^^^^^^^^^^^^^^^^^^^^
    ...<2 lines>...
        host, port)
        ^^^^^^^^^^^
  File "C:\Users\agust\AppData\Roaming\uv\python\cpython-3.14-windows-x86_64-none\Lib\asyncio\base_events.py", line 1176, in create_connection
    raise OSError('Multiple exceptions: {}'.format(
        ', '.join(str(exc) for exc in exceptions)))
OSError: Multiple exceptions: [Errno 10061] Connect call failed ('::1', 5432, 0, 0), [Errno 10061] Connect call failed ('127.0.0.1', 5432)
2026-07-21 22:32:04,756 INFO    apscheduler.executors.default: Job "_run_matcher_job (trigger: interval[0:00:20], next run at: 2026-07-21 22:32:20 CEST)" executed successfully
2026-07-21 22:32:11,966 INFO    apscheduler.executors.default: Running job "_run_matcher_job (trigger: interval[0:00:20], next run at: 2026-07-21 22:32:31 CEST)" (scheduled at 2026-07-21 22:32:11.951514+02:00)
2026-07-21 22:32:16,017 ERROR   dafstudio: [matcher cron] run failed
Traceback (most recent call last):
  File "C:\apps\personal\DAFStudio\backend\loader_app.py", line 58, in _run_matcher_job
    await Matcher().run()
  File "C:\apps\personal\DAFStudio\backend\apps\matchmaking\service\matcher.py", line 138, in run
    await self.expire_stale()
  File "C:\apps\personal\DAFStudio\backend\apps\matchmaking\service\matcher.py", line 149, in expire_stale
    game_ids = await MatchmakingTicketModel().list_stale_game_ids(
               ^^^^^^^^^^^^^^^^^^^^^^^^^^^^^^^^^^^^^^^^^^^^^^^^^^^
        timeout_seconds=ACCEPTANCE_TIMEOUT_SECONDS
        ^^^^^^^^^^^^^^^^^^^^^^^^^^^^^^^^^^^^^^^^^^
    )
    ^
  File "C:\apps\personal\DAFStudio\backend\apps\matchmaking\models\models.py", line 229, in list_stale_game_ids
    async with self.get_db_connection() as connection:
               ~~~~~~~~~~~~~~~~~~~~~~^^
  File "C:\Users\agust\AppData\Roaming\uv\python\cpython-3.14-windows-x86_64-none\Lib\contextlib.py", line 214, in __aenter__
    return await anext(self.gen)
           ^^^^^^^^^^^^^^^^^^^^^
  File "C:\apps\personal\DAFStudio\backend\apps\matchmaking\models\__init__.py", line 16, in get_db_connection
    async with connection_pool.acquire() as connection:
               ~~~~~~~~~~~~~~~~~~~~~~~^^
  File "C:\apps\personal\DAFStudio\backend\.venv\Lib\site-packages\asyncpg\pool.py", line 1056, in __aenter__
    self.connection = await self.pool._acquire(self.timeout)
                      ^^^^^^^^^^^^^^^^^^^^^^^^^^^^^^^^^^^^^^
  File "C:\apps\personal\DAFStudio\backend\.venv\Lib\site-packages\asyncpg\pool.py", line 896, in _acquire
    return await _acquire_impl()
           ^^^^^^^^^^^^^^^^^^^^^
  File "C:\apps\personal\DAFStudio\backend\.venv\Lib\site-packages\asyncpg\pool.py", line 881, in _acquire_impl
    proxy = await ch.acquire()  # type: PoolConnectionProxy
            ^^^^^^^^^^^^^^^^^^
  File "C:\apps\personal\DAFStudio\backend\.venv\Lib\site-packages\asyncpg\pool.py", line 161, in acquire
    await self.connect()
  File "C:\apps\personal\DAFStudio\backend\.venv\Lib\site-packages\asyncpg\pool.py", line 153, in connect
    self._con = await self._pool._get_new_connection()
                ^^^^^^^^^^^^^^^^^^^^^^^^^^^^^^^^^^^^^^
  File "C:\apps\personal\DAFStudio\backend\.venv\Lib\site-packages\asyncpg\pool.py", line 538, in _get_new_connection
    con = await self._connect(
          ^^^^^^^^^^^^^^^^^^^^
    ...<5 lines>...
    )
    ^
  File "C:\apps\personal\DAFStudio\backend\.venv\Lib\site-packages\asyncpg\connection.py", line 2443, in connect
    return await connect_utils._connect(
           ^^^^^^^^^^^^^^^^^^^^^^^^^^^^^
    ...<22 lines>...
    )
    ^
  File "C:\apps\personal\DAFStudio\backend\.venv\Lib\site-packages\asyncpg\connect_utils.py", line 1249, in _connect
    raise last_error or exceptions.TargetServerAttributeNotMatched(
    ...<2 lines>...
    )
  File "C:\apps\personal\DAFStudio\backend\.venv\Lib\site-packages\asyncpg\connect_utils.py", line 1218, in _connect
    conn = await _connect_addr(
           ^^^^^^^^^^^^^^^^^^^^
    ...<6 lines>...
    )
    ^
  File "C:\apps\personal\DAFStudio\backend\.venv\Lib\site-packages\asyncpg\connect_utils.py", line 1054, in _connect_addr
    return await __connect_addr(params, True, *args)
           ^^^^^^^^^^^^^^^^^^^^^^^^^^^^^^^^^^^^^^^^^
  File "C:\apps\personal\DAFStudio\backend\.venv\Lib\site-packages\asyncpg\connect_utils.py", line 1099, in __connect_addr
    tr, pr = await connector
             ^^^^^^^^^^^^^^^
  File "C:\apps\personal\DAFStudio\backend\.venv\Lib\site-packages\asyncpg\connect_utils.py", line 969, in _create_ssl_connection
    tr, pr = await loop.create_connection(
             ^^^^^^^^^^^^^^^^^^^^^^^^^^^^^
    ...<2 lines>...
        host, port)
        ^^^^^^^^^^^
  File "C:\Users\agust\AppData\Roaming\uv\python\cpython-3.14-windows-x86_64-none\Lib\asyncio\base_events.py", line 1176, in create_connection
    raise OSError('Multiple exceptions: {}'.format(
        ', '.join(str(exc) for exc in exceptions)))
OSError: Multiple exceptions: [Errno 10061] Connect call failed ('::1', 5432, 0, 0), [Errno 10061] Connect call failed ('127.0.0.1', 5432)
2026-07-21 22:32:16,018 INFO    apscheduler.executors.default: Job "_run_matcher_job (trigger: interval[0:00:20], next run at: 2026-07-21 22:32:31 CEST)" executed successfully
2026-07-21 22:32:20,699 INFO    apscheduler.executors.default: Running job "_run_matcher_job (trigger: interval[0:00:20], next run at: 2026-07-21 22:32:40 CEST)" (scheduled at 2026-07-21 22:32:20.686898+02:00)
2026-07-21 22:32:24,783 ERROR   dafstudio: [matcher cron] run failed
Traceback (most recent call last):
  File "C:\apps\personal\DAFStudio\backend\loader_app.py", line 58, in _run_matcher_job
    await Matcher().run()
  File "C:\apps\personal\DAFStudio\backend\apps\matchmaking\service\matcher.py", line 138, in run
    await self.expire_stale()
  File "C:\apps\personal\DAFStudio\backend\apps\matchmaking\service\matcher.py", line 149, in expire_stale
    game_ids = await MatchmakingTicketModel().list_stale_game_ids(
               ^^^^^^^^^^^^^^^^^^^^^^^^^^^^^^^^^^^^^^^^^^^^^^^^^^^
        timeout_seconds=ACCEPTANCE_TIMEOUT_SECONDS
        ^^^^^^^^^^^^^^^^^^^^^^^^^^^^^^^^^^^^^^^^^^
    )
    ^
  File "C:\apps\personal\DAFStudio\backend\apps\matchmaking\models\models.py", line 229, in list_stale_game_ids
    async with self.get_db_connection() as connection:
               ~~~~~~~~~~~~~~~~~~~~~~^^
  File "C:\Users\agust\AppData\Roaming\uv\python\cpython-3.14-windows-x86_64-none\Lib\contextlib.py", line 214, in __aenter__
    return await anext(self.gen)
           ^^^^^^^^^^^^^^^^^^^^^
  File "C:\apps\personal\DAFStudio\backend\apps\matchmaking\models\__init__.py", line 16, in get_db_connection
    async with connection_pool.acquire() as connection:
               ~~~~~~~~~~~~~~~~~~~~~~~^^
  File "C:\apps\personal\DAFStudio\backend\.venv\Lib\site-packages\asyncpg\pool.py", line 1056, in __aenter__
    self.connection = await self.pool._acquire(self.timeout)
                      ^^^^^^^^^^^^^^^^^^^^^^^^^^^^^^^^^^^^^^
  File "C:\apps\personal\DAFStudio\backend\.venv\Lib\site-packages\asyncpg\pool.py", line 896, in _acquire
    return await _acquire_impl()
           ^^^^^^^^^^^^^^^^^^^^^
  File "C:\apps\personal\DAFStudio\backend\.venv\Lib\site-packages\asyncpg\pool.py", line 881, in _acquire_impl
    proxy = await ch.acquire()  # type: PoolConnectionProxy
            ^^^^^^^^^^^^^^^^^^
  File "C:\apps\personal\DAFStudio\backend\.venv\Lib\site-packages\asyncpg\pool.py", line 161, in acquire
    await self.connect()
  File "C:\apps\personal\DAFStudio\backend\.venv\Lib\site-packages\asyncpg\pool.py", line 153, in connect
    self._con = await self._pool._get_new_connection()
                ^^^^^^^^^^^^^^^^^^^^^^^^^^^^^^^^^^^^^^
  File "C:\apps\personal\DAFStudio\backend\.venv\Lib\site-packages\asyncpg\pool.py", line 538, in _get_new_connection
    con = await self._connect(
          ^^^^^^^^^^^^^^^^^^^^
    ...<5 lines>...
    )
    ^
  File "C:\apps\personal\DAFStudio\backend\.venv\Lib\site-packages\asyncpg\connection.py", line 2443, in connect
    return await connect_utils._connect(
           ^^^^^^^^^^^^^^^^^^^^^^^^^^^^^
    ...<22 lines>...
    )
    ^
  File "C:\apps\personal\DAFStudio\backend\.venv\Lib\site-packages\asyncpg\connect_utils.py", line 1249, in _connect
    raise last_error or exceptions.TargetServerAttributeNotMatched(
    ...<2 lines>...
    )
  File "C:\apps\personal\DAFStudio\backend\.venv\Lib\site-packages\asyncpg\connect_utils.py", line 1218, in _connect
    conn = await _connect_addr(
           ^^^^^^^^^^^^^^^^^^^^
    ...<6 lines>...
    )
    ^
  File "C:\apps\personal\DAFStudio\backend\.venv\Lib\site-packages\asyncpg\connect_utils.py", line 1054, in _connect_addr
    return await __connect_addr(params, True, *args)
           ^^^^^^^^^^^^^^^^^^^^^^^^^^^^^^^^^^^^^^^^^
  File "C:\apps\personal\DAFStudio\backend\.venv\Lib\site-packages\asyncpg\connect_utils.py", line 1099, in __connect_addr
    tr, pr = await connector
             ^^^^^^^^^^^^^^^
  File "C:\apps\personal\DAFStudio\backend\.venv\Lib\site-packages\asyncpg\connect_utils.py", line 969, in _create_ssl_connection
    tr, pr = await loop.create_connection(
             ^^^^^^^^^^^^^^^^^^^^^^^^^^^^^
    ...<2 lines>...
        host, port)
        ^^^^^^^^^^^
  File "C:\Users\agust\AppData\Roaming\uv\python\cpython-3.14-windows-x86_64-none\Lib\asyncio\base_events.py", line 1176, in create_connection
    raise OSError('Multiple exceptions: {}'.format(
        ', '.join(str(exc) for exc in exceptions)))
OSError: Multiple exceptions: [Errno 10061] Connect call failed ('::1', 5432, 0, 0), [Errno 10061] Connect call failed ('127.0.0.1', 5432)
2026-07-21 22:32:24,784 INFO    apscheduler.executors.default: Job "_run_matcher_job (trigger: interval[0:00:20], next run at: 2026-07-21 22:32:40 CEST)" executed successfully
2026-07-21 22:32:31,953 INFO    apscheduler.executors.default: Running job "_run_matcher_job (trigger: interval[0:00:20], next run at: 2026-07-21 22:32:51 CEST)" (scheduled at 2026-07-21 22:32:31.951514+02:00)
2026-07-21 22:32:35,999 ERROR   dafstudio: [matcher cron] run failed
Traceback (most recent call last):
  File "C:\apps\personal\DAFStudio\backend\loader_app.py", line 58, in _run_matcher_job
    await Matcher().run()
  File "C:\apps\personal\DAFStudio\backend\apps\matchmaking\service\matcher.py", line 138, in run
    await self.expire_stale()
  File "C:\apps\personal\DAFStudio\backend\apps\matchmaking\service\matcher.py", line 149, in expire_stale
    game_ids = await MatchmakingTicketModel().list_stale_game_ids(
               ^^^^^^^^^^^^^^^^^^^^^^^^^^^^^^^^^^^^^^^^^^^^^^^^^^^
        timeout_seconds=ACCEPTANCE_TIMEOUT_SECONDS
        ^^^^^^^^^^^^^^^^^^^^^^^^^^^^^^^^^^^^^^^^^^
    )
    ^
  File "C:\apps\personal\DAFStudio\backend\apps\matchmaking\models\models.py", line 229, in list_stale_game_ids
    async with self.get_db_connection() as connection:
               ~~~~~~~~~~~~~~~~~~~~~~^^
  File "C:\Users\agust\AppData\Roaming\uv\python\cpython-3.14-windows-x86_64-none\Lib\contextlib.py", line 214, in __aenter__
    return await anext(self.gen)
           ^^^^^^^^^^^^^^^^^^^^^
  File "C:\apps\personal\DAFStudio\backend\apps\matchmaking\models\__init__.py", line 16, in get_db_connection
    async with connection_pool.acquire() as connection:
               ~~~~~~~~~~~~~~~~~~~~~~~^^
  File "C:\apps\personal\DAFStudio\backend\.venv\Lib\site-packages\asyncpg\pool.py", line 1056, in __aenter__
    self.connection = await self.pool._acquire(self.timeout)
                      ^^^^^^^^^^^^^^^^^^^^^^^^^^^^^^^^^^^^^^
  File "C:\apps\personal\DAFStudio\backend\.venv\Lib\site-packages\asyncpg\pool.py", line 896, in _acquire
    return await _acquire_impl()
           ^^^^^^^^^^^^^^^^^^^^^
  File "C:\apps\personal\DAFStudio\backend\.venv\Lib\site-packages\asyncpg\pool.py", line 881, in _acquire_impl
    proxy = await ch.acquire()  # type: PoolConnectionProxy
            ^^^^^^^^^^^^^^^^^^
  File "C:\apps\personal\DAFStudio\backend\.venv\Lib\site-packages\asyncpg\pool.py", line 161, in acquire
    await self.connect()
  File "C:\apps\personal\DAFStudio\backend\.venv\Lib\site-packages\asyncpg\pool.py", line 153, in connect
    self._con = await self._pool._get_new_connection()
                ^^^^^^^^^^^^^^^^^^^^^^^^^^^^^^^^^^^^^^
  File "C:\apps\personal\DAFStudio\backend\.venv\Lib\site-packages\asyncpg\pool.py", line 538, in _get_new_connection
    con = await self._connect(
          ^^^^^^^^^^^^^^^^^^^^
    ...<5 lines>...
    )
    ^
  File "C:\apps\personal\DAFStudio\backend\.venv\Lib\site-packages\asyncpg\connection.py", line 2443, in connect
    return await connect_utils._connect(
           ^^^^^^^^^^^^^^^^^^^^^^^^^^^^^
    ...<22 lines>...
    )
    ^
  File "C:\apps\personal\DAFStudio\backend\.venv\Lib\site-packages\asyncpg\connect_utils.py", line 1249, in _connect
    raise last_error or exceptions.TargetServerAttributeNotMatched(
    ...<2 lines>...
    )
  File "C:\apps\personal\DAFStudio\backend\.venv\Lib\site-packages\asyncpg\connect_utils.py", line 1218, in _connect
    conn = await _connect_addr(
           ^^^^^^^^^^^^^^^^^^^^
    ...<6 lines>...
    )
    ^
  File "C:\apps\personal\DAFStudio\backend\.venv\Lib\site-packages\asyncpg\connect_utils.py", line 1054, in _connect_addr
    return await __connect_addr(params, True, *args)
           ^^^^^^^^^^^^^^^^^^^^^^^^^^^^^^^^^^^^^^^^^
  File "C:\apps\personal\DAFStudio\backend\.venv\Lib\site-packages\asyncpg\connect_utils.py", line 1099, in __connect_addr
    tr, pr = await connector
             ^^^^^^^^^^^^^^^
  File "C:\apps\personal\DAFStudio\backend\.venv\Lib\site-packages\asyncpg\connect_utils.py", line 969, in _create_ssl_connection
    tr, pr = await loop.create_connection(
             ^^^^^^^^^^^^^^^^^^^^^^^^^^^^^
    ...<2 lines>...
        host, port)
        ^^^^^^^^^^^
  File "C:\Users\agust\AppData\Roaming\uv\python\cpython-3.14-windows-x86_64-none\Lib\asyncio\base_events.py", line 1176, in create_connection
    raise OSError('Multiple exceptions: {}'.format(
        ', '.join(str(exc) for exc in exceptions)))
OSError: Multiple exceptions: [Errno 10061] Connect call failed ('::1', 5432, 0, 0), [Errno 10061] Connect call failed ('127.0.0.1', 5432)
2026-07-21 22:32:36,001 INFO    apscheduler.executors.default: Job "_run_matcher_job (trigger: interval[0:00:20], next run at: 2026-07-21 22:32:51 CEST)" executed successfully
2026-07-21 22:32:40,693 INFO    apscheduler.executors.default: Running job "_run_matcher_job (trigger: interval[0:00:20], next run at: 2026-07-21 22:33:00 CEST)" (scheduled at 2026-07-21 22:32:40.686898+02:00)
2026-07-21 22:32:44,757 ERROR   dafstudio: [matcher cron] run failed
Traceback (most recent call last):
  File "C:\apps\personal\DAFStudio\backend\loader_app.py", line 58, in _run_matcher_job
    await Matcher().run()
  File "C:\apps\personal\DAFStudio\backend\apps\matchmaking\service\matcher.py", line 138, in run
    await self.expire_stale()
  File "C:\apps\personal\DAFStudio\backend\apps\matchmaking\service\matcher.py", line 149, in expire_stale
    game_ids = await MatchmakingTicketModel().list_stale_game_ids(
               ^^^^^^^^^^^^^^^^^^^^^^^^^^^^^^^^^^^^^^^^^^^^^^^^^^^
        timeout_seconds=ACCEPTANCE_TIMEOUT_SECONDS
        ^^^^^^^^^^^^^^^^^^^^^^^^^^^^^^^^^^^^^^^^^^
    )
    ^
  File "C:\apps\personal\DAFStudio\backend\apps\matchmaking\models\models.py", line 229, in list_stale_game_ids
    async with self.get_db_connection() as connection:
               ~~~~~~~~~~~~~~~~~~~~~~^^
  File "C:\Users\agust\AppData\Roaming\uv\python\cpython-3.14-windows-x86_64-none\Lib\contextlib.py", line 214, in __aenter__
    return await anext(self.gen)
           ^^^^^^^^^^^^^^^^^^^^^
  File "C:\apps\personal\DAFStudio\backend\apps\matchmaking\models\__init__.py", line 16, in get_db_connection
    async with connection_pool.acquire() as connection:
               ~~~~~~~~~~~~~~~~~~~~~~~^^
  File "C:\apps\personal\DAFStudio\backend\.venv\Lib\site-packages\asyncpg\pool.py", line 1056, in __aenter__
    self.connection = await self.pool._acquire(self.timeout)
                      ^^^^^^^^^^^^^^^^^^^^^^^^^^^^^^^^^^^^^^
  File "C:\apps\personal\DAFStudio\backend\.venv\Lib\site-packages\asyncpg\pool.py", line 896, in _acquire
    return await _acquire_impl()
           ^^^^^^^^^^^^^^^^^^^^^
  File "C:\apps\personal\DAFStudio\backend\.venv\Lib\site-packages\asyncpg\pool.py", line 881, in _acquire_impl
    proxy = await ch.acquire()  # type: PoolConnectionProxy
            ^^^^^^^^^^^^^^^^^^
  File "C:\apps\personal\DAFStudio\backend\.venv\Lib\site-packages\asyncpg\pool.py", line 161, in acquire
    await self.connect()
  File "C:\apps\personal\DAFStudio\backend\.venv\Lib\site-packages\asyncpg\pool.py", line 153, in connect
    self._con = await self._pool._get_new_connection()
                ^^^^^^^^^^^^^^^^^^^^^^^^^^^^^^^^^^^^^^
  File "C:\apps\personal\DAFStudio\backend\.venv\Lib\site-packages\asyncpg\pool.py", line 538, in _get_new_connection
    con = await self._connect(
          ^^^^^^^^^^^^^^^^^^^^
    ...<5 lines>...
    )
    ^
  File "C:\apps\personal\DAFStudio\backend\.venv\Lib\site-packages\asyncpg\connection.py", line 2443, in connect
    return await connect_utils._connect(
           ^^^^^^^^^^^^^^^^^^^^^^^^^^^^^
    ...<22 lines>...
    )
    ^
  File "C:\apps\personal\DAFStudio\backend\.venv\Lib\site-packages\asyncpg\connect_utils.py", line 1249, in _connect
    raise last_error or exceptions.TargetServerAttributeNotMatched(
    ...<2 lines>...
    )
  File "C:\apps\personal\DAFStudio\backend\.venv\Lib\site-packages\asyncpg\connect_utils.py", line 1218, in _connect
    conn = await _connect_addr(
           ^^^^^^^^^^^^^^^^^^^^
    ...<6 lines>...
    )
    ^
  File "C:\apps\personal\DAFStudio\backend\.venv\Lib\site-packages\asyncpg\connect_utils.py", line 1054, in _connect_addr
    return await __connect_addr(params, True, *args)
           ^^^^^^^^^^^^^^^^^^^^^^^^^^^^^^^^^^^^^^^^^
  File "C:\apps\personal\DAFStudio\backend\.venv\Lib\site-packages\asyncpg\connect_utils.py", line 1099, in __connect_addr
    tr, pr = await connector
             ^^^^^^^^^^^^^^^
  File "C:\apps\personal\DAFStudio\backend\.venv\Lib\site-packages\asyncpg\connect_utils.py", line 969, in _create_ssl_connection
    tr, pr = await loop.create_connection(
             ^^^^^^^^^^^^^^^^^^^^^^^^^^^^^
    ...<2 lines>...
        host, port)
        ^^^^^^^^^^^
  File "C:\Users\agust\AppData\Roaming\uv\python\cpython-3.14-windows-x86_64-none\Lib\asyncio\base_events.py", line 1176, in create_connection
    raise OSError('Multiple exceptions: {}'.format(
        ', '.join(str(exc) for exc in exceptions)))
OSError: Multiple exceptions: [Errno 10061] Connect call failed ('::1', 5432, 0, 0), [Errno 10061] Connect call failed ('127.0.0.1', 5432)
2026-07-21 22:32:44,759 INFO    apscheduler.executors.default: Job "_run_matcher_job (trigger: interval[0:00:20], next run at: 2026-07-21 22:33:00 CEST)" executed successfully
2026-07-21 22:32:51,967 INFO    apscheduler.executors.default: Running job "_run_matcher_job (trigger: interval[0:00:20], next run at: 2026-07-21 22:33:11 CEST)" (scheduled at 2026-07-21 22:32:51.951514+02:00)
2026-07-21 22:32:56,033 ERROR   dafstudio: [matcher cron] run failed
Traceback (most recent call last):
  File "C:\apps\personal\DAFStudio\backend\loader_app.py", line 58, in _run_matcher_job
    await Matcher().run()
  File "C:\apps\personal\DAFStudio\backend\apps\matchmaking\service\matcher.py", line 138, in run
    await self.expire_stale()
  File "C:\apps\personal\DAFStudio\backend\apps\matchmaking\service\matcher.py", line 149, in expire_stale
    game_ids = await MatchmakingTicketModel().list_stale_game_ids(
               ^^^^^^^^^^^^^^^^^^^^^^^^^^^^^^^^^^^^^^^^^^^^^^^^^^^
        timeout_seconds=ACCEPTANCE_TIMEOUT_SECONDS
        ^^^^^^^^^^^^^^^^^^^^^^^^^^^^^^^^^^^^^^^^^^
    )
    ^
  File "C:\apps\personal\DAFStudio\backend\apps\matchmaking\models\models.py", line 229, in list_stale_game_ids
    async with self.get_db_connection() as connection:
               ~~~~~~~~~~~~~~~~~~~~~~^^
  File "C:\Users\agust\AppData\Roaming\uv\python\cpython-3.14-windows-x86_64-none\Lib\contextlib.py", line 214, in __aenter__
    return await anext(self.gen)
           ^^^^^^^^^^^^^^^^^^^^^
  File "C:\apps\personal\DAFStudio\backend\apps\matchmaking\models\__init__.py", line 16, in get_db_connection
    async with connection_pool.acquire() as connection:
               ~~~~~~~~~~~~~~~~~~~~~~~^^
  File "C:\apps\personal\DAFStudio\backend\.venv\Lib\site-packages\asyncpg\pool.py", line 1056, in __aenter__
    self.connection = await self.pool._acquire(self.timeout)
                      ^^^^^^^^^^^^^^^^^^^^^^^^^^^^^^^^^^^^^^
  File "C:\apps\personal\DAFStudio\backend\.venv\Lib\site-packages\asyncpg\pool.py", line 896, in _acquire
    return await _acquire_impl()
           ^^^^^^^^^^^^^^^^^^^^^
  File "C:\apps\personal\DAFStudio\backend\.venv\Lib\site-packages\asyncpg\pool.py", line 881, in _acquire_impl
    proxy = await ch.acquire()  # type: PoolConnectionProxy
            ^^^^^^^^^^^^^^^^^^
  File "C:\apps\personal\DAFStudio\backend\.venv\Lib\site-packages\asyncpg\pool.py", line 161, in acquire
    await self.connect()
  File "C:\apps\personal\DAFStudio\backend\.venv\Lib\site-packages\asyncpg\pool.py", line 153, in connect
    self._con = await self._pool._get_new_connection()
                ^^^^^^^^^^^^^^^^^^^^^^^^^^^^^^^^^^^^^^
  File "C:\apps\personal\DAFStudio\backend\.venv\Lib\site-packages\asyncpg\pool.py", line 538, in _get_new_connection
    con = await self._connect(
          ^^^^^^^^^^^^^^^^^^^^
    ...<5 lines>...
    )
    ^
  File "C:\apps\personal\DAFStudio\backend\.venv\Lib\site-packages\asyncpg\connection.py", line 2443, in connect
    return await connect_utils._connect(
           ^^^^^^^^^^^^^^^^^^^^^^^^^^^^^
    ...<22 lines>...
    )
    ^
  File "C:\apps\personal\DAFStudio\backend\.venv\Lib\site-packages\asyncpg\connect_utils.py", line 1249, in _connect
    raise last_error or exceptions.TargetServerAttributeNotMatched(
    ...<2 lines>...
    )
  File "C:\apps\personal\DAFStudio\backend\.venv\Lib\site-packages\asyncpg\connect_utils.py", line 1218, in _connect
    conn = await _connect_addr(
           ^^^^^^^^^^^^^^^^^^^^
    ...<6 lines>...
    )
    ^
  File "C:\apps\personal\DAFStudio\backend\.venv\Lib\site-packages\asyncpg\connect_utils.py", line 1054, in _connect_addr
    return await __connect_addr(params, True, *args)
           ^^^^^^^^^^^^^^^^^^^^^^^^^^^^^^^^^^^^^^^^^
  File "C:\apps\personal\DAFStudio\backend\.venv\Lib\site-packages\asyncpg\connect_utils.py", line 1099, in __connect_addr
    tr, pr = await connector
             ^^^^^^^^^^^^^^^
  File "C:\apps\personal\DAFStudio\backend\.venv\Lib\site-packages\asyncpg\connect_utils.py", line 969, in _create_ssl_connection
    tr, pr = await loop.create_connection(
             ^^^^^^^^^^^^^^^^^^^^^^^^^^^^^
    ...<2 lines>...
        host, port)
        ^^^^^^^^^^^
  File "C:\Users\agust\AppData\Roaming\uv\python\cpython-3.14-windows-x86_64-none\Lib\asyncio\base_events.py", line 1176, in create_connection
    raise OSError('Multiple exceptions: {}'.format(
        ', '.join(str(exc) for exc in exceptions)))
OSError: Multiple exceptions: [Errno 10061] Connect call failed ('::1', 5432, 0, 0), [Errno 10061] Connect call failed ('127.0.0.1', 5432)
2026-07-21 22:32:56,035 INFO    apscheduler.executors.default: Job "_run_matcher_job (trigger: interval[0:00:20], next run at: 2026-07-21 22:33:11 CEST)" executed successfully
2026-07-21 22:33:00,702 INFO    apscheduler.executors.default: Running job "_run_matcher_job (trigger: interval[0:00:20], next run at: 2026-07-21 22:33:20 CEST)" (scheduled at 2026-07-21 22:33:00.686898+02:00)
2026-07-21 22:33:04,768 ERROR   dafstudio: [matcher cron] run failed
Traceback (most recent call last):
  File "C:\apps\personal\DAFStudio\backend\loader_app.py", line 58, in _run_matcher_job
    await Matcher().run()
  File "C:\apps\personal\DAFStudio\backend\apps\matchmaking\service\matcher.py", line 138, in run
    await self.expire_stale()
  File "C:\apps\personal\DAFStudio\backend\apps\matchmaking\service\matcher.py", line 149, in expire_stale
    game_ids = await MatchmakingTicketModel().list_stale_game_ids(
               ^^^^^^^^^^^^^^^^^^^^^^^^^^^^^^^^^^^^^^^^^^^^^^^^^^^
        timeout_seconds=ACCEPTANCE_TIMEOUT_SECONDS
        ^^^^^^^^^^^^^^^^^^^^^^^^^^^^^^^^^^^^^^^^^^
    )
    ^
  File "C:\apps\personal\DAFStudio\backend\apps\matchmaking\models\models.py", line 229, in list_stale_game_ids
    async with self.get_db_connection() as connection:
               ~~~~~~~~~~~~~~~~~~~~~~^^
  File "C:\Users\agust\AppData\Roaming\uv\python\cpython-3.14-windows-x86_64-none\Lib\contextlib.py", line 214, in __aenter__
    return await anext(self.gen)
           ^^^^^^^^^^^^^^^^^^^^^
  File "C:\apps\personal\DAFStudio\backend\apps\matchmaking\models\__init__.py", line 16, in get_db_connection
    async with connection_pool.acquire() as connection:
               ~~~~~~~~~~~~~~~~~~~~~~~^^
  File "C:\apps\personal\DAFStudio\backend\.venv\Lib\site-packages\asyncpg\pool.py", line 1056, in __aenter__
    self.connection = await self.pool._acquire(self.timeout)
                      ^^^^^^^^^^^^^^^^^^^^^^^^^^^^^^^^^^^^^^
  File "C:\apps\personal\DAFStudio\backend\.venv\Lib\site-packages\asyncpg\pool.py", line 896, in _acquire
    return await _acquire_impl()
           ^^^^^^^^^^^^^^^^^^^^^
  File "C:\apps\personal\DAFStudio\backend\.venv\Lib\site-packages\asyncpg\pool.py", line 881, in _acquire_impl
    proxy = await ch.acquire()  # type: PoolConnectionProxy
            ^^^^^^^^^^^^^^^^^^
  File "C:\apps\personal\DAFStudio\backend\.venv\Lib\site-packages\asyncpg\pool.py", line 161, in acquire
    await self.connect()
  File "C:\apps\personal\DAFStudio\backend\.venv\Lib\site-packages\asyncpg\pool.py", line 153, in connect
    self._con = await self._pool._get_new_connection()
                ^^^^^^^^^^^^^^^^^^^^^^^^^^^^^^^^^^^^^^
  File "C:\apps\personal\DAFStudio\backend\.venv\Lib\site-packages\asyncpg\pool.py", line 538, in _get_new_connection
    con = await self._connect(
          ^^^^^^^^^^^^^^^^^^^^
    ...<5 lines>...
    )
    ^
  File "C:\apps\personal\DAFStudio\backend\.venv\Lib\site-packages\asyncpg\connection.py", line 2443, in connect
    return await connect_utils._connect(
           ^^^^^^^^^^^^^^^^^^^^^^^^^^^^^
    ...<22 lines>...
    )
    ^
  File "C:\apps\personal\DAFStudio\backend\.venv\Lib\site-packages\asyncpg\connect_utils.py", line 1249, in _connect
    raise last_error or exceptions.TargetServerAttributeNotMatched(
    ...<2 lines>...
    )
  File "C:\apps\personal\DAFStudio\backend\.venv\Lib\site-packages\asyncpg\connect_utils.py", line 1218, in _connect
    conn = await _connect_addr(
           ^^^^^^^^^^^^^^^^^^^^
    ...<6 lines>...
    )
    ^
  File "C:\apps\personal\DAFStudio\backend\.venv\Lib\site-packages\asyncpg\connect_utils.py", line 1054, in _connect_addr
    return await __connect_addr(params, True, *args)
           ^^^^^^^^^^^^^^^^^^^^^^^^^^^^^^^^^^^^^^^^^
  File "C:\apps\personal\DAFStudio\backend\.venv\Lib\site-packages\asyncpg\connect_utils.py", line 1099, in __connect_addr
    tr, pr = await connector
             ^^^^^^^^^^^^^^^
  File "C:\apps\personal\DAFStudio\backend\.venv\Lib\site-packages\asyncpg\connect_utils.py", line 969, in _create_ssl_connection
    tr, pr = await loop.create_connection(
             ^^^^^^^^^^^^^^^^^^^^^^^^^^^^^
    ...<2 lines>...
        host, port)
        ^^^^^^^^^^^
  File "C:\Users\agust\AppData\Roaming\uv\python\cpython-3.14-windows-x86_64-none\Lib\asyncio\base_events.py", line 1176, in create_connection
    raise OSError('Multiple exceptions: {}'.format(
        ', '.join(str(exc) for exc in exceptions)))
OSError: Multiple exceptions: [Errno 10061] Connect call failed ('::1', 5432, 0, 0), [Errno 10061] Connect call failed ('127.0.0.1', 5432)
2026-07-21 22:33:04,770 INFO    apscheduler.executors.default: Job "_run_matcher_job (trigger: interval[0:00:20], next run at: 2026-07-21 22:33:20 CEST)" executed successfully
2026-07-21 22:33:11,960 INFO    apscheduler.executors.default: Running job "_run_matcher_job (trigger: interval[0:00:20], next run at: 2026-07-21 22:33:31 CEST)" (scheduled at 2026-07-21 22:33:11.951514+02:00)
2026-07-21 22:33:16,024 ERROR   dafstudio: [matcher cron] run failed
Traceback (most recent call last):
  File "C:\apps\personal\DAFStudio\backend\loader_app.py", line 58, in _run_matcher_job
    await Matcher().run()
  File "C:\apps\personal\DAFStudio\backend\apps\matchmaking\service\matcher.py", line 138, in run
    await self.expire_stale()
  File "C:\apps\personal\DAFStudio\backend\apps\matchmaking\service\matcher.py", line 149, in expire_stale
    game_ids = await MatchmakingTicketModel().list_stale_game_ids(
               ^^^^^^^^^^^^^^^^^^^^^^^^^^^^^^^^^^^^^^^^^^^^^^^^^^^
        timeout_seconds=ACCEPTANCE_TIMEOUT_SECONDS
        ^^^^^^^^^^^^^^^^^^^^^^^^^^^^^^^^^^^^^^^^^^
    )
    ^
  File "C:\apps\personal\DAFStudio\backend\apps\matchmaking\models\models.py", line 229, in list_stale_game_ids
    async with self.get_db_connection() as connection:
               ~~~~~~~~~~~~~~~~~~~~~~^^
  File "C:\Users\agust\AppData\Roaming\uv\python\cpython-3.14-windows-x86_64-none\Lib\contextlib.py", line 214, in __aenter__
    return await anext(self.gen)
           ^^^^^^^^^^^^^^^^^^^^^
  File "C:\apps\personal\DAFStudio\backend\apps\matchmaking\models\__init__.py", line 16, in get_db_connection
    async with connection_pool.acquire() as connection:
               ~~~~~~~~~~~~~~~~~~~~~~~^^
  File "C:\apps\personal\DAFStudio\backend\.venv\Lib\site-packages\asyncpg\pool.py", line 1056, in __aenter__
    self.connection = await self.pool._acquire(self.timeout)
                      ^^^^^^^^^^^^^^^^^^^^^^^^^^^^^^^^^^^^^^
  File "C:\apps\personal\DAFStudio\backend\.venv\Lib\site-packages\asyncpg\pool.py", line 896, in _acquire
    return await _acquire_impl()
           ^^^^^^^^^^^^^^^^^^^^^
  File "C:\apps\personal\DAFStudio\backend\.venv\Lib\site-packages\asyncpg\pool.py", line 881, in _acquire_impl
    proxy = await ch.acquire()  # type: PoolConnectionProxy
            ^^^^^^^^^^^^^^^^^^
  File "C:\apps\personal\DAFStudio\backend\.venv\Lib\site-packages\asyncpg\pool.py", line 161, in acquire
    await self.connect()
  File "C:\apps\personal\DAFStudio\backend\.venv\Lib\site-packages\asyncpg\pool.py", line 153, in connect
    self._con = await self._pool._get_new_connection()
                ^^^^^^^^^^^^^^^^^^^^^^^^^^^^^^^^^^^^^^
  File "C:\apps\personal\DAFStudio\backend\.venv\Lib\site-packages\asyncpg\pool.py", line 538, in _get_new_connection
    con = await self._connect(
          ^^^^^^^^^^^^^^^^^^^^
    ...<5 lines>...
    )
    ^
  File "C:\apps\personal\DAFStudio\backend\.venv\Lib\site-packages\asyncpg\connection.py", line 2443, in connect
    return await connect_utils._connect(
           ^^^^^^^^^^^^^^^^^^^^^^^^^^^^^
    ...<22 lines>...
    )
    ^
  File "C:\apps\personal\DAFStudio\backend\.venv\Lib\site-packages\asyncpg\connect_utils.py", line 1249, in _connect
    raise last_error or exceptions.TargetServerAttributeNotMatched(
    ...<2 lines>...
    )
  File "C:\apps\personal\DAFStudio\backend\.venv\Lib\site-packages\asyncpg\connect_utils.py", line 1218, in _connect
    conn = await _connect_addr(
           ^^^^^^^^^^^^^^^^^^^^
    ...<6 lines>...
    )
    ^
  File "C:\apps\personal\DAFStudio\backend\.venv\Lib\site-packages\asyncpg\connect_utils.py", line 1054, in _connect_addr
    return await __connect_addr(params, True, *args)
           ^^^^^^^^^^^^^^^^^^^^^^^^^^^^^^^^^^^^^^^^^
  File "C:\apps\personal\DAFStudio\backend\.venv\Lib\site-packages\asyncpg\connect_utils.py", line 1099, in __connect_addr
    tr, pr = await connector
             ^^^^^^^^^^^^^^^
  File "C:\apps\personal\DAFStudio\backend\.venv\Lib\site-packages\asyncpg\connect_utils.py", line 969, in _create_ssl_connection
    tr, pr = await loop.create_connection(
             ^^^^^^^^^^^^^^^^^^^^^^^^^^^^^
    ...<2 lines>...
        host, port)
        ^^^^^^^^^^^
  File "C:\Users\agust\AppData\Roaming\uv\python\cpython-3.14-windows-x86_64-none\Lib\asyncio\base_events.py", line 1176, in create_connection
    raise OSError('Multiple exceptions: {}'.format(
        ', '.join(str(exc) for exc in exceptions)))
OSError: Multiple exceptions: [Errno 10061] Connect call failed ('::1', 5432, 0, 0), [Errno 10061] Connect call failed ('127.0.0.1', 5432)
2026-07-21 22:33:16,026 INFO    apscheduler.executors.default: Job "_run_matcher_job (trigger: interval[0:00:20], next run at: 2026-07-21 22:33:31 CEST)" executed successfully
2026-07-21 22:33:20,695 INFO    apscheduler.executors.default: Running job "_run_matcher_job (trigger: interval[0:00:20], next run at: 2026-07-21 22:33:40 CEST)" (scheduled at 2026-07-21 22:33:20.686898+02:00)
2026-07-21 22:33:24,765 ERROR   dafstudio: [matcher cron] run failed
Traceback (most recent call last):
  File "C:\apps\personal\DAFStudio\backend\loader_app.py", line 58, in _run_matcher_job
    await Matcher().run()
  File "C:\apps\personal\DAFStudio\backend\apps\matchmaking\service\matcher.py", line 138, in run
    await self.expire_stale()
  File "C:\apps\personal\DAFStudio\backend\apps\matchmaking\service\matcher.py", line 149, in expire_stale
    game_ids = await MatchmakingTicketModel().list_stale_game_ids(
               ^^^^^^^^^^^^^^^^^^^^^^^^^^^^^^^^^^^^^^^^^^^^^^^^^^^
        timeout_seconds=ACCEPTANCE_TIMEOUT_SECONDS
        ^^^^^^^^^^^^^^^^^^^^^^^^^^^^^^^^^^^^^^^^^^
    )
    ^
  File "C:\apps\personal\DAFStudio\backend\apps\matchmaking\models\models.py", line 229, in list_stale_game_ids
    async with self.get_db_connection() as connection:
               ~~~~~~~~~~~~~~~~~~~~~~^^
  File "C:\Users\agust\AppData\Roaming\uv\python\cpython-3.14-windows-x86_64-none\Lib\contextlib.py", line 214, in __aenter__
    return await anext(self.gen)
           ^^^^^^^^^^^^^^^^^^^^^
  File "C:\apps\personal\DAFStudio\backend\apps\matchmaking\models\__init__.py", line 16, in get_db_connection
    async with connection_pool.acquire() as connection:
               ~~~~~~~~~~~~~~~~~~~~~~~^^
  File "C:\apps\personal\DAFStudio\backend\.venv\Lib\site-packages\asyncpg\pool.py", line 1056, in __aenter__
    self.connection = await self.pool._acquire(self.timeout)
                      ^^^^^^^^^^^^^^^^^^^^^^^^^^^^^^^^^^^^^^
  File "C:\apps\personal\DAFStudio\backend\.venv\Lib\site-packages\asyncpg\pool.py", line 896, in _acquire
    return await _acquire_impl()
           ^^^^^^^^^^^^^^^^^^^^^
  File "C:\apps\personal\DAFStudio\backend\.venv\Lib\site-packages\asyncpg\pool.py", line 881, in _acquire_impl
    proxy = await ch.acquire()  # type: PoolConnectionProxy
            ^^^^^^^^^^^^^^^^^^
  File "C:\apps\personal\DAFStudio\backend\.venv\Lib\site-packages\asyncpg\pool.py", line 161, in acquire
    await self.connect()
  File "C:\apps\personal\DAFStudio\backend\.venv\Lib\site-packages\asyncpg\pool.py", line 153, in connect
    self._con = await self._pool._get_new_connection()
                ^^^^^^^^^^^^^^^^^^^^^^^^^^^^^^^^^^^^^^
  File "C:\apps\personal\DAFStudio\backend\.venv\Lib\site-packages\asyncpg\pool.py", line 538, in _get_new_connection
    con = await self._connect(
          ^^^^^^^^^^^^^^^^^^^^
    ...<5 lines>...
    )
    ^
  File "C:\apps\personal\DAFStudio\backend\.venv\Lib\site-packages\asyncpg\connection.py", line 2443, in connect
    return await connect_utils._connect(
           ^^^^^^^^^^^^^^^^^^^^^^^^^^^^^
    ...<22 lines>...
    )
    ^
  File "C:\apps\personal\DAFStudio\backend\.venv\Lib\site-packages\asyncpg\connect_utils.py", line 1249, in _connect
    raise last_error or exceptions.TargetServerAttributeNotMatched(
    ...<2 lines>...
    )
  File "C:\apps\personal\DAFStudio\backend\.venv\Lib\site-packages\asyncpg\connect_utils.py", line 1218, in _connect
    conn = await _connect_addr(
           ^^^^^^^^^^^^^^^^^^^^
    ...<6 lines>...
    )
    ^
  File "C:\apps\personal\DAFStudio\backend\.venv\Lib\site-packages\asyncpg\connect_utils.py", line 1054, in _connect_addr
    return await __connect_addr(params, True, *args)
           ^^^^^^^^^^^^^^^^^^^^^^^^^^^^^^^^^^^^^^^^^
  File "C:\apps\personal\DAFStudio\backend\.venv\Lib\site-packages\asyncpg\connect_utils.py", line 1099, in __connect_addr
    tr, pr = await connector
             ^^^^^^^^^^^^^^^
  File "C:\apps\personal\DAFStudio\backend\.venv\Lib\site-packages\asyncpg\connect_utils.py", line 969, in _create_ssl_connection
    tr, pr = await loop.create_connection(
             ^^^^^^^^^^^^^^^^^^^^^^^^^^^^^
    ...<2 lines>...
        host, port)
        ^^^^^^^^^^^
  File "C:\Users\agust\AppData\Roaming\uv\python\cpython-3.14-windows-x86_64-none\Lib\asyncio\base_events.py", line 1176, in create_connection
    raise OSError('Multiple exceptions: {}'.format(
        ', '.join(str(exc) for exc in exceptions)))
OSError: Multiple exceptions: [Errno 10061] Connect call failed ('::1', 5432, 0, 0), [Errno 10061] Connect call failed ('127.0.0.1', 5432)
2026-07-21 22:33:24,767 INFO    apscheduler.executors.default: Job "_run_matcher_job (trigger: interval[0:00:20], next run at: 2026-07-21 22:33:40 CEST)" executed successfully
2026-07-21 22:33:31,961 INFO    apscheduler.executors.default: Running job "_run_matcher_job (trigger: interval[0:00:20], next run at: 2026-07-21 22:33:51 CEST)" (scheduled at 2026-07-21 22:33:31.951514+02:00)
2026-07-21 22:33:36,027 ERROR   dafstudio: [matcher cron] run failed
Traceback (most recent call last):
  File "C:\apps\personal\DAFStudio\backend\loader_app.py", line 58, in _run_matcher_job
    await Matcher().run()
  File "C:\apps\personal\DAFStudio\backend\apps\matchmaking\service\matcher.py", line 138, in run
    await self.expire_stale()
  File "C:\apps\personal\DAFStudio\backend\apps\matchmaking\service\matcher.py", line 149, in expire_stale
    game_ids = await MatchmakingTicketModel().list_stale_game_ids(
               ^^^^^^^^^^^^^^^^^^^^^^^^^^^^^^^^^^^^^^^^^^^^^^^^^^^
        timeout_seconds=ACCEPTANCE_TIMEOUT_SECONDS
        ^^^^^^^^^^^^^^^^^^^^^^^^^^^^^^^^^^^^^^^^^^
    )
    ^
  File "C:\apps\personal\DAFStudio\backend\apps\matchmaking\models\models.py", line 229, in list_stale_game_ids
    async with self.get_db_connection() as connection:
               ~~~~~~~~~~~~~~~~~~~~~~^^
  File "C:\Users\agust\AppData\Roaming\uv\python\cpython-3.14-windows-x86_64-none\Lib\contextlib.py", line 214, in __aenter__
    return await anext(self.gen)
           ^^^^^^^^^^^^^^^^^^^^^
  File "C:\apps\personal\DAFStudio\backend\apps\matchmaking\models\__init__.py", line 16, in get_db_connection
    async with connection_pool.acquire() as connection:
               ~~~~~~~~~~~~~~~~~~~~~~~^^
  File "C:\apps\personal\DAFStudio\backend\.venv\Lib\site-packages\asyncpg\pool.py", line 1056, in __aenter__
    self.connection = await self.pool._acquire(self.timeout)
                      ^^^^^^^^^^^^^^^^^^^^^^^^^^^^^^^^^^^^^^
  File "C:\apps\personal\DAFStudio\backend\.venv\Lib\site-packages\asyncpg\pool.py", line 896, in _acquire
    return await _acquire_impl()
           ^^^^^^^^^^^^^^^^^^^^^
  File "C:\apps\personal\DAFStudio\backend\.venv\Lib\site-packages\asyncpg\pool.py", line 881, in _acquire_impl
    proxy = await ch.acquire()  # type: PoolConnectionProxy
            ^^^^^^^^^^^^^^^^^^
  File "C:\apps\personal\DAFStudio\backend\.venv\Lib\site-packages\asyncpg\pool.py", line 161, in acquire
    await self.connect()
  File "C:\apps\personal\DAFStudio\backend\.venv\Lib\site-packages\asyncpg\pool.py", line 153, in connect
    self._con = await self._pool._get_new_connection()
                ^^^^^^^^^^^^^^^^^^^^^^^^^^^^^^^^^^^^^^
  File "C:\apps\personal\DAFStudio\backend\.venv\Lib\site-packages\asyncpg\pool.py", line 538, in _get_new_connection
    con = await self._connect(
          ^^^^^^^^^^^^^^^^^^^^
    ...<5 lines>...
    )
    ^
  File "C:\apps\personal\DAFStudio\backend\.venv\Lib\site-packages\asyncpg\connection.py", line 2443, in connect
    return await connect_utils._connect(
           ^^^^^^^^^^^^^^^^^^^^^^^^^^^^^
    ...<22 lines>...
    )
    ^
  File "C:\apps\personal\DAFStudio\backend\.venv\Lib\site-packages\asyncpg\connect_utils.py", line 1249, in _connect
    raise last_error or exceptions.TargetServerAttributeNotMatched(
    ...<2 lines>...
    )
  File "C:\apps\personal\DAFStudio\backend\.venv\Lib\site-packages\asyncpg\connect_utils.py", line 1218, in _connect
    conn = await _connect_addr(
           ^^^^^^^^^^^^^^^^^^^^
    ...<6 lines>...
    )
    ^
  File "C:\apps\personal\DAFStudio\backend\.venv\Lib\site-packages\asyncpg\connect_utils.py", line 1054, in _connect_addr
    return await __connect_addr(params, True, *args)
           ^^^^^^^^^^^^^^^^^^^^^^^^^^^^^^^^^^^^^^^^^
  File "C:\apps\personal\DAFStudio\backend\.venv\Lib\site-packages\asyncpg\connect_utils.py", line 1099, in __connect_addr
    tr, pr = await connector
             ^^^^^^^^^^^^^^^
  File "C:\apps\personal\DAFStudio\backend\.venv\Lib\site-packages\asyncpg\connect_utils.py", line 969, in _create_ssl_connection
    tr, pr = await loop.create_connection(
             ^^^^^^^^^^^^^^^^^^^^^^^^^^^^^
    ...<2 lines>...
        host, port)
        ^^^^^^^^^^^
  File "C:\Users\agust\AppData\Roaming\uv\python\cpython-3.14-windows-x86_64-none\Lib\asyncio\base_events.py", line 1176, in create_connection
    raise OSError('Multiple exceptions: {}'.format(
        ', '.join(str(exc) for exc in exceptions)))
OSError: Multiple exceptions: [Errno 10061] Connect call failed ('::1', 5432, 0, 0), [Errno 10061] Connect call failed ('127.0.0.1', 5432)
2026-07-21 22:33:36,029 INFO    apscheduler.executors.default: Job "_run_matcher_job (trigger: interval[0:00:20], next run at: 2026-07-21 22:33:51 CEST)" executed successfully
2026-07-21 22:33:40,698 INFO    apscheduler.executors.default: Running job "_run_matcher_job (trigger: interval[0:00:20], next run at: 2026-07-21 22:34:00 CEST)" (scheduled at 2026-07-21 22:33:40.686898+02:00)
2026-07-21 22:33:44,759 ERROR   dafstudio: [matcher cron] run failed
Traceback (most recent call last):
  File "C:\apps\personal\DAFStudio\backend\loader_app.py", line 58, in _run_matcher_job
    await Matcher().run()
  File "C:\apps\personal\DAFStudio\backend\apps\matchmaking\service\matcher.py", line 138, in run
    await self.expire_stale()
  File "C:\apps\personal\DAFStudio\backend\apps\matchmaking\service\matcher.py", line 149, in expire_stale
    game_ids = await MatchmakingTicketModel().list_stale_game_ids(
               ^^^^^^^^^^^^^^^^^^^^^^^^^^^^^^^^^^^^^^^^^^^^^^^^^^^
        timeout_seconds=ACCEPTANCE_TIMEOUT_SECONDS
        ^^^^^^^^^^^^^^^^^^^^^^^^^^^^^^^^^^^^^^^^^^
    )
    ^
  File "C:\apps\personal\DAFStudio\backend\apps\matchmaking\models\models.py", line 229, in list_stale_game_ids
    async with self.get_db_connection() as connection:
               ~~~~~~~~~~~~~~~~~~~~~~^^
  File "C:\Users\agust\AppData\Roaming\uv\python\cpython-3.14-windows-x86_64-none\Lib\contextlib.py", line 214, in __aenter__
    return await anext(self.gen)
           ^^^^^^^^^^^^^^^^^^^^^
  File "C:\apps\personal\DAFStudio\backend\apps\matchmaking\models\__init__.py", line 16, in get_db_connection
    async with connection_pool.acquire() as connection:
               ~~~~~~~~~~~~~~~~~~~~~~~^^
  File "C:\apps\personal\DAFStudio\backend\.venv\Lib\site-packages\asyncpg\pool.py", line 1056, in __aenter__
    self.connection = await self.pool._acquire(self.timeout)
                      ^^^^^^^^^^^^^^^^^^^^^^^^^^^^^^^^^^^^^^
  File "C:\apps\personal\DAFStudio\backend\.venv\Lib\site-packages\asyncpg\pool.py", line 896, in _acquire
    return await _acquire_impl()
           ^^^^^^^^^^^^^^^^^^^^^
  File "C:\apps\personal\DAFStudio\backend\.venv\Lib\site-packages\asyncpg\pool.py", line 881, in _acquire_impl
    proxy = await ch.acquire()  # type: PoolConnectionProxy
            ^^^^^^^^^^^^^^^^^^
  File "C:\apps\personal\DAFStudio\backend\.venv\Lib\site-packages\asyncpg\pool.py", line 161, in acquire
    await self.connect()
  File "C:\apps\personal\DAFStudio\backend\.venv\Lib\site-packages\asyncpg\pool.py", line 153, in connect
    self._con = await self._pool._get_new_connection()
                ^^^^^^^^^^^^^^^^^^^^^^^^^^^^^^^^^^^^^^
  File "C:\apps\personal\DAFStudio\backend\.venv\Lib\site-packages\asyncpg\pool.py", line 538, in _get_new_connection
    con = await self._connect(
          ^^^^^^^^^^^^^^^^^^^^
    ...<5 lines>...
    )
    ^
  File "C:\apps\personal\DAFStudio\backend\.venv\Lib\site-packages\asyncpg\connection.py", line 2443, in connect
    return await connect_utils._connect(
           ^^^^^^^^^^^^^^^^^^^^^^^^^^^^^
    ...<22 lines>...
    )
    ^
  File "C:\apps\personal\DAFStudio\backend\.venv\Lib\site-packages\asyncpg\connect_utils.py", line 1249, in _connect
    raise last_error or exceptions.TargetServerAttributeNotMatched(
    ...<2 lines>...
    )
  File "C:\apps\personal\DAFStudio\backend\.venv\Lib\site-packages\asyncpg\connect_utils.py", line 1218, in _connect
    conn = await _connect_addr(
           ^^^^^^^^^^^^^^^^^^^^
    ...<6 lines>...
    )
    ^
  File "C:\apps\personal\DAFStudio\backend\.venv\Lib\site-packages\asyncpg\connect_utils.py", line 1054, in _connect_addr
    return await __connect_addr(params, True, *args)
           ^^^^^^^^^^^^^^^^^^^^^^^^^^^^^^^^^^^^^^^^^
  File "C:\apps\personal\DAFStudio\backend\.venv\Lib\site-packages\asyncpg\connect_utils.py", line 1099, in __connect_addr
    tr, pr = await connector
             ^^^^^^^^^^^^^^^
  File "C:\apps\personal\DAFStudio\backend\.venv\Lib\site-packages\asyncpg\connect_utils.py", line 969, in _create_ssl_connection
    tr, pr = await loop.create_connection(
             ^^^^^^^^^^^^^^^^^^^^^^^^^^^^^
    ...<2 lines>...
        host, port)
        ^^^^^^^^^^^
  File "C:\Users\agust\AppData\Roaming\uv\python\cpython-3.14-windows-x86_64-none\Lib\asyncio\base_events.py", line 1176, in create_connection
    raise OSError('Multiple exceptions: {}'.format(
        ', '.join(str(exc) for exc in exceptions)))
OSError: Multiple exceptions: [Errno 10061] Connect call failed ('::1', 5432, 0, 0), [Errno 10061] Connect call failed ('127.0.0.1', 5432)
2026-07-21 22:33:44,760 INFO    apscheduler.executors.default: Job "_run_matcher_job (trigger: interval[0:00:20], next run at: 2026-07-21 22:34:00 CEST)" executed successfully
2026-07-21 22:33:51,956 INFO    apscheduler.executors.default: Running job "_run_matcher_job (trigger: interval[0:00:20], next run at: 2026-07-21 22:34:11 CEST)" (scheduled at 2026-07-21 22:33:51.951514+02:00)
2026-07-21 22:33:56,021 ERROR   dafstudio: [matcher cron] run failed
Traceback (most recent call last):
  File "C:\apps\personal\DAFStudio\backend\loader_app.py", line 58, in _run_matcher_job
    await Matcher().run()
  File "C:\apps\personal\DAFStudio\backend\apps\matchmaking\service\matcher.py", line 138, in run
    await self.expire_stale()
  File "C:\apps\personal\DAFStudio\backend\apps\matchmaking\service\matcher.py", line 149, in expire_stale
    game_ids = await MatchmakingTicketModel().list_stale_game_ids(
               ^^^^^^^^^^^^^^^^^^^^^^^^^^^^^^^^^^^^^^^^^^^^^^^^^^^
        timeout_seconds=ACCEPTANCE_TIMEOUT_SECONDS
        ^^^^^^^^^^^^^^^^^^^^^^^^^^^^^^^^^^^^^^^^^^
    )
    ^
  File "C:\apps\personal\DAFStudio\backend\apps\matchmaking\models\models.py", line 229, in list_stale_game_ids
    async with self.get_db_connection() as connection:
               ~~~~~~~~~~~~~~~~~~~~~~^^
  File "C:\Users\agust\AppData\Roaming\uv\python\cpython-3.14-windows-x86_64-none\Lib\contextlib.py", line 214, in __aenter__
    return await anext(self.gen)
           ^^^^^^^^^^^^^^^^^^^^^
  File "C:\apps\personal\DAFStudio\backend\apps\matchmaking\models\__init__.py", line 16, in get_db_connection
    async with connection_pool.acquire() as connection:
               ~~~~~~~~~~~~~~~~~~~~~~~^^
  File "C:\apps\personal\DAFStudio\backend\.venv\Lib\site-packages\asyncpg\pool.py", line 1056, in __aenter__
    self.connection = await self.pool._acquire(self.timeout)
                      ^^^^^^^^^^^^^^^^^^^^^^^^^^^^^^^^^^^^^^
  File "C:\apps\personal\DAFStudio\backend\.venv\Lib\site-packages\asyncpg\pool.py", line 896, in _acquire
    return await _acquire_impl()
           ^^^^^^^^^^^^^^^^^^^^^
  File "C:\apps\personal\DAFStudio\backend\.venv\Lib\site-packages\asyncpg\pool.py", line 881, in _acquire_impl
    proxy = await ch.acquire()  # type: PoolConnectionProxy
            ^^^^^^^^^^^^^^^^^^
  File "C:\apps\personal\DAFStudio\backend\.venv\Lib\site-packages\asyncpg\pool.py", line 161, in acquire
    await self.connect()
  File "C:\apps\personal\DAFStudio\backend\.venv\Lib\site-packages\asyncpg\pool.py", line 153, in connect
    self._con = await self._pool._get_new_connection()
                ^^^^^^^^^^^^^^^^^^^^^^^^^^^^^^^^^^^^^^
  File "C:\apps\personal\DAFStudio\backend\.venv\Lib\site-packages\asyncpg\pool.py", line 538, in _get_new_connection
    con = await self._connect(
          ^^^^^^^^^^^^^^^^^^^^
    ...<5 lines>...
    )
    ^
  File "C:\apps\personal\DAFStudio\backend\.venv\Lib\site-packages\asyncpg\connection.py", line 2443, in connect
    return await connect_utils._connect(
           ^^^^^^^^^^^^^^^^^^^^^^^^^^^^^
    ...<22 lines>...
    )
    ^
  File "C:\apps\personal\DAFStudio\backend\.venv\Lib\site-packages\asyncpg\connect_utils.py", line 1249, in _connect
    raise last_error or exceptions.TargetServerAttributeNotMatched(
    ...<2 lines>...
    )
  File "C:\apps\personal\DAFStudio\backend\.venv\Lib\site-packages\asyncpg\connect_utils.py", line 1218, in _connect
    conn = await _connect_addr(
           ^^^^^^^^^^^^^^^^^^^^
    ...<6 lines>...
    )
    ^
  File "C:\apps\personal\DAFStudio\backend\.venv\Lib\site-packages\asyncpg\connect_utils.py", line 1054, in _connect_addr
    return await __connect_addr(params, True, *args)
           ^^^^^^^^^^^^^^^^^^^^^^^^^^^^^^^^^^^^^^^^^
  File "C:\apps\personal\DAFStudio\backend\.venv\Lib\site-packages\asyncpg\connect_utils.py", line 1099, in __connect_addr
    tr, pr = await connector
             ^^^^^^^^^^^^^^^
  File "C:\apps\personal\DAFStudio\backend\.venv\Lib\site-packages\asyncpg\connect_utils.py", line 969, in _create_ssl_connection
    tr, pr = await loop.create_connection(
             ^^^^^^^^^^^^^^^^^^^^^^^^^^^^^
    ...<2 lines>...
        host, port)
        ^^^^^^^^^^^
  File "C:\Users\agust\AppData\Roaming\uv\python\cpython-3.14-windows-x86_64-none\Lib\asyncio\base_events.py", line 1176, in create_connection
    raise OSError('Multiple exceptions: {}'.format(
        ', '.join(str(exc) for exc in exceptions)))
OSError: Multiple exceptions: [Errno 10061] Connect call failed ('::1', 5432, 0, 0), [Errno 10061] Connect call failed ('127.0.0.1', 5432)
2026-07-21 22:33:56,022 INFO    apscheduler.executors.default: Job "_run_matcher_job (trigger: interval[0:00:20], next run at: 2026-07-21 22:34:11 CEST)" executed successfully
2026-07-21 22:34:00,694 INFO    apscheduler.executors.default: Running job "_run_matcher_job (trigger: interval[0:00:20], next run at: 2026-07-21 22:34:20 CEST)" (scheduled at 2026-07-21 22:34:00.686898+02:00)
2026-07-21 22:34:04,746 ERROR   dafstudio: [matcher cron] run failed
Traceback (most recent call last):
  File "C:\apps\personal\DAFStudio\backend\loader_app.py", line 58, in _run_matcher_job
    await Matcher().run()
  File "C:\apps\personal\DAFStudio\backend\apps\matchmaking\service\matcher.py", line 138, in run
    await self.expire_stale()
  File "C:\apps\personal\DAFStudio\backend\apps\matchmaking\service\matcher.py", line 149, in expire_stale
    game_ids = await MatchmakingTicketModel().list_stale_game_ids(
               ^^^^^^^^^^^^^^^^^^^^^^^^^^^^^^^^^^^^^^^^^^^^^^^^^^^
        timeout_seconds=ACCEPTANCE_TIMEOUT_SECONDS
        ^^^^^^^^^^^^^^^^^^^^^^^^^^^^^^^^^^^^^^^^^^
    )
    ^
  File "C:\apps\personal\DAFStudio\backend\apps\matchmaking\models\models.py", line 229, in list_stale_game_ids
    async with self.get_db_connection() as connection:
               ~~~~~~~~~~~~~~~~~~~~~~^^
  File "C:\Users\agust\AppData\Roaming\uv\python\cpython-3.14-windows-x86_64-none\Lib\contextlib.py", line 214, in __aenter__
    return await anext(self.gen)
           ^^^^^^^^^^^^^^^^^^^^^
  File "C:\apps\personal\DAFStudio\backend\apps\matchmaking\models\__init__.py", line 16, in get_db_connection
    async with connection_pool.acquire() as connection:
               ~~~~~~~~~~~~~~~~~~~~~~~^^
  File "C:\apps\personal\DAFStudio\backend\.venv\Lib\site-packages\asyncpg\pool.py", line 1056, in __aenter__
    self.connection = await self.pool._acquire(self.timeout)
                      ^^^^^^^^^^^^^^^^^^^^^^^^^^^^^^^^^^^^^^
  File "C:\apps\personal\DAFStudio\backend\.venv\Lib\site-packages\asyncpg\pool.py", line 896, in _acquire
    return await _acquire_impl()
           ^^^^^^^^^^^^^^^^^^^^^
  File "C:\apps\personal\DAFStudio\backend\.venv\Lib\site-packages\asyncpg\pool.py", line 881, in _acquire_impl
    proxy = await ch.acquire()  # type: PoolConnectionProxy
            ^^^^^^^^^^^^^^^^^^
  File "C:\apps\personal\DAFStudio\backend\.venv\Lib\site-packages\asyncpg\pool.py", line 161, in acquire
    await self.connect()
  File "C:\apps\personal\DAFStudio\backend\.venv\Lib\site-packages\asyncpg\pool.py", line 153, in connect
    self._con = await self._pool._get_new_connection()
                ^^^^^^^^^^^^^^^^^^^^^^^^^^^^^^^^^^^^^^
  File "C:\apps\personal\DAFStudio\backend\.venv\Lib\site-packages\asyncpg\pool.py", line 538, in _get_new_connection
    con = await self._connect(
          ^^^^^^^^^^^^^^^^^^^^
    ...<5 lines>...
    )
    ^
  File "C:\apps\personal\DAFStudio\backend\.venv\Lib\site-packages\asyncpg\connection.py", line 2443, in connect
    return await connect_utils._connect(
           ^^^^^^^^^^^^^^^^^^^^^^^^^^^^^
    ...<22 lines>...
    )
    ^
  File "C:\apps\personal\DAFStudio\backend\.venv\Lib\site-packages\asyncpg\connect_utils.py", line 1249, in _connect
    raise last_error or exceptions.TargetServerAttributeNotMatched(
    ...<2 lines>...
    )
  File "C:\apps\personal\DAFStudio\backend\.venv\Lib\site-packages\asyncpg\connect_utils.py", line 1218, in _connect
    conn = await _connect_addr(
           ^^^^^^^^^^^^^^^^^^^^
    ...<6 lines>...
    )
    ^
  File "C:\apps\personal\DAFStudio\backend\.venv\Lib\site-packages\asyncpg\connect_utils.py", line 1054, in _connect_addr
    return await __connect_addr(params, True, *args)
           ^^^^^^^^^^^^^^^^^^^^^^^^^^^^^^^^^^^^^^^^^
  File "C:\apps\personal\DAFStudio\backend\.venv\Lib\site-packages\asyncpg\connect_utils.py", line 1099, in __connect_addr
    tr, pr = await connector
             ^^^^^^^^^^^^^^^
  File "C:\apps\personal\DAFStudio\backend\.venv\Lib\site-packages\asyncpg\connect_utils.py", line 969, in _create_ssl_connection
    tr, pr = await loop.create_connection(
             ^^^^^^^^^^^^^^^^^^^^^^^^^^^^^
    ...<2 lines>...
        host, port)
        ^^^^^^^^^^^
  File "C:\Users\agust\AppData\Roaming\uv\python\cpython-3.14-windows-x86_64-none\Lib\asyncio\base_events.py", line 1176, in create_connection
    raise OSError('Multiple exceptions: {}'.format(
        ', '.join(str(exc) for exc in exceptions)))
OSError: Multiple exceptions: [Errno 10061] Connect call failed ('::1', 5432, 0, 0), [Errno 10061] Connect call failed ('127.0.0.1', 5432)
2026-07-21 22:34:04,748 INFO    apscheduler.executors.default: Job "_run_matcher_job (trigger: interval[0:00:20], next run at: 2026-07-21 22:34:20 CEST)" executed successfully
2026-07-21 22:34:11,958 INFO    apscheduler.executors.default: Running job "_run_matcher_job (trigger: interval[0:00:20], next run at: 2026-07-21 22:34:31 CEST)" (scheduled at 2026-07-21 22:34:11.951514+02:00)
2026-07-21 22:34:16,023 ERROR   dafstudio: [matcher cron] run failed
Traceback (most recent call last):
  File "C:\apps\personal\DAFStudio\backend\loader_app.py", line 58, in _run_matcher_job
    await Matcher().run()
  File "C:\apps\personal\DAFStudio\backend\apps\matchmaking\service\matcher.py", line 138, in run
    await self.expire_stale()
  File "C:\apps\personal\DAFStudio\backend\apps\matchmaking\service\matcher.py", line 149, in expire_stale
    game_ids = await MatchmakingTicketModel().list_stale_game_ids(
               ^^^^^^^^^^^^^^^^^^^^^^^^^^^^^^^^^^^^^^^^^^^^^^^^^^^
        timeout_seconds=ACCEPTANCE_TIMEOUT_SECONDS
        ^^^^^^^^^^^^^^^^^^^^^^^^^^^^^^^^^^^^^^^^^^
    )
    ^
  File "C:\apps\personal\DAFStudio\backend\apps\matchmaking\models\models.py", line 229, in list_stale_game_ids
    async with self.get_db_connection() as connection:
               ~~~~~~~~~~~~~~~~~~~~~~^^
  File "C:\Users\agust\AppData\Roaming\uv\python\cpython-3.14-windows-x86_64-none\Lib\contextlib.py", line 214, in __aenter__
    return await anext(self.gen)
           ^^^^^^^^^^^^^^^^^^^^^
  File "C:\apps\personal\DAFStudio\backend\apps\matchmaking\models\__init__.py", line 16, in get_db_connection
    async with connection_pool.acquire() as connection:
               ~~~~~~~~~~~~~~~~~~~~~~~^^
  File "C:\apps\personal\DAFStudio\backend\.venv\Lib\site-packages\asyncpg\pool.py", line 1056, in __aenter__
    self.connection = await self.pool._acquire(self.timeout)
                      ^^^^^^^^^^^^^^^^^^^^^^^^^^^^^^^^^^^^^^
  File "C:\apps\personal\DAFStudio\backend\.venv\Lib\site-packages\asyncpg\pool.py", line 896, in _acquire
    return await _acquire_impl()
           ^^^^^^^^^^^^^^^^^^^^^
  File "C:\apps\personal\DAFStudio\backend\.venv\Lib\site-packages\asyncpg\pool.py", line 881, in _acquire_impl
    proxy = await ch.acquire()  # type: PoolConnectionProxy
            ^^^^^^^^^^^^^^^^^^
  File "C:\apps\personal\DAFStudio\backend\.venv\Lib\site-packages\asyncpg\pool.py", line 161, in acquire
    await self.connect()
  File "C:\apps\personal\DAFStudio\backend\.venv\Lib\site-packages\asyncpg\pool.py", line 153, in connect
    self._con = await self._pool._get_new_connection()
                ^^^^^^^^^^^^^^^^^^^^^^^^^^^^^^^^^^^^^^
  File "C:\apps\personal\DAFStudio\backend\.venv\Lib\site-packages\asyncpg\pool.py", line 538, in _get_new_connection
    con = await self._connect(
          ^^^^^^^^^^^^^^^^^^^^
    ...<5 lines>...
    )
    ^
  File "C:\apps\personal\DAFStudio\backend\.venv\Lib\site-packages\asyncpg\connection.py", line 2443, in connect
    return await connect_utils._connect(
           ^^^^^^^^^^^^^^^^^^^^^^^^^^^^^
    ...<22 lines>...
    )
    ^
  File "C:\apps\personal\DAFStudio\backend\.venv\Lib\site-packages\asyncpg\connect_utils.py", line 1249, in _connect
    raise last_error or exceptions.TargetServerAttributeNotMatched(
    ...<2 lines>...
    )
  File "C:\apps\personal\DAFStudio\backend\.venv\Lib\site-packages\asyncpg\connect_utils.py", line 1218, in _connect
    conn = await _connect_addr(
           ^^^^^^^^^^^^^^^^^^^^
    ...<6 lines>...
    )
    ^
  File "C:\apps\personal\DAFStudio\backend\.venv\Lib\site-packages\asyncpg\connect_utils.py", line 1054, in _connect_addr
    return await __connect_addr(params, True, *args)
           ^^^^^^^^^^^^^^^^^^^^^^^^^^^^^^^^^^^^^^^^^
  File "C:\apps\personal\DAFStudio\backend\.venv\Lib\site-packages\asyncpg\connect_utils.py", line 1099, in __connect_addr
    tr, pr = await connector
             ^^^^^^^^^^^^^^^
  File "C:\apps\personal\DAFStudio\backend\.venv\Lib\site-packages\asyncpg\connect_utils.py", line 969, in _create_ssl_connection
    tr, pr = await loop.create_connection(
             ^^^^^^^^^^^^^^^^^^^^^^^^^^^^^
    ...<2 lines>...
        host, port)
        ^^^^^^^^^^^
  File "C:\Users\agust\AppData\Roaming\uv\python\cpython-3.14-windows-x86_64-none\Lib\asyncio\base_events.py", line 1176, in create_connection
    raise OSError('Multiple exceptions: {}'.format(
        ', '.join(str(exc) for exc in exceptions)))
OSError: Multiple exceptions: [Errno 10061] Connect call failed ('::1', 5432, 0, 0), [Errno 10061] Connect call failed ('127.0.0.1', 5432)
2026-07-21 22:34:16,024 INFO    apscheduler.executors.default: Job "_run_matcher_job (trigger: interval[0:00:20], next run at: 2026-07-21 22:34:31 CEST)" executed successfully
2026-07-21 22:34:20,690 INFO    apscheduler.executors.default: Running job "_run_matcher_job (trigger: interval[0:00:20], next run at: 2026-07-21 22:34:40 CEST)" (scheduled at 2026-07-21 22:34:20.686898+02:00)
2026-07-21 22:34:24,745 ERROR   dafstudio: [matcher cron] run failed
Traceback (most recent call last):
  File "C:\apps\personal\DAFStudio\backend\loader_app.py", line 58, in _run_matcher_job
    await Matcher().run()
  File "C:\apps\personal\DAFStudio\backend\apps\matchmaking\service\matcher.py", line 138, in run
    await self.expire_stale()
  File "C:\apps\personal\DAFStudio\backend\apps\matchmaking\service\matcher.py", line 149, in expire_stale
    game_ids = await MatchmakingTicketModel().list_stale_game_ids(
               ^^^^^^^^^^^^^^^^^^^^^^^^^^^^^^^^^^^^^^^^^^^^^^^^^^^
        timeout_seconds=ACCEPTANCE_TIMEOUT_SECONDS
        ^^^^^^^^^^^^^^^^^^^^^^^^^^^^^^^^^^^^^^^^^^
    )
    ^
  File "C:\apps\personal\DAFStudio\backend\apps\matchmaking\models\models.py", line 229, in list_stale_game_ids
    async with self.get_db_connection() as connection:
               ~~~~~~~~~~~~~~~~~~~~~~^^
  File "C:\Users\agust\AppData\Roaming\uv\python\cpython-3.14-windows-x86_64-none\Lib\contextlib.py", line 214, in __aenter__
    return await anext(self.gen)
           ^^^^^^^^^^^^^^^^^^^^^
  File "C:\apps\personal\DAFStudio\backend\apps\matchmaking\models\__init__.py", line 16, in get_db_connection
    async with connection_pool.acquire() as connection:
               ~~~~~~~~~~~~~~~~~~~~~~~^^
  File "C:\apps\personal\DAFStudio\backend\.venv\Lib\site-packages\asyncpg\pool.py", line 1056, in __aenter__
    self.connection = await self.pool._acquire(self.timeout)
                      ^^^^^^^^^^^^^^^^^^^^^^^^^^^^^^^^^^^^^^
  File "C:\apps\personal\DAFStudio\backend\.venv\Lib\site-packages\asyncpg\pool.py", line 896, in _acquire
    return await _acquire_impl()
           ^^^^^^^^^^^^^^^^^^^^^
  File "C:\apps\personal\DAFStudio\backend\.venv\Lib\site-packages\asyncpg\pool.py", line 881, in _acquire_impl
    proxy = await ch.acquire()  # type: PoolConnectionProxy
            ^^^^^^^^^^^^^^^^^^
  File "C:\apps\personal\DAFStudio\backend\.venv\Lib\site-packages\asyncpg\pool.py", line 161, in acquire
    await self.connect()
  File "C:\apps\personal\DAFStudio\backend\.venv\Lib\site-packages\asyncpg\pool.py", line 153, in connect
    self._con = await self._pool._get_new_connection()
                ^^^^^^^^^^^^^^^^^^^^^^^^^^^^^^^^^^^^^^
  File "C:\apps\personal\DAFStudio\backend\.venv\Lib\site-packages\asyncpg\pool.py", line 538, in _get_new_connection
    con = await self._connect(
          ^^^^^^^^^^^^^^^^^^^^
    ...<5 lines>...
    )
    ^
  File "C:\apps\personal\DAFStudio\backend\.venv\Lib\site-packages\asyncpg\connection.py", line 2443, in connect
    return await connect_utils._connect(
           ^^^^^^^^^^^^^^^^^^^^^^^^^^^^^
    ...<22 lines>...
    )
    ^
  File "C:\apps\personal\DAFStudio\backend\.venv\Lib\site-packages\asyncpg\connect_utils.py", line 1249, in _connect
    raise last_error or exceptions.TargetServerAttributeNotMatched(
    ...<2 lines>...
    )
  File "C:\apps\personal\DAFStudio\backend\.venv\Lib\site-packages\asyncpg\connect_utils.py", line 1218, in _connect
    conn = await _connect_addr(
           ^^^^^^^^^^^^^^^^^^^^
    ...<6 lines>...
    )
    ^
  File "C:\apps\personal\DAFStudio\backend\.venv\Lib\site-packages\asyncpg\connect_utils.py", line 1054, in _connect_addr
    return await __connect_addr(params, True, *args)
           ^^^^^^^^^^^^^^^^^^^^^^^^^^^^^^^^^^^^^^^^^
  File "C:\apps\personal\DAFStudio\backend\.venv\Lib\site-packages\asyncpg\connect_utils.py", line 1099, in __connect_addr
    tr, pr = await connector
             ^^^^^^^^^^^^^^^
  File "C:\apps\personal\DAFStudio\backend\.venv\Lib\site-packages\asyncpg\connect_utils.py", line 969, in _create_ssl_connection
    tr, pr = await loop.create_connection(
             ^^^^^^^^^^^^^^^^^^^^^^^^^^^^^
    ...<2 lines>...
        host, port)
        ^^^^^^^^^^^
  File "C:\Users\agust\AppData\Roaming\uv\python\cpython-3.14-windows-x86_64-none\Lib\asyncio\base_events.py", line 1176, in create_connection
    raise OSError('Multiple exceptions: {}'.format(
        ', '.join(str(exc) for exc in exceptions)))
OSError: Multiple exceptions: [Errno 10061] Connect call failed ('::1', 5432, 0, 0), [Errno 10061] Connect call failed ('127.0.0.1', 5432)
2026-07-21 22:34:24,746 INFO    apscheduler.executors.default: Job "_run_matcher_job (trigger: interval[0:00:20], next run at: 2026-07-21 22:34:40 CEST)" executed successfully
2026-07-21 22:34:31,961 INFO    apscheduler.executors.default: Running job "_run_matcher_job (trigger: interval[0:00:20], next run at: 2026-07-21 22:34:51 CEST)" (scheduled at 2026-07-21 22:34:31.951514+02:00)
